"","alpha","sigma.sq","theta"
"Acokanthera_oblongifolia",0.152035783035836,0.00785375608725186,7.35040389101678
"Acokanthera_rotundata",0.152035783035836,0.00785375608725186,7.35040389101678
"Acokanthera_oppositifolia",0.152035728414425,0.00785389364268547,7.35040446395199
"Carissa_macrocarpa",0.152025404022722,0.00789165284867537,7.3504965279703
"Carissa_carandas",0.152011638976903,0.00788969593040072,7.35063399249582
"Carissa_spinarum",0.152011638976903,0.00788969593040072,7.35063399249582
"Carissa_ovata",0.152011635139428,0.00788972533525944,7.35063404766999
"Carissa_bispinosa",0.152035657551395,0.00788661201961798,7.35040393288073
"Apocynum_androsaemifolium",0.149266831538468,0.0121988496449862,7.3861723229328
"Apocynum_cannabinum",0.149266831538468,0.0121988496449862,7.3861723229328
"Cleghornia_malaccensis",0.14926909432632,0.0121963474632564,7.38612603357669
"Trachelospermum_jasminoides",0.149259439789707,0.0122022716664035,7.38638044829959
"Trachelospermum_asiaticum",0.149259439789707,0.0122022716664035,7.38638044829959
"Trachelospermum_axillare",0.149259482682872,0.012202255306514,7.38637951188298
"Chonemorpha_fragrans",0.149261017974321,0.0122021804591531,7.38634042010256
"Aganosma_cymosa",0.149256421439712,0.0122037994264371,7.386446559818
"Aganosma_wallichii",0.149256421439712,0.0122037994264371,7.386446559818
"Aganosma_schlechteriana",0.149256666749289,0.0122038130969908,7.38644016717386
"Epigynum_auritum",0.14925692583875,0.0122037398787358,7.38643416449314
"Epigynum_cochinchinense",0.149256997579129,0.0122037092231288,7.38643259054089
"Epigynum_griffithianum",0.149256603928678,0.0122038470828477,7.38644142827601
"Epigynum_ridleyi",0.149256603928678,0.0122038470828477,7.38644142827601
"Ichnocarpus_frutescens",0.149256927183602,0.0122037421097984,7.38643410658987
"Pottsia_laxiflora",0.149260374201658,0.0122023882206824,7.38635594169199
"Amalocalyx_microlobus",0.149260900738025,0.0122023351236938,7.38634218970158
"Micrechites_polyanthus",0.149259176515932,0.0122033007318879,7.38637834501744
"Micrechites_rhombifolius",0.149259176515932,0.0122033007318879,7.38637834501744
"Micrechites_serpyllifolius",0.14925934630985,0.0122031911256538,7.38637498448854
"Parameria_laevigata",0.149262324479843,0.0122022524159662,7.38630349501029
"Urceola_lucida",0.149260831258749,0.0122026295043211,7.38633861018399
"Urceola_minutiflora",0.149260831258749,0.0122026295043211,7.38633861018399
"Urceola_micrantha",0.149261165997075,0.0122025872209837,7.38633047219931
"Urceola_rosea",0.149262348020674,0.012202240882044,7.38630298373734
"Streptoechites_chinensis",0.149269073407912,0.0121961293889625,7.3861326408042
"Amphineurion_marginatum",0.149268811012757,0.0121968298279029,7.38612773360924
"Sindechites_henryi",0.149268811012757,0.0121968298279029,7.38612773360924
"Beaumontia_grandiflora",0.149267454345358,0.0121982078964436,7.38615701094838
"Vallaris_solanacea",0.149267454345358,0.0121982078964436,7.38615701094838
"Anodendron_oblongifolium",0.149269557116802,0.0121961380889248,7.38609986160357
"Anodendron_paniculatum",0.149269557116802,0.0121961380889248,7.38609986160357
"Papuechites_aambe",0.149272600957952,0.01219296651854,7.38603279581439
"Asclepias_incarnata",0.149231622772852,0.0122387123204003,7.38670545895322
"Asclepias_fascicularis",0.149231622772852,0.0122387123204003,7.38670545895322
"Asclepias_angustifolia",0.14923156966616,0.0122387001328851,7.38670690248034
"Asclepias_gentryi",0.14923156966616,0.0122387001328851,7.38670690248034
"Asclepias_linearis",0.149231496915564,0.0122387229636048,7.38670852395106
"Asclepias_verticillata",0.149231496915564,0.0122387229636048,7.38670852395106
"Asclepias_perennis",0.149231493183475,0.0122387230404057,7.38670861673503
"Asclepias_subverticillata",0.149231482992295,0.0122387229379718,7.38670887265405
"Asclepias_texana",0.149231482992295,0.0122387229379718,7.38670887265405
"Asclepias_mexicana",0.149231582972356,0.0122387180634456,7.38670640790497
"Asclepias_pumila",0.149231582972356,0.0122387180634456,7.38670640790497
"Asclepias_woodsoniana",0.149231600885122,0.012238716093709,7.3867059762161
"Asclepias_barjoniifolia",0.14923235858298,0.012238411287231,7.38668943601679
"Asclepias_mellodora",0.14923235858298,0.012238411287231,7.38668943601679
"Asclepias_boliviensis",0.149232358710758,0.0122384113317838,7.38668943243576
"Asclepias_candida",0.149232360857259,0.0122384121947193,7.38668937117374
"Asclepias_flava",0.149232369150698,0.0122384150094412,7.38668913889136
"Asclepias_curassavica",0.14923240092152,0.0122384421997769,7.38668809584163
"Asclepias_nivea",0.14923240092152,0.0122384421997769,7.38668809584163
"Asclepias_pratensis",0.149233322415358,0.0122384821732312,7.38666413162799
"Asclepias_albicans",0.14923263646935,0.0122384006098663,7.3866822963555
"Asclepias_subaphylla",0.14923263646935,0.0122384006098663,7.3866822963555
"Asclepias_masonii",0.149232631102667,0.0122383963675832,7.38668246963433
"Asclepias_subulata",0.149232631102667,0.0122383963675832,7.38668246963433
"Asclepias_leptopus",0.149232810119887,0.0122384342559263,7.38667761583207
"Asclepias_cutleri",0.149233135838635,0.0122384826063836,7.38666889527138
"Asclepias_mcvaughii",0.149233355489705,0.0122384767361249,7.38666331688491
"Asclepias_cordifolia",0.149233331596054,0.0122384981278995,7.38666371730765
"Asclepias_linaria",0.149233331596054,0.0122384981278995,7.38666371730765
"Asclepias_syriaca",0.14922999537397,0.0122404959496425,7.38673175792567
"Asclepias_tuberosa",0.14922999537397,0.0122404959496425,7.38673175792567
"Asclepias_michauxii",0.149230005244275,0.0122404976132211,7.38673149600095
"Asclepias_obovata",0.149230005336817,0.012240497723199,7.38673149265801
"Asclepias_rubra",0.149230005336817,0.012240497723199,7.38673149265801
"Asclepias_quadrifolia",0.149230114693361,0.0122405067262513,7.38672866653213
"Asclepias_exaltata",0.149230127506694,0.012240507170302,7.3867283401143
"Asclepias_hallii",0.149230206555878,0.0122405059940249,7.38672635897739
"Asclepias_speciosa",0.149230414559197,0.0122404999430098,7.3867211545562
"Asclepias_amplexicaulis",0.149230459622031,0.0122404962914983,7.38672004483445
"Asclepias_ovalifolia",0.149230464171681,0.0122404956155736,7.38671993545753
"Asclepias_hirtella",0.149230470505888,0.0122404943338233,7.38671978613339
"Asclepias_purpurascens",0.149230402832552,0.0122404875473002,7.38672154846557
"Asclepias_variegata",0.149230402832552,0.0122404875473002,7.38672154846557
"Asclepias_lanceolata",0.149230413267503,0.0122404793905861,7.38672135548965
"Asclepias_longifolia",0.149230413267503,0.0122404793905861,7.38672135548965
"Asclepias_arenaria",0.149230458790728,0.0122403694598172,7.38672114156848
"Asclepias_emoryi",0.149230432383654,0.012240360704059,7.38672188069592
"Asclepias_oenotheroides",0.149230432383654,0.012240360704059,7.38672188069592
"Asclepias_nyctaginifolia",0.149230431731194,0.0122403604288362,7.38672189946011
"Asclepias_standleyi",0.149230431731194,0.0122403604288362,7.38672189946011
"Asclepias_prostrata",0.149230577871408,0.0122404182630775,7.38671770482381
"Asclepias_feayi",0.149230665776922,0.0122404443764982,7.38671524311087
"Asclepias_tomentosa",0.149230665776922,0.0122404443764982,7.38671524311087
"Asclepias_curtissii",0.149230640694177,0.0122404543821666,7.38671578846608
"Asclepias_engelmanniana",0.149230640694177,0.0122404543821666,7.38671578846608
"Asclepias_eriocarpa",0.149230662624684,0.0122404483059912,7.38671529056861
"Asclepias_solanoana",0.14923067016511,0.0122404459944828,7.38671512105079
"Asclepias_elata",0.149230491679743,0.0122403589075146,7.38672040290938
"Asclepias_mirifica",0.149230491679743,0.0122403589075146,7.38672040290938
"Asclepias_glaucescens",0.149230499196301,0.0122403619256613,7.38672018783472
"Asclepias_lynchiana",0.149230499196301,0.0122403619256613,7.38672018783472
"Asclepias_latifolia",0.149230605627297,0.0122403987977891,7.38671717260577
"Asclepias_macroura",0.149230605627297,0.0122403987977891,7.38671717260577
"Asclepias_ruthiae",0.149230771857306,0.01224028481661,7.38671392293285
"Asclepias_uncialis",0.149230771857306,0.01224028481661,7.38671392293285
"Asclepias_sanjuanensis",0.149230772752139,0.012240284908718,7.38671389976673
"Asclepias_involucrata",0.149230566594412,0.0122402787376881,7.38671915827844
"Asclepias_welshii",0.149230566594412,0.0122402787376881,7.38671915827844
"Asclepias_labriformis",0.149230565974169,0.0122402785710486,7.38671917529134
"Asclepias_macrosperma",0.149230565974169,0.0122402785710486,7.38671917529134
"Asclepias_viridis",0.149230620383577,0.0122402848860968,7.38671775544084
"Asclepias_sullivantii",0.149230957580752,0.0122403540120524,7.38670860501463
"Asclepias_brevipes",0.14923126823751,0.012240017509261,7.38670349074332
"Asclepias_stellifera",0.14923126823751,0.012240017509261,7.38670349074332
"Asclepias_cucullata",0.149231269088467,0.0122400176649173,7.38670346812631
"Asclepias_connivens",0.149230886047303,0.0122402477378863,7.38671126557761
"Asclepias_inaequalis",0.149229975452549,0.0122404700160715,7.38673240354704
"Pachycarpus_appendiculatus",0.149229947183047,0.0122404535390078,7.38673326227076
"Pachycarpus_concolor",0.149229946368905,0.0122404531517663,7.38673328609059
"Pachycarpus_natalensis",0.149229946368905,0.0122404531517663,7.38673328609059
"Pachycarpus_goetzei",0.149229972327579,0.012240469754555,7.3867324844292
"Schizoglossum_eustegioides",0.149229985609028,0.0122404697548421,7.38673215064604
"Cordylogyne_globosa",0.149229997275762,0.0122404688299309,7.38673186555656
"Xysmalobium_involucratum",0.149230004157542,0.0122404680080672,7.38673169975417
"Miraglossum_verticillare",0.149229908522725,0.0122404414842102,7.38673434027623
"Schizoglossum_atropurpureum",0.149229901069085,0.0122404397059909,7.38673454267971
"Schizoglossum_cordifolium",0.149229901069085,0.0122404397059909,7.38673454267971
"Schizoglossum_filiforme",0.149229909261847,0.0122404416073648,7.38673432067405
"Woodia_mucronata",0.149230019060566,0.0122404657757098,7.38673134417936
"Fanninia_caloglossa",0.149230026588417,0.0122404644318931,7.38673116615908
"Pachycarpus_coronarius",0.149230037444402,0.0122404621962039,7.38673091194152
"Asclepias_pedicellata",0.149230043804067,0.0122404605574593,7.38673076547702
"Asclepias_woodii",0.149230043804067,0.0122404605574593,7.38673076547702
"Aspidonepsis_flava",0.149230055915453,0.0122404575042014,7.38673048681485
"Asclepias_viridula",0.149230910555548,0.0122402415468357,7.38671069506428
"Asclepias_erosa",0.149231437730495,0.0122400987865463,7.38669845941528
"Aspidonepsis_diploglossa",0.149231437730495,0.0122400987865463,7.38669845941528
"Asclepias_stenophylla",0.149231458988904,0.0122400866256506,7.38669802269359
"Asclepias_viridiflora",0.14923147072205,0.0122400786465636,7.38669778966154
"Asclepias_albens",0.149231234966067,0.0122401019721882,7.38670355483975
"Xysmalobium_gerrardii",0.149231061147902,0.0122400726689734,7.3867081953182
"Xysmalobium_parviflorum",0.149231061147902,0.0122400726689734,7.3867081953182
"Xysmalobium_tysonianum",0.149231092000513,0.0122400775868886,7.38670737817004
"Asclepias_crispa",0.149231240892379,0.0122401016771241,7.38670340762689
"Asclepias_meadii",0.14923146608905,0.0122400739362762,7.38669794494617
"Gomphocarpus_glaucophyllus",0.149232357555953,0.0122394425895997,7.38668047224066
"Asclepias_humistrata",0.14923235456429,0.0122394259434164,7.38668065644334
"Asclepias_scaposa",0.14923235456429,0.0122394259434164,7.38668065644334
"Asclepias_stathmostelmoides",0.149232868422291,0.0122390715377916,7.38667051555183
"Asclepias_alpestris",0.149230711935658,0.0122398150897254,7.38671934752314
"Asclepias_gibba",0.149230711935658,0.0122398150897254,7.38671934752314
"Aspidoglossum_heterophyllum",0.149230762402568,0.0122398136384382,7.38671809199139
"Gomphocarpus_abyssinicus",0.149230584113986,0.0122398109140429,7.38672260302847
"Gomphocarpus_fruticosus",0.149230584113986,0.0122398109140429,7.38672260302847
"Gomphocarpus_physocarpus",0.14923058460473,0.0122398108945449,7.38672259091995
"Stathmostelma_gigantiflorum",0.14923064498616,0.0122398113892022,7.38672107133143
"Asclepias_aurea",0.149230491673388,0.0122398502769383,7.38672458959388
"Gomphocarpus_cancellatus",0.149230491673388,0.0122398502769383,7.38672458959388
"Asclepias_multicaulis",0.149230521799642,0.0122398518080476,7.38672381997032
"Asclepias_densiflora",0.149230525315539,0.0122398516386223,7.38672373315807
"Asclepias_randii",0.149230533140113,0.0122398509637353,7.38672354234415
"Stenostelma_corniculatum",0.149230533140113,0.0122398509637353,7.38672354234415
"Asclepias_macropus",0.14923057305319,0.0122398406504514,7.3867226304633
"Asclepias_praemorsa",0.14923057305319,0.0122398406504514,7.3867226304633
"Glossostelma_carsonii",0.149230916541712,0.0122397624706453,7.38671461516508
"Pachycarpus_lineolatus",0.149230916541712,0.0122397624706453,7.38671461516508
"Gomphocarpus_tomentosus",0.149230695616711,0.0122397843636718,7.3867199951538
"Pachycarpus_dealbatus",0.149230695616711,0.0122397843636718,7.3867199951538
"Stathmostelma_diversifolium",0.149230696491548,0.0122397842553315,7.38671997419797
"Xysmalobium_undulatum",0.149230698881398,0.0122397839124052,7.38671991733699
"Xysmalobium_fraternum",0.149230769729384,0.0122397659551661,7.38671829541791
"Xysmalobium_kaessneri",0.149230769729384,0.0122397659551661,7.38671829541791
"Xysmalobium_heudelotianum",0.149230771647353,0.0122397677153886,7.3867182313709
"Asclepias_buchwaldii",0.149231290336984,0.0122396429310291,7.38670615215864
"Asclepias_pseudofimbriata",0.149231562631737,0.01223953909788,7.38670009847455
"Stathmostelma_pauciflorum",0.149231911986802,0.0122394031823078,7.3866923299135
"Asclepias_cinerea",0.149235749103632,0.0122365697541291,7.38661881154612
"Asclepias_atroviolacea",0.149231760153441,0.0122372411523056,7.38671519077208
"Asclepias_brachystephana",0.149231721725994,0.0122372400314752,7.38671616377486
"Asclepias_fournieri",0.149231721725994,0.0122372400314752,7.38671616377486
"Asclepias_zanthodacryon",0.149231727352631,0.0122372406744709,7.38671601733095
"Asclepias_circinalis",0.149231719111908,0.0122372375943438,7.38671625150909
"Asclepias_melantha",0.149231719111908,0.0122372375943438,7.38671625150909
"Asclepias_hypoleuca",0.149231718687155,0.0122372370580297,7.38671626699772
"Asclepias_otarioides",0.149231718687155,0.0122372370580297,7.38671626699772
"Asclepias_lemmonii",0.149231700857249,0.0122372382424617,7.38671670225618
"Asclepias_rosea",0.149231700857249,0.0122372382424617,7.38671670225618
"Asclepias_quinquedentata",0.149231701591935,0.0122372383155521,7.38671668324591
"Asclepias_nummularia",0.14923170293785,0.0122372384246111,7.38671664863493
"Asclepias_schaffneri",0.149231745149902,0.0122372419506562,7.38671556020226
"Asclepias_elegantula",0.149231754780916,0.012237241530694,7.38671532225422
"Asclepias_similis",0.14923186995869,0.0122372293673391,7.38671253524918
"Asclepias_virletii",0.14923186995869,0.0122372293673391,7.38671253524918
"Asclepias_notha",0.149231837696477,0.0122372230986125,7.38671339953901
"Asclepias_scheryi",0.149231837696477,0.0122372230986125,7.38671339953901
"Asclepias_vinosa",0.14923185361427,0.0122372271251544,7.38671296498269
"Asclepias_spnovaffpringlei",0.149231855038881,0.012237227287422,7.38671292784915
"Asclepias_auriculata",0.149231908967425,0.0122372267312305,7.38671157888709
"Asclepias_pellucida",0.149231917063115,0.012237225042475,7.38671139005189
"Asclepias_ovata",0.1492319280485,0.0122372225048719,7.38671113595232
"Asclepias_puberula",0.149231943143948,0.0122372187018539,7.38671078951918
"Asclepias_jaliscana",0.149231941052747,0.0122372096468219,7.38671091953708
"Asclepias_jorgeana",0.149231941052747,0.0122372096468219,7.38671091953708
"Asclepias_coulteri",0.149234359745097,0.0122367702294438,7.38665308679702
"Asclepias_macrotis",0.149234359745097,0.0122367702294438,7.38665308679702
"Calotropis_procera",0.149243449730316,0.0122292529828107,7.38648621287019
"Calotropis_gigantea",0.149243449730316,0.0122292529828107,7.38648621287019
"Kanahia_laniflora",0.14924403630544,0.0122294590154297,7.3864693065435
"Pergularia_daemia",0.149247872874078,0.0122269273864933,7.38639210952408
"Oxystelma_esculentum",0.149250443287979,0.012224835137426,7.38633838396868
"Solenostemma_argel",0.149251884045428,0.0122232162169981,7.38630720245594
"Calciphila_galgalensis",0.14925181861555,0.0122226513467881,7.38631942339751
"Calciphila_gillettii",0.14925181861555,0.0122226513467881,7.38631942339751
"Vincetoxicum_atratum",0.149238171151791,0.0122282660884609,7.38664154394628
"Vincetoxicum_pycnostelma",0.149238102917892,0.0122282452891538,7.38664345161627
"Vincetoxicum_acuminatum",0.149238102917892,0.0122282452891538,7.38664345161627
"Vincetoxicum_nipponicum",0.149238103010515,0.0122282453161083,7.38664344905182
"Vincetoxicum_japonicum",0.149238105558888,0.0122282461316497,7.38664337777359
"Vincetoxicum_katoi",0.14923812707381,0.0122282548729088,7.38664275722322
"Vincetoxicum_yamanakae",0.14923812707381,0.0122282548729088,7.38664275722322
"Vincetoxicum_amplexicaule",0.149238168177466,0.012228265849866,7.38664162112778
"Vincetoxicum_mongolicum",0.149237980145697,0.012228404468149,7.38664522456763
"Vincetoxicum_nigrum",0.149237980145697,0.012228404468149,7.38664522456763
"Vincetoxicum_stocksii",0.149237980616725,0.0122284047276793,7.38664521037322
"Vincetoxicum_rossicum",0.149237981239917,0.0122284048282139,7.38664519383284
"Vincetoxicum_hirundinaria",0.14923800586102,0.0122284162015988,7.38664446822507
"Vincetoxicum_magnificum",0.14923800586102,0.0122284162015988,7.38664446822507
"Vincetoxicum_macrophyllum",0.14923801053565,0.0122284189084439,7.3866443259947
"Tylophora_brownii",0.149237894299113,0.0122284039523608,7.38664740166627
"Tylophora_indica",0.14923787339278,0.0122283963473768,7.38664799418055
"Tylophora_villosa",0.14923787339278,0.0122283963473768,7.38664799418055
"Tylophora_tanakae",0.14923787353805,0.0122283963818486,7.38664799024042
"Tylophora_hirsuta",0.149237943389896,0.0122284174697999,7.3866460439382
"Vincetoxicum_inamoenum",0.149238235978677,0.0122284762414486,7.38663806556573
"Tylophora_aristolochioides",0.149238243659496,0.0122284751534585,7.38663787905829
"Tylophora_floribunda",0.149238251152673,0.0122284734725816,7.38663770267611
"Vincetoxicum_carnosum",0.149238654611429,0.0122283711159555,7.38662828455467
"Biondia_henryi",0.149238786859245,0.0122283128259416,7.38662534231927
"Tylophora_biglandulosa",0.149238168380018,0.0122284467667948,7.38663985991802
"Tylophora_japonica",0.149238162325465,0.0122284482642568,7.38663999905031
"Tylophora_oblonga",0.149238160805879,0.0122284486066833,7.38664003425933
"Tylophora_tenuis",0.149238160805879,0.0122284486066833,7.38664003425933
"Tylophora_parviflora",0.149238419372935,0.0122283995508902,7.38663393028744
"Tylophora_flexuosa",0.149238484059741,0.0122283856480573,7.38663241095068
"Tylophora_anomala",0.149238858758387,0.0122280688562679,7.38662564773483
"Tylophora_flanaganii",0.149238858758387,0.0122280688562679,7.38662564773483
"Tylophora_coriacea",0.149238865068368,0.0122280692789182,7.38662548555651
"Tylophora_apiculata",0.149238873986093,0.0122282642669822,7.38662347471638
"Tylophora_tenuipedunculata",0.149238873986093,0.0122282642669822,7.38662347471638
"Tylophora_sylvatica",0.149239050053023,0.0122282438781922,7.38661918985991
"Blyttia_fruticulosa",0.149239361016538,0.0122280294516992,7.38661299537478
"Pleurostelma_cernuum",0.149239361016538,0.0122280294516992,7.38661299537478
"Diplostigma_canescens",0.149239369328849,0.0122280072890729,7.38661297755246
"Goydera_somaliense",0.149239369328849,0.0122280072890729,7.38661297755246
"Tylophora_conspicua",0.149239630924992,0.0122279719595799,7.38660662312247
"Tylophora_heterophylla",0.149239648834096,0.0122279611043943,7.38660625868521
"Pentatropis_madagascariensis",0.149243432245607,0.0122254990487407,7.38652986497341
"Pentatropis_nivalis",0.149243432245607,0.0122254990487407,7.38652986497341
"Cynanchum_abyssinicum",0.149249624704824,0.0122256000959278,7.38635786208274
"Cynanchum_crassiantherae",0.149247442259765,0.0122265683615839,7.38640828410706
"Cynanchum_rubricoronae",0.149247442259765,0.0122265683615839,7.38640828410706
"Cynanchum_hastifolium",0.149247599203919,0.0122267320752489,7.38640279875605
"Cynanchum_orangeanum",0.149248049043617,0.0122268284613472,7.38639032137983
"Cynanchum_praecox",0.149248049043617,0.0122268284613472,7.38639032137983
"Cynanchum_ovalifolium",0.149250766140328,0.0122244017328038,7.3863324414029
"Cynanchum_acutum",0.149251892650035,0.0122232387835901,7.38630600420444
"Cynanchum_auriculatum",0.149250901999801,0.0122243143338157,7.3863281856559
"Cynanchum_blandum",0.149248245596638,0.0122270874120473,7.38638212008291
"Cynanchum_montevidense",0.149248245596638,0.0122270874120473,7.38638212008291
"Metalepis_albiflora",0.149249057546872,0.0122263517245835,7.38636628870306
"Cynanchum_roulinioides",0.149250226890976,0.0122250608134683,7.38634249548598
"Cynanchum_foetidum",0.14924998030728,0.0122247962182134,7.38635561228794
"Cynanchum_ligulatum",0.14924998030728,0.0122247962182134,7.38635561228794
"Cynanchum_laeve",0.149251189599959,0.0122239805251585,7.38632212729497
"Cynanchum_boudieri",0.149250799418777,0.0122244090690114,7.38633104070488
"Glossonema_boveanum",0.149247944565348,0.0122266942123581,7.38639391300924
"Odontanthera_radians",0.149247944565348,0.0122266942123581,7.38639391300924
"Pentarrhinum_abyssinicum",0.149248023106623,0.0122269227233079,7.38638994698208
"Pentarrhinum_insipidum",0.149248023106623,0.0122269227233079,7.38638994698208
"Pentarrhinum_somaliense",0.149249553897492,0.0122257534594317,7.38635834001023
"Pentarrhinum_gonoloboides",0.149249560981376,0.0122257458044696,7.38635818799841
"Cynanchum_wilfordii",0.149251127092445,0.0122240583599115,7.38632361711308
"Cynanchum_obtusifolium",0.14925086553896,0.0122244373715625,7.38632633078558
"Cynanchum_rungweense",0.14925086553896,0.0122244373715625,7.38632633078558
"Cynanchum_falcatum",0.149251751872916,0.0122233919121894,7.38630922417208
"Cynanchum_floribundum",0.149251712347416,0.0122234959686637,7.38630827796711
"Cynanchum_polyanthum",0.149251712347416,0.0122234959686637,7.38630827796711
"Cynanchum_africanum",0.149248454473281,0.0122240423969638,7.38640328110623
"Cynanchum_meyeri",0.149248454473281,0.0122240423969638,7.38640328110623
"Cynanchum_altiscandens",0.149248285741336,0.0122238294598636,7.3864095064901
"Cynanchum_natalitium",0.149248285741336,0.0122238294598636,7.3864095064901
"Cynanchum_ellipticum",0.149248309503992,0.0122238284787877,7.38640892140645
"Cynanchum_thesioides",0.14925022021772,0.0122246962860908,7.38634614470151
"Metaplexis_japonica",0.14925022021772,0.0122246962860908,7.38634614470151
"Cynanchum_ampanihense",0.149237994829773,0.012226806736833,7.38665716393471
"Cynanchum_folotsioides",0.149237989232656,0.0122268041698541,7.386657327302
"Cynanchum_implicatum",0.149237989232656,0.0122268041698541,7.386657327302
"Cynanchum_mevei",0.149238011718732,0.0122268116075445,7.3866566963551
"Cynanchum_sigridiae",0.149238012359741,0.0122268117023905,7.38665667941466
"Cynanchum_gerrardii",0.149238009477833,0.012226811108891,7.38665675706566
"Cynanchum_julianimarnieri",0.149237996453743,0.0122268057438014,7.38665713209798
"Cynanchum_radiatum",0.149237996453743,0.0122268057438014,7.38665713209798
"Cynanchum_appendiculatopsis",0.149238071756838,0.0122268146954575,7.38665515993836
"Cynanchum_insigne",0.149238070340402,0.0122268147487546,7.38665519496681
"Cynanchum_marnieranum",0.149238070340402,0.0122268147487546,7.38665519496681
"Cynanchum_messeri",0.149238217828275,0.0122268071045288,7.38665154886316
"Cynanchum_grandidieri",0.149238605958307,0.0122268022179739,7.38664174614024
"Cynanchum_rauhianum",0.149238605958307,0.0122268022179739,7.38664174614024
"Cynanchum_pachycladon",0.14923867010959,0.0122268039107394,7.38664011487279
"Cynanchum_rossii",0.149238751795963,0.0122267964045257,7.3866381119758
"Cynanchum_pycnoneuroides",0.149238756501646,0.0122267954232208,7.38663800074611
"Cynanchum_obovatum",0.149238760202386,0.0122267944592931,7.38663791500036
"Cynanchum_erythranthum",0.149238670084836,0.0122267879522301,7.38664025206491
"Cynanchum_sessiliflorum",0.149238670084836,0.0122267879522301,7.38664025206491
"Cynanchum_crassipedicellatum",0.149238772485731,0.0122267904246593,7.38663763782968
"Cynanchum_papillatum",0.149238780479156,0.012226787408856,7.38663746093704
"Cynanchum_macranthum",0.149238789717035,0.0122267836640079,7.38663725884437
"Cynanchum_angavokeliense",0.14923872440231,0.012226727101409,7.38663942539459
"Cynanchum_itremense",0.149238722506883,0.0122267260314754,7.38663948254399
"Cynanchum_moramangense",0.149238722506883,0.0122267260314754,7.38663948254399
"Cynanchum_arenarium",0.149238821580927,0.0122267695033141,7.38663657303374
"Cynanchum_verrucosum",0.149238858654769,0.0122267518768638,7.38663578563849
"Cynanchum_perrieri",0.149238894703448,0.0122267339901852,7.38663502697362
"Cynanchum_madagascariense",0.149239210130928,0.012226573966436,7.38662842850908
"Cynanchum_toliari",0.149239210130928,0.012226573966436,7.38662842850908
"Cynanchum_comorense",0.149239043280618,0.0122265374652523,7.38663297408989
"Cynanchum_phillipsonianum",0.149239031593779,0.0122265388020484,7.386633255936
"Cynanchum_repandum",0.149239031593779,0.0122265388020484,7.386633255936
"Cynanchum_pearsonianum",0.149239312077947,0.012226499930031,7.38662650372651
"Cynanchum_viminale",0.149239312077947,0.012226499930031,7.38662650372651
"Schizostephanus_alatus",0.149253326593614,0.0122215546941729,7.38627714837955
"Anemotrochus_viridivenius",0.14924102032383,0.0122319022017793,7.38652326591781
"Matelea_bicolor",0.149240622093357,0.0122318761554669,7.38653363704335
"Matelea_ekmanii",0.149240622093357,0.0122318761554669,7.38653363704335
"Matelea_correllii",0.149240257066953,0.0122320269127168,7.38654179822333
"Matelea_oblongata",0.149240257066953,0.0122320269127168,7.38654179822333
"Matelea_nipensis",0.149240476718267,0.0122321579398115,7.38653501374815
"Matelea_phainops",0.149240653152391,0.012232098562106,7.3865310311061
"Matelea_sintenisii",0.149240994826788,0.0122319850337147,7.38652299619941
"Matelea_variifolia",0.149240994826788,0.0122319850337147,7.38652299619941
"Macroscepis_hirsuta",0.149241631061343,0.0122313783760352,7.38651148098613
"Schubertia_grandiflora",0.149241631061343,0.0122313783760352,7.38651148098613
"Matelea_rubra",0.149241833198012,0.0122315549988865,7.38650471633783
"Matelea_tamnifolia",0.14924273668262,0.0122312799336866,7.38648372065073
"Dictyanthus_parviflorus",0.149240055161356,0.0122325264417006,7.38654290893778
"Dictyanthus_reticulatus",0.149240055161356,0.0122325264417006,7.38654290893778
"Matelea_gonoloboides",0.149240415585416,0.0122323458150885,7.38653534604913
"Matelea_cordata",0.149239394113054,0.0122320856524629,7.38656384088229
"Matelea_cordifolia",0.149239394113054,0.0122320856524629,7.38656384088229
"Polystemma_virdiflorum",0.149239396523366,0.0122320848399653,7.38656378764405
"Polystemma_guatemalense",0.149239407593552,0.0122320808709594,7.38656354517182
"Matelea_lanata",0.149241215349148,0.0122319673357283,7.38651798510617
"Matelea_reticulata",0.149241215349148,0.0122319673357283,7.38651798510617
"Matelea_pubiflora",0.149242020094858,0.012231621272939,7.38649980647175
"Matelea_inconspicua",0.149241437650947,0.012232004762457,7.38651139894426
"Prosthecidiscus_guatemalensis",0.149241437650947,0.012232004762457,7.38651139894426
"Matelea_trachyantha",0.149242011735749,0.0122317354847639,7.38649869884749
"Suberogerens_cyclophylla",0.149242011735749,0.0122317354847639,7.38649869884749
"Matelea_pedalis",0.149243192441613,0.012231021913331,7.38647393081698
"Gonolobus_albomarginatus",0.149238846343344,0.0122315106618233,7.38658374848725
"Gonolobus_fraternus",0.149238846343344,0.0122315106618233,7.38658374848725
"Gonolobus_breedlovei",0.149238974396267,0.0122315578842899,7.38658007640792
"Gonolobus_niger",0.149238976545244,0.0122315574327543,7.38658002600053
"Gonolobus_iyanolensis",0.149238963423751,0.0122312647351995,7.38658300096409
"Gonolobus_waitukubuliensis",0.149238963423751,0.0122312647351995,7.38658300096409
"Gonolobus_jamaicensis",0.149238962084041,0.0122312651596182,7.38658303056766
"Gonolobus_uniflorus",0.149238962084041,0.0122312651596182,7.38658303056766
"Gonolobus_stephanotrichus",0.149238967118083,0.012231265417117,7.38658290218088
"Gonolobus_suberosus",0.149240433297814,0.0122313074684809,7.3865447997623
"Gonolobus_arizonicus",0.14923860405058,0.0122312162210583,7.38659262677937
"Gonolobus_gonoloboides",0.14923860014743,0.0122312162843881,7.38659272440262
"Gonolobus_grandiflorus",0.149238563931226,0.0122312084105207,7.38659370686856
"Gonolobus_jaliscensis",0.149238563931226,0.0122312084105207,7.38659370686856
"Gonolobus_barbatus",0.149238756810124,0.0122312002994459,7.38658890418288
"Gonolobus_bibarbatus",0.149238756334533,0.0122312002344061,7.38658891667478
"Gonolobus_pectinatus",0.149238756334533,0.0122312002344061,7.38658891667478
"Gonolobus_chloranthus",0.149238792523106,0.0122313010106161,7.38658707711765
"Gonolobus_xanthotrichus",0.149238792523106,0.0122313010106161,7.38658707711765
"Gonolobus_stenosepalus",0.149244284142828,0.0122303065908254,7.38645164429942
"Diplolepis_biflora",0.149242424710456,0.0122285415174401,7.38651889943606
"Diplolepis_mucronata",0.149242424710456,0.0122285415174401,7.38651889943606
"Diplolepis_bulligera",0.149241428085567,0.0122289603930216,7.38654055745761
"Diplolepis_nummulariifolia",0.149241428085567,0.0122289603930216,7.38654055745761
"Diplolepis_descolei",0.149241425639976,0.012228969994391,7.38654053114382
"Diplolepis_diemii",0.149241425639976,0.012228969994391,7.38654053114382
"Diplolepis_pachyphylla",0.149241646398689,0.0122289730396872,7.38653491829016
"Jobinia_formosa",0.149240493205788,0.012229955844506,7.38655670945951
"Jobinia_lindbergii",0.149240389190491,0.01223001568571,7.38655881957846
"Jobinia_streptantha",0.149240377335964,0.0122300225245614,7.38655905918087
"Jobinia_tarmensis",0.149240377335964,0.0122300225245614,7.38655905918087
"Orthosia_ellemannii",0.149239813411711,0.0122299361086748,7.38657419565965
"Orthosia_kunthii",0.149239813411711,0.0122299361086748,7.38657419565965
"Orthosia_urceolata",0.1492398782482,0.0122299358839685,7.38657256493946
"Orthosia_scoparia",0.149240074362505,0.0122299242614655,7.38656770468237
"Scyphostelma_beckii",0.149241138062449,0.012229708957324,7.38654212003543
"Scyphostelma_microphyllum",0.149241138062449,0.012229708957324,7.38654212003543
"Scyphostelma_harlingii",0.149241466207901,0.0122295671599903,7.386535047388
"Tassadia_berteroana",0.149245758337942,0.012228530307406,7.38642717397737
"Tassadia_obovata",0.149245758337942,0.012228530307406,7.38642717397737
"Tassadia_guianensis",0.149245903208698,0.0122284574327994,7.38642418569327
"Araujia_angustifolia",0.149240464166399,0.0122299197656424,7.3865592707516
"Araujia_sericifera",0.149240464166399,0.0122299197656424,7.3865592707516
"Araujia_odorata",0.149240230038676,0.0122297866146863,7.38656645874415
"Araujia_plumosa",0.149240230038676,0.0122297866146863,7.38656645874415
"Philibertia_boliviana",0.149238220358843,0.0122303487098403,7.38661330459643
"Philibertia_discolor",0.149238220358843,0.0122303487098403,7.38661330459643
"Philibertia_candolleana",0.149237841341131,0.0122304639255438,7.38662190477107
"Philibertia_lysimachioides",0.149237841341131,0.0122304639255438,7.38662190477107
"Philibertia_fontellae",0.149237761757983,0.0122304554464267,7.38662398732835
"Philibertia_peduncularis",0.149237761757983,0.0122304554464267,7.38662398732835
"Philibertia_gilliesii",0.149237775702803,0.0122304663508618,7.38662353622636
"Philibertia_picta",0.149237775702803,0.0122304663508618,7.38662353622636
"Philibertia_globiflora",0.149237770875158,0.0122304482970134,7.38662382217255
"Philibertia_multiflora",0.149237770875158,0.0122304482970134,7.38662382217255
"Philibertia_parviflora",0.149237871285149,0.0122304554975166,7.38662122412144
"Tweedia_brunonis",0.149240619921291,0.0122298787726243,7.38655565112401
"Oxypetalum_appendiculatum",0.149237947253973,0.0122305837410712,7.38661828895591
"Oxypetalum_balansae",0.149237843918893,0.0122306071125231,7.38662069145649
"Oxypetalum_banksii",0.149237837962366,0.0122306084544536,7.3866208296718
"Oxypetalum_wightianum",0.149237837962366,0.0122306084544536,7.3866208296718
"Oxypetalum_pentasetum",0.149237774940871,0.0122305957183503,7.38662253611493
"Oxypetalum_sylvestre",0.149237774940871,0.0122305957183503,7.38662253611493
"Oxypetalum_brachystemma",0.149238423537693,0.0122304199254295,7.38660765613259
"Oxypetalum_dactylostelma",0.149238423537693,0.0122304199254295,7.38660765613259
"Oxypetalum_capitatum",0.149238477503841,0.0122304897625084,7.38660560228455
"Oxypetalum_solanoides",0.149238477503841,0.0122304897625084,7.38660560228455
"Oxypetalum_pannosum",0.149239415825623,0.012230290821738,7.38658328047636
"Oxypetalum_warmingii",0.149239415825623,0.012230290821738,7.38658328047636
"Oxypetalum_lanatum",0.149238900133049,0.0122303168582536,7.3865961813873
"Oxypetalum_minarum",0.149238900133049,0.0122303168582536,7.3865961813873
"Oxypetalum_sublanatum",0.149238998319194,0.0122303036134483,7.38659382168965
"Funastrum_arenarium",0.149244321632631,0.0122298620165477,7.38645545699266
"Funastrum_odoratum",0.149244321632631,0.0122298620165477,7.38645545699266
"Pattalias_palustre",0.149244858591999,0.0122294938473369,7.38644498990593
"Funastrum_clausum",0.14924527587752,0.0122292054200336,7.38643673071725
"Barjonia_chlorifolia",0.149237215139236,0.0122345905223706,7.3865976732603
"Barjonia_erecta",0.149236838532876,0.0122347196669397,7.38660605094393
"Barjonia_laxa",0.149236838532876,0.0122347196669397,7.38660605094393
"Barjonia_glazioui",0.149236891226674,0.0122347001782157,7.38660489886834
"Blepharodon_ampliflorum",0.149237381954967,0.0122343719148921,7.38659531817007
"Blepharodon_lineare",0.149237381954967,0.0122343719148921,7.38659531817007
"Gonolobus_parviflorus",0.149237684125231,0.0122344610797666,7.38658681522384
"Petalostelma_martianum",0.14923741943659,0.0122344740877067,7.38659340577422
"Petalostelma_sarcostemma",0.14923741943659,0.0122344740877067,7.38659340577422
"Blepharodon_pictum",0.149238304840466,0.012234249203541,7.38657260072499
"Macroditassa_grandiflora",0.149238304840466,0.012234249203541,7.38657260072499
"Ditassa_auriflora",0.149236936082459,0.0122348133593362,7.38660283566798
"Ditassa_cordeiroana",0.149236847968088,0.0122348518484109,7.38660471657618
"Ditassa_tomentosa",0.149236847968088,0.0122348518484109,7.38660471657618
"Ditassa_eximia",0.149237015589045,0.0122348244245916,7.38660073417575
"Metastelma_myrtifolium",0.149236879694141,0.0122348888810646,7.38660360093387
"Nephradenia_acerosa",0.149236879694141,0.0122348888810646,7.38660360093387
"Ditassa_retusa",0.149237088027484,0.0122347873631754,7.38659922214581
"Blepharodon_bicuspidatum",0.149237678565893,0.0122334788732539,7.38659403860017
"Blepharodon_glaucescens",0.149237622702059,0.0122334623314509,7.38659559257536
"Blepharodon_mucronatum",0.149237622702059,0.0122334623314509,7.38659559257536
"Blepharodon_grandiflorum",0.149237778427319,0.0122334809749918,7.38659150238712
"Blepharodon_manicatum",0.149237778427319,0.0122334809749918,7.38659150238712
"Nephradenia_filipes",0.149238228972138,0.0122333938557468,7.38658087521578
"Hemipogon_andinus",0.149238471082123,0.012233317865945,7.38657537845492
"Hemipogon_sprucei",0.149238471082123,0.012233317865945,7.38657537845492
"Blepharodon_costae",0.149239654179272,0.0122333443431912,7.3865442142512
"Metastelma_giuliettianum",0.149239338791385,0.0122334184389852,7.38655154643279
"Metastelma_harleyi",0.149239338791385,0.0122334184389852,7.38655154643279
"Ditassa_hastata",0.149241291540535,0.0122329239021964,7.38650509506389
"Ditassa_banksii",0.149235347750081,0.0122356257229846,7.38663763494091
"Ditassa_capillaris",0.149235347750081,0.0122356257229846,7.38663763494091
"Ditassa_crassifolia",0.149235547126958,0.012235561792887,7.38663315093637
"Ditassa_conceptionis",0.149235137362105,0.012235720014682,7.38664216927315
"Ditassa_niruri",0.149235132788167,0.0122357137799029,7.3866423420775
"Ditassa_obcordata",0.149235132788167,0.0122357137799029,7.3866423420775
"Ditassa_fasciculata",0.14923525336118,0.0122356818252204,7.38663957524497
"Ditassa_mucronata",0.14923527539024,0.012235678994549,7.38663903329074
"Nautonia_nummularia",0.14923527539024,0.012235678994549,7.38663903329074
"Ditassa_blanchetii",0.149234926341237,0.0122358412188983,7.38664650056405
"Ditassa_pohliana",0.149234926341237,0.0122358412188983,7.38664650056405
"Macroditassa_melantha",0.149234945993091,0.0122358325292378,7.38664608140049
"Ditassa_burchellii",0.149234998202766,0.0122358090125082,7.38664496873453
"Ditassa_rotundifolia",0.149235006749883,0.0122358050371156,7.38664478728702
"Ditassa_hispida",0.149235023347997,0.012235797078217,7.38664443646783
"Hemipogon_abietoides",0.149235595352824,0.0122354550537499,7.38663246952887
"Hemipogon_hatschbachii",0.149235595352824,0.0122354550537499,7.38663246952887
"Hemipogon_hemipogonoides",0.149235614774512,0.0122354465045169,7.3866320557222
"Hemipogon_luteus",0.149235715096582,0.0122354023205895,7.38662991159249
"Hemipogon_carassensis",0.149235729806374,0.0122353955672453,7.38662959881133
"Metastelma_parviflorum",0.149236919180361,0.0122347140225152,7.38660483894612
"Metastelma_schaffneri",0.149236919180361,0.0122347140225152,7.38660483894612
"Gonioanthela_hilariana",0.149236281708226,0.0122347051451088,7.38662109245802
"Peplonia_asteria",0.149236247222077,0.0122347085716196,7.38662192676044
"Peplonia_organensis",0.149236247222077,0.0122347085716196,7.38662192676044
"Macroditassa_macrophylla",0.149236513007064,0.0122346963670502,7.38661533206197
"Macroditassa_adnata",0.149236878211828,0.0122346574966136,7.38660638117217
"Nephradenia_asparagoides",0.14924148162207,0.0122327909561731,7.38650128913948
"Hemipogon_acerosus",0.149241922968154,0.0122324728209178,7.386492593362
"Minaria_polygaloides",0.149241936378657,0.0122324629839285,7.38649233154209
"Hemipogon_harleyi",0.149240563381925,0.0122322314564472,7.386530641473
"Minaria_harleyi",0.149240563381925,0.0122322314564472,7.386530641473
"Minaria_acerosa",0.149239311124443,0.0122316295406558,7.38656826743395
"Minaria_micromeria",0.149239311124443,0.0122316295406558,7.38656826743395
"Minaria_cordata",0.149239152689904,0.0122316581453055,7.38657199181811
"Minaria_grazielae",0.149239152689904,0.0122316581453055,7.38657199181811
"Minaria_decussata",0.149239147443725,0.0122316585712664,7.38657211952108
"Minaria_magisteriana",0.149239147443725,0.0122316585712664,7.38657211952108
"Minaria_ditassoides",0.149239173483587,0.0122316598357975,7.38657145482594
"Monsanima_morrenioides",0.149249809001305,0.012226191362593,7.38633465656069
"Chloropetalum_denticulatum",0.149247377238617,0.0122274420240153,7.38640226648929
"Diplolepis_hieronymi",0.149246879267677,0.0122277662415218,7.38641206273834
"Diplolepis_menziesii",0.149246879267677,0.0122277662415218,7.38641206273834
"Diplolepis_geminiflora",0.149248001083003,0.0122270294458288,7.38638984199796
"Diplolepis_boerhaviifolia",0.149248548110612,0.0122266686015474,7.38637881724146
"Diplolepis_australis",0.149250160333965,0.0122250734763343,7.38634500383672
"Pentacyphus_andinus",0.149252402869359,0.0122224155802433,7.38629945395442
"Pentacyphus_lehmannii",0.149252402869359,0.0122224155802433,7.38629945395442
"Astephanus_triflorus",0.149257901566158,0.0122129971131723,7.38624842420683
"Microloma_tenuifolium",0.149257746169011,0.0122131623534527,7.38625141495154
"Oncinema_lineare",0.149257746169011,0.0122131623534527,7.38625141495154
"Eustegia_minuta",0.149264315242366,0.0122060638727015,7.38611217458425
"Anisotoma_cordifolia",0.149254090171411,0.012213472086515,7.38638459380723
"Sisyranthus_trichostomus",0.149254090171411,0.012213472086515,7.38638459380723
"Riocreuxia_torulosa",0.149254492916797,0.0122135688367932,7.3863734644992
"Neoschumannia_cardinea",0.149254955541749,0.0122129838420245,7.38636646888034
"Neoschumannia_kamerunensis",0.149254955541749,0.0122129838420245,7.38636646888034
"Anomalluma_dodsoniana",0.149243047936353,0.0122201529730338,7.38661624051148
"Anomalluma_mccoyi",0.149243047936353,0.0122201529730338,7.38661624051148
"Desmidorchis_awdeliana",0.14924264298153,0.012220265339749,7.38662554126291
"Desmidorchis_edithae",0.14924264298153,0.012220265339749,7.38662554126291
"Desmidorchis_speciosa",0.149242695370824,0.0122202664154732,7.38662421148359
"Pseudolithos_caputviperae",0.149242726677562,0.012220263342303,7.38662344850607
"Rhytidocaulon_fulleri",0.149242980912781,0.0122202386211591,7.38661720360864
"Australluma_peschii",0.1492409547098,0.0122207269119725,7.38666476253075
"Boucerosia_crenulata",0.149240881787729,0.0122207091386156,7.38666676131353
"Huernia_keniensis",0.149240855360938,0.0122207018284398,7.38666749074825
"Huernia_kennedyana",0.149240855360938,0.0122207018284398,7.38666749074825
"Tromotriche_revoluta",0.149240859044428,0.0122207031298637,7.38666738665464
"Orbea_carnosa",0.149240865323787,0.0122207049628424,7.38666721255159
"Duvalia_angustiloba",0.149240921809153,0.0122207172642273,7.38666567889565
"Duvalia_polita",0.149240921809153,0.0122207172642273,7.38666567889565
"Orbea_variegata",0.149240948365881,0.0122207243213959,7.38666494615063
"Tavaresia_barklyi",0.149240948365881,0.0122207243213959,7.38666494615063
"Stapelia_glanduliflora",0.149240956938372,0.0122207269231011,7.38666470612996
"Stapelia_rufa",0.149240936463757,0.0122207142108048,7.38666533681666
"Tridentea_virescens",0.149240936463757,0.0122207142108048,7.38666533681666
"Orbea_semitubiflora",0.149240905567201,0.0122207072362928,7.38666617812294
"Piaranthus_barrydalensis",0.149240889627274,0.0122207032131775,7.38666661443325
"Piaranthus_decipiens",0.149240889627274,0.0122207032131775,7.38666661443325
"Piaranthus_comptus",0.149240890309008,0.0122207033575072,7.3866665960508
"Tromotriche_longipes",0.149240973704218,0.0122207256898417,7.38666429319615
"Orbea_semota",0.149240984259237,0.0122207242668122,7.38666403868983
"Duvalia_eilensis",0.149240976922284,0.012220716326708,7.3866642920328
"Orbea_prognatha",0.149240976922284,0.012220716326708,7.3866642920328
"Orbeanthus_hardyi",0.149241017822742,0.0122207184005011,7.38666324083918
"Stapelianthus_decaryi",0.149241029938803,0.0122207157376527,7.38666295746229
"Stapelia_leendertziae",0.149241041566084,0.0122207129172693,7.38666268779406
"Hoodia_triebneri",0.149241194398164,0.0122206565770605,7.38665930643555
"Larryleachia_perlata",0.149241171441328,0.0122206457700824,7.38665998234159
"Notechidnopsis_tessellata",0.149241171441328,0.0122206457700824,7.38665998234159
"Lavrania_haagnerae",0.149241249117778,0.012220659204937,7.38665789797234
"Duvaliandra_dioscoridis",0.149243231110522,0.012220200977858,7.38661113195014
"White_sloanea_crassa",0.14924375997547,0.0122200058856097,7.38659911362974
"Echidnopsis_repens",0.149243872423282,0.0122199627218737,7.38659656585121
"Hoodia_gordonii",0.149243631644924,0.0122197702928844,7.3866044346997
"Hoodia_officinalis",0.149243631644924,0.0122197702928844,7.3866044346997
"Quaqua_mammillaris",0.149243631810586,0.012219770333467,7.38660443017778
"Ophionella_arcuata",0.149243654675344,0.0122197787190393,7.38660377900568
"Apteranthes_burchardii",0.14924157097709,0.0122204584041496,7.38665133808561
"Apteranthes_joannis",0.14924157097709,0.0122204584041496,7.38665133808561
"Apteranthes_staintonii",0.149241577940216,0.0122204622668519,7.38665112819445
"Apteranthes_europaea",0.149241585765635,0.0122204692794271,7.38665086700516
"Apteranthes_tuberculata",0.149241585765635,0.0122204692794271,7.38665086700516
"Apteranthes_munbyana",0.149241718811902,0.0122205055923769,7.38664718006219
"Boucerosia_diffusa",0.149241426774493,0.012220540017287,7.38665427189478
"Edithcolea_grandis",0.149241426774493,0.012220540017287,7.38665427189478
"Boucerosia_pauciflora",0.149241462635261,0.0122205488517878,7.38665328838934
"Boucerosia_truncatocoronata",0.149241462635261,0.0122205488517878,7.38665328838934
"Boucerosia_umbellata",0.149241501555937,0.0122205466041655,7.38665232609056
"Monolluma_hexagona",0.149241457418658,0.0122205400207039,7.38665349841782
"Monolluma_solenophora",0.149241457418658,0.0122205400207039,7.38665349841782
"Boucerosia_frerei",0.149241473194766,0.0122205368243463,7.38665312956192
"Boucerosia_indica",0.149241473194766,0.0122205368243463,7.38665312956192
"Boucerosia_procumbens",0.149241482661456,0.0122205449673186,7.38665281702228
"Desmidorchis_acutangula",0.149241503041215,0.0122205002028551,7.38665269430753
"Pseudolithos_migiurtinus",0.149241503041215,0.0122205002028551,7.38665269430753
"Desmidorchis_adenensis",0.149241505749808,0.0122205021186692,7.38665260885835
"Desmidorchis_lavranii",0.149241507576162,0.012220502282139,7.38665256150822
"Caudanthera_edulis",0.14924158148452,0.012220501036898,7.3866507055322
"Caudanthera_sinaica",0.14924158148452,0.012220501036898,7.3866507055322
"Monolluma_quadrangula",0.149241651341641,0.0122204810319409,7.38664911053683
"Monolluma_socotrana",0.149241651341641,0.0122204810319409,7.38664911053683
"Monolluma_cicatricosa",0.149241760358202,0.0122204933926426,7.38664623073955
"Caralluma_arachnoidea",0.149243155179249,0.0122198405690546,7.38661597680388
"Caralluma_dicapuae",0.149243107134258,0.0122198246094989,7.3866173341667
"Caralluma_peckii",0.149243107134258,0.0122198246094989,7.3866173341667
"Caralluma_flavovirens",0.149243099117353,0.0122198224932715,7.38661755453243
"Caralluma_turneri",0.149243099117353,0.0122198224932715,7.38661755453243
"Caralluma_bhupinderana",0.149243179277773,0.01221982927946,7.38661546802535
"Caralluma_stalagmifera",0.149243179266316,0.0122198292788675,7.38661546831599
"Pectinaria_articulata",0.149243179266316,0.0122198292788675,7.38661546831599
"Caralluma_sarkariae",0.149243179302771,0.0122198292877455,7.38661546732369
"Caralluma_subulata",0.149243179355081,0.0122198293049318,7.38661546585674
"Caralluma_priogonium",0.149243179457589,0.0122198293382663,7.38661546298502
"Caralluma_furta",0.149243179679798,0.0122198294097508,7.3866154567665
"Rhytidocaulon_ciliatum",0.149243180271341,0.0122198296015946,7.3866154401937
"Stapeliopsis_neronis",0.149243539473081,0.0122199043052146,7.38660562136617
"Echidnopsis_cereiformis",0.149243613861703,0.0122199932524429,7.38660282905798
"Echidnopsis_dammanniana",0.149243613861703,0.0122199932524429,7.38660282905798
"Echidnopsis_leachii",0.149243775816427,0.0122199686736277,7.38659893682649
"Echidnopsis_squamulata",0.149244268467738,0.0122197128755417,7.38658851185167
"Ceropegia_bulbosa",0.149244130528366,0.0122197662571266,7.38659153901412
"Echidnopsis_malum",0.149244130528366,0.0122197662571266,7.38659153901412
"Brachystelma_naorojii",0.149244313970277,0.0122189037903527,7.38659431988699
"Ceropegia_rollae",0.149244313970277,0.0122189037903527,7.38659431988699
"Ceropegia_intermedia",0.149244336843695,0.0122188960640058,7.38659382342131
"Ceropegia_lawii",0.149244039803415,0.0122188438109131,7.38660180443536
"Ceropegia_maccannii",0.149244026099219,0.0122188390220041,7.38660219213308
"Ceropegia_media",0.149244026099219,0.0122188390220041,7.38660219213308
"Ceropegia_sahyadrica",0.149244041699463,0.012218844064205,7.38660175451518
"Ceropegia_panchganiensis",0.149244044576738,0.0122188442091469,7.38660168095799
"Ceropegia_juncea",0.149245418504314,0.0122189176728258,7.38656582736997
"Ceropegia_dichotoma",0.149247586933418,0.0122173940890415,7.38652341560343
"Leptadenia_arborea",0.149256260144121,0.0122115564169761,7.38634136614407
"Leptadenia_hastata",0.149256260144121,0.0122115564169761,7.38634136614407
"Orthanthera_jasminiflora",0.149256390088727,0.0122115332955858,7.38633830687967
"Orthanthera_albida",0.149256568731527,0.0122114770767067,7.38633431111174
"Heterostemma_piperifolium",0.14926242221811,0.012207520892805,7.38617295772911
"Dischidia_astephana",0.149248516895593,0.0122165061405212,7.38650668495854
"Hoya_affinis",0.149246149748813,0.0122173253470696,7.38656066424043
"Hoya_ariadna",0.14924614521089,0.0122173268799264,7.38656076496026
"Hoya_ciliata",0.14924613957454,0.0122173286485926,7.38656089122618
"Hoya_mariae",0.14924613957454,0.0122173286485926,7.38656089122618
"Hoya_albiflora",0.149245676330627,0.0122177810032065,7.38656919216842
"Hoya_australis",0.149245676330627,0.0122177810032065,7.38656919216842
"Hoya_inflata",0.149245790202381,0.0122178017047581,7.38656610553287
"Hoya_macgillivrayi",0.149245790202381,0.0122178017047581,7.38656610553287
"Hoya_anulata",0.149245839916531,0.0122176770662071,7.38656598438225
"Hoya_bilobata",0.149245599290094,0.0122175417895874,7.38657333320085
"Hoya_heuschkeliana",0.149245599290094,0.0122175417895874,7.38657333320085
"Hoya_tsangii",0.149245599879993,0.0122175419005567,7.38657331743383
"Hoya_kentiana",0.149245616649297,0.0122175460736098,7.38657285921393
"Hoya_serpens",0.149246113664726,0.0122176732752888,7.38655898460659
"Hoya_camphorifolia",0.149244844291923,0.0122180227982734,7.38658855167486
"Hoya_mitrata",0.149244844291923,0.0122180227982734,7.38658855167486
"Hoya_caudata",0.149244553583998,0.0122180745630105,7.38659547028441
"Hoya_curtisii",0.149244553583998,0.0122180745630105,7.38659547028441
"Hoya_lacunosa",0.149244604127294,0.0122180682906453,7.38659425167331
"Hoya_imbricata",0.14924460898398,0.0122180672679513,7.38659413820699
"Hoya_pubicalyx",0.149245017769932,0.0122180029522222,7.38658432866363
"Hoya_carnosa",0.149244735082441,0.0122180631792211,7.38659095824533
"Hoya_kerrii",0.149244728159699,0.0122180652463887,7.38659111425962
"Hoya_meliflua",0.149244728159699,0.0122180652463887,7.38659111425962
"Hoya_manipurensis",0.149245020889693,0.0122180018625685,7.38658425770459
"Hoya_edeni",0.14924710577532,0.012217294630009,7.3865364370205
"Hoya_multiflora",0.14924710577532,0.012217294630009,7.3865364370205
"Hoya_telosmoides",0.149247282031038,0.0122171934037328,7.38653279794346
"Hoya_pauciflora",0.149247093132082,0.0122173001352104,7.38653666343504
"Hoya_retusa",0.149247093132082,0.0122173001352104,7.38653666343504
"Dischidia_hirsuta",0.149250982656698,0.0122152805932725,7.38645262532517
"Marsdenia_billardierei",0.149253265368978,0.0122143806887343,7.38639959831908
"Marsdenia_glabra",0.149253265368978,0.0122143806887343,7.38639959831908
"Gunnessia_pepo",0.14925120473171,0.0122150604895124,7.38644759105223
"Gymnema_sylvestre",0.149249880972291,0.0122157237520093,7.38647582269171
"Marsdenia_carvalhoi",0.149249489678164,0.0122159165069988,7.38648406200683
"Marsdenia_coulteri",0.149249442785655,0.0122159408597265,7.38648503188666
"Marsdenia_suberosa",0.149249442785655,0.0122159408597265,7.38648503188666
"Marsdenia_angolensis",0.149249756917443,0.0122157676194358,7.38647852052559
"Marsdenia_tenacissima",0.149249756917443,0.0122157676194358,7.38647852052559
"Telosma_cordata",0.149250024493073,0.012215653929541,7.38647273805316
"Stephanotis_floribunda",0.149250488298156,0.0122154355725569,7.38646279288671
"Rhyssolobium_dumosum",0.149255413447536,0.0122136060617053,7.3863487069876
"Cibirhiza_albersiana",0.149258908598573,0.0122090806811524,7.38628241195846
"Fockea_capensis",0.149258811138303,0.0122091745928013,7.38628446037997
"Fockea_multiflora",0.149258811138303,0.0122091745928013,7.38628446037997
"Cibirhiza_dhofarensis",0.149258920488068,0.012209068848156,7.38628216883515
"Fockea_edulis",0.149259377297105,0.0122086123923641,7.38627282526169
"Pervillaea_decaryi",0.149256849674748,0.0122067671241797,7.38638895289137
"Pervillaea_phillipsonii",0.149256700672785,0.0122067637843797,7.38639274781456
"Pervillaea_venenata",0.149256700672785,0.0122067637843797,7.38639274781456
"Pervillaea_tomentosa",0.149257546510694,0.0122066975557899,7.38637177593883
"Secamone_alpini",0.14925495110782,0.0122081854931476,7.38642780251735
"Secamonopsis_madagascariensis",0.149254333956313,0.0122085228518633,7.3864406810576
"Secamonopsis_microphylla",0.149254333956313,0.0122085228518633,7.3864406810576
"Secamone_bosseri",0.149250321983561,0.0122097323884578,7.38653487419187
"Secamone_cristata",0.149250321983561,0.0122097323884578,7.38653487419187
"Secamone_geayi",0.149250486266496,0.0122097303159888,7.38653071315854
"Secamone_castanea",0.149250353172389,0.0122097253664769,7.38653417678526
"Secamone_cloiselii",0.149249959155667,0.0122097035321764,7.38654438376385
"Secamone_ecoronata",0.149249959155667,0.0122097035321764,7.38654438376385
"Secamone_urceolata",0.14924996052044,0.0122097034389825,7.386544350251
"Secamone_minutifolia",0.14925004361982,0.0122097031014792,7.38654225531159
"Secamone_humbertii",0.149250555407756,0.0122097126180381,7.38652910868009
"Secamone_buxifolia",0.14925097254269,0.0122094275166983,7.38652089278921
"Secamone_ligustrifolia",0.14925097254269,0.0122094275166983,7.38652089278921
"Secamone_glaberrima",0.149250692599413,0.0122094967543095,7.38652740913851
"Secamone_uncinata",0.149250692599413,0.0122094967543095,7.38652740913851
"Secamone_sparsiflora",0.149250743071827,0.0122094889167529,7.38652620424243
"Secamone_tenuifolia",0.149250743071827,0.0122094889167529,7.38652620424243
"Secamone_elliottii",0.149251166116056,0.0122095915706095,7.3865144292668
"Secamone_elliptica",0.149251065301925,0.0122096425759789,7.38651654291879
"Secamone_falcata",0.149251065301925,0.0122096425759789,7.38651654291879
"Secamone_grandiflora",0.149251177525753,0.0122095854540129,7.38651419244267
"Secamone_oleifolia",0.149254367631069,0.0122085615627323,7.38643952185012
"Secamone_volubilis",0.149254367631069,0.0122085615627323,7.38643952185012
"Toxocarpus_villosus",0.149254750133271,0.0122083142891985,7.38643188071231
"Camptocarpus_mauritianus",0.149254116487919,0.0122060973220304,7.38647882519226
"Cryptostegia_grandiflora",0.149253520427199,0.0122062004646976,7.38649317828451
"Cryptostegia_madagascariensis",0.149253520427199,0.0122062004646976,7.38649317828451
"Pentopetia_grevei",0.149253735784287,0.012206206009676,7.38648763431973
"Hemidesmus_indicus",0.149254010119619,0.0122061383761832,7.38648119647018
"Ischnolepis_graminifolia",0.149254297886008,0.0122060152899521,7.3864748805869
"Cryptolepis_buchananii",0.149253260480173,0.0122061949563668,7.3865000317742
"Cryptolepis_capensis",0.149253252394048,0.0122061983572594,7.38650020611132
"Cryptolepis_oblongifolia",0.149253249811106,0.0122061993941955,7.3865002622391
"Cryptolepis_sinensis",0.149253249811106,0.0122061993941955,7.3865002622391
"Mondia_ecornuta",0.14925292913837,0.0122063931525581,7.38650697950827
"Mondia_whitei",0.14925292913837,0.0122063931525581,7.38650697950827
"Raphionacme_flanaganii",0.149253048199836,0.0122064784792818,7.3865031573307
"Raphionacme_welwitschii",0.149253048199836,0.0122064784792818,7.3865031573307
"Tacazzea_apiculata",0.149253298997039,0.0122063839959047,7.38649758928098
"Raphionacme_galpinii",0.149253445568793,0.0122061516315361,7.38649586095103
"Raphionacme_monteiroae",0.149253445568793,0.0122061516315361,7.38649586095103
"Schlechterella_abyssinica",0.149253733074995,0.0122062248825328,7.38648782149269
"Stomatostemma_monteiroae",0.149253870814796,0.0122061815367148,7.38648465530642
"Finlaysonia_insularum",0.149254131179417,0.0122060763000205,7.386478557599
"Gymnanthera_oblonga",0.149253965461716,0.0122061471231805,7.38648214296313
"Zygostelma_benthamii",0.149253965461716,0.0122061471231805,7.38648214296313
"Periploca_graeca",0.149254426516032,0.0122060026258577,7.38647158587465
"Periploca_laevigata",0.149254426516032,0.0122060026258577,7.38647158587465
"Phyllanthera_grayi",0.14925521907577,0.0122056005504409,7.38645466260162
"Ectadium_latifolium",0.149256790286045,0.0122041408371244,7.38642698923373
"Petopentia_natalensis",0.149256790286045,0.0122041408371244,7.38642698923373
"Baissea_leonensis",0.149267624923661,0.01219922320711,7.38612673260423
"Baissea_multiflora",0.149267624923661,0.01219922320711,7.38612673260423
"Oncinotis_tenuiloba",0.149268606000434,0.0121980752782175,7.38610805684078
"Motandra_guineensis",0.149268943880489,0.0121976780445617,7.3861014392591
"Dewevrella_cochliostema",0.149269916186289,0.0121965409909826,7.38608188088728
"Rhabdadenia_biflora",0.149272162111779,0.0121938912057143,7.38602688484968
"Rhabdadenia_macrostoma",0.149270377074786,0.0121955236479299,7.38606841521318
"Rhabdadenia_pohlii",0.149270377074786,0.0121955236479299,7.38606841521318
"Allomarkgrafia_brenesiana",0.14926016896864,0.0122057248583356,7.38631870953191
"Allomarkgrafia_plumeriiflora",0.14926016896864,0.0122057248583356,7.38631870953191
"Mesechites_mansoanus",0.149259061113556,0.0122064682254291,7.38634058980714
"Mesechites_trifidus",0.149259061113556,0.0122064682254291,7.38634058980714
"Mesechites_minimus",0.149259066019598,0.0122064959105795,7.38634021563331
"Mesechites_roseus",0.149259066019598,0.0122064959105795,7.38634021563331
"Tintinnabularia_gratissima",0.149261429222117,0.0122050525933701,7.3862848601603
"Tintinnabularia_mortonii",0.149261429222117,0.0122050525933701,7.3862848601603
"Forsteronia_acouci",0.1492616908258,0.0122042921904319,7.3862853368748
"Forsteronia_guyanensis",0.1492616908258,0.0122042921904319,7.3862853368748
"Forsteronia_refracta",0.149261296105627,0.0122049464211377,7.38628861764352
"Forsteronia_velloziana",0.149261296105627,0.0122049464211377,7.38628861764352
"Mandevilla_anceps",0.149257747340901,0.0122062547007005,7.38637862945159
"Mandevilla_nerioides",0.149257747340901,0.0122062547007005,7.38637862945159
"Mandevilla_dodsonii",0.149254880729361,0.0122071783397249,7.38644650937353
"Mandevilla_krukovii",0.149254397903024,0.0122071661033052,7.38645900475764
"Mandevilla_leptophylla",0.149254397903024,0.0122071661033052,7.38645900475764
"Mandevilla_lancifolia",0.149254661938535,0.0122072449135755,7.38645153668741
"Mandevilla_hirsuta",0.149254927116448,0.0122071685409227,7.38644541297119
"Mandevilla_rugosa",0.149254048296349,0.0122075517605181,7.38646449418704
"Mandevilla_subsagittata",0.149253975216273,0.0122075848405186,7.38646605142184
"Mandevilla_subspicata",0.149253975216273,0.0122075848405186,7.38646605142184
"Mandevilla_scabra",0.149254418411399,0.0122073909632636,7.38645649689101
"Mandevilla_longiflora",0.149256669093731,0.0122060291519701,7.38640924668915
"Mandevilla_velame",0.149256669093731,0.0122060291519701,7.38640924668915
"Mandevilla_martii",0.149256936569825,0.0122060595037117,7.38640215563701
"Mandevilla_callista",0.149258191289648,0.0122062573190335,7.38636678542685
"Mandevilla_funiformis",0.149258191289648,0.0122062573190335,7.38636678542685
"Mandevilla_atroviolacea",0.149253468705782,0.0122049825397945,7.38650218880192
"Mandevilla_pendula",0.149253460042776,0.0122049810325949,7.38650242098391
"Mandevilla_sellowii",0.149253460042776,0.0122049810325949,7.38650242098391
"Mandevilla_urophylla",0.149253483315773,0.0122049842968955,7.38650180415329
"Mandevilla_coccinea",0.149253440355538,0.0122049794042471,7.38650293294875
"Mandevilla_illustris",0.149253433751375,0.0122049775699109,7.3865031162023
"Mandevilla_pohliana",0.149253433751375,0.0122049775699109,7.3865031162023
"Mandevilla_spigeliiflora",0.149253439507951,0.0122049792677541,7.38650295555619
"Mandevilla_splendens",0.149253472853971,0.0122049844369115,7.38650206710982
"Mandevilla_venulosa",0.149253491399312,0.012204986181742,7.38650158290428
"Mandevilla_boliviensis",0.149253522827153,0.0122049867710905,7.38650078375913
"Mandevilla_martiana",0.149253590458652,0.0122049806093202,7.38649913125027
"Mandevilla_moricandiana",0.149253600426358,0.0122049793157718,7.38649889115908
"Mandevilla_fragrans",0.149254348322979,0.0122049035528282,7.38648060190045
"Mandevilla_duartei",0.149256201369683,0.0122049582686659,7.38643228025385
"Mandevilla_myriophyllum",0.149256504648718,0.012205368399166,7.38642000668223
"Mandevilla_pycnantha",0.149256267991241,0.012205437421623,7.38642539768139
"Mandevilla_tenuifolia",0.149256267991241,0.012205437421623,7.38642539768139
"Mandevilla_brachysiphon",0.149255552060185,0.0122058466404451,7.38644034131486
"Mandevilla_nacapulensis",0.149255552060185,0.0122058466404451,7.38644034131486
"Mandevilla_hypoleuca",0.149255559805307,0.012205848530544,7.38644012898986
"Mandevilla_karwinskii",0.149255723685049,0.0122059475557219,7.38643504680063
"Mandevilla_convolvulacea",0.149255240125743,0.0122063481024654,7.38644382116945
"Mandevilla_oaxacana",0.149255023745279,0.0122064388425657,7.386448502621
"Mandevilla_tubiflora",0.149255023745279,0.0122064388425657,7.386448502621
"Mandevilla_syrinx",0.149255129901387,0.0122063969872683,7.38644618503693
"Mandevilla_foliosa",0.14925801827828,0.0122055402529789,7.38637878372856
"Mandevilla_cercophylla",0.149255049595808,0.0122059309268119,7.38645241926509
"Mandevilla_emarginata",0.149254759999404,0.0122058963360952,7.38646011901097
"Mandevilla_laxa",0.149254710916107,0.0122058912605791,7.38646140704352
"Mandevilla_pentlandiana",0.149254710916107,0.0122058912605791,7.38646140704352
"Mandevilla_glandulosa",0.149255203531929,0.0122059052804778,7.38644871077886
"Mandevilla_jamesonii",0.149255206319747,0.0122057252215751,7.3864502690428
"Mandevilla_tricolor",0.149255206319747,0.0122057252215751,7.3864502690428
"Mandevilla_veraguasensis",0.149255208476875,0.0122057266864723,7.3864502010655
"Mandevilla_ligustriflora",0.149255883105166,0.0122056891573048,7.38643320515677
"Angadenia_berteroi",0.149263535024388,0.0122023453817418,7.38624129177825
"Angadenia_sagraei",0.149263535024388,0.0122023453817418,7.38624129177825
"Pentalinon_luteum",0.149263732563953,0.0122022647583,7.3862349310799
"Salpinctes_kalmiifolius",0.149265209227332,0.0122009279540544,7.38620047402041
"Odontadenia_lutea",0.149262266070252,0.0122038839475533,7.38626603181578
"Odontadenia_perrottetii",0.14926205104854,0.0122039683115876,7.38627304804909
"Odontadenia_puncticulosa",0.14926205104854,0.0122039683115876,7.38627304804909
"Secondatia_densiflora",0.14926290634228,0.0122032724327116,7.38625189385925
"Stipecoma_peltigera",0.149264469174097,0.0122016858497229,7.38621806352818
"Cycladenia_humilis",0.14927070798617,0.0121956980865249,7.38605698246568
"Artia_balansae",0.149256604388696,0.0122053786393648,7.38642093643887
"Parsonsia_crebriflora",0.149255182255994,0.0122057203246531,7.38645444222604
"Parsonsia_longiflora",0.149255182255994,0.0122057203246531,7.38645444222604
"Parsonsia_flexuosa",0.149255304250712,0.0122057536002194,7.38645103427579
"Parsonsia_eucalyptophylla",0.149255555292406,0.0122057264845054,7.38644485805655
"Parsonsia_ferruginea",0.149255341083159,0.0122057239071426,7.38645033492327
"Parsonsia_lata",0.149255341083159,0.0122057239071426,7.38645033492327
"Parsonsia_oligantha",0.149255560223728,0.0122057233437928,7.38644475278456
"Prestonia_coalita",0.14925789539159,0.0122056822944554,7.38638395399658
"Prestonia_quinquangularis",0.14925789539159,0.0122056822944554,7.38638395399658
"Prestonia_mexicana",0.149257067950103,0.0122060610901443,7.38640193240828
"Prestonia_tomentosa",0.149257067950103,0.0122060610901443,7.38640193240828
"Prestonia_robusta",0.149257571939227,0.01220581316448,7.38639122442953
"Prestonia_portobellensis",0.149259144846672,0.0122049221733826,7.38635793929784
"Prestonia_lagoensis",0.149259813499212,0.0122046104799861,7.38634293632107
"Echites_agglutinatus",0.149260945021898,0.0122054049851464,7.38630003994303
"Echites_umbellatus",0.149260945021898,0.0122054049851464,7.38630003994303
"Echites_woodsonianus",0.149262065063819,0.0122042017508771,7.38627746713692
"Echites_turriger",0.149261620602312,0.012204710756034,7.3862855102449
"Fernaldia_pandurata",0.149261620602312,0.012204710756034,7.3862855102449
"Laubertia_contorta",0.149265417116524,0.0122006908234526,7.38620005355097
"Peltastes_isthmicus",0.149260705242462,0.012205308845962,7.3863102568226
"Peltastes_peltatus",0.149260705242462,0.012205308845962,7.3863102568226
"Temnadenia_violacea",0.149261184721952,0.0122052342949192,7.38629373201924
"Temnadenia_odorifera",0.149261246986766,0.0122051695017812,7.38629239486499
"Prestonia_riedelii",0.149261362969101,0.0122050443922625,7.3862899722222
"Rhodocalyx_rotundifolius",0.149261362969101,0.0122050443922625,7.3862899722222
"Elytropus_chilensis",0.149272913790972,0.0121932214930933,7.3860081413723
"Pinochia_corymbosa",0.149270704758964,0.0121958665542313,7.38605419622561
"Thyrsanthella_difformis",0.149270704758964,0.0121958665542313,7.38605419622561
"Funtumia_africana",0.149264152638133,0.0121993901746336,7.38628308230834
"Funtumia_elastica",0.149264152638133,0.0121993901746336,7.38628308230834
"Kibatalia_macrophylla",0.149264813617059,0.0121988761494782,7.38626634807035
"Malouetia_bequaertiana",0.149264386882974,0.0121993428306526,7.3862745704783
"Malouetia_tamaquarina",0.149264386882974,0.0121993428306526,7.3862745704783
"Holarrhena_curtisii",0.149265294512207,0.0121982392025092,7.38625799771611
"Holarrhena_pubescens",0.149265294512207,0.0121982392025092,7.38625799771611
"Mascarenhasia_arborescens",0.149267276428784,0.0121960104410775,7.38621526779898
"Mascarenhasia_lisianthiflora",0.149267276428784,0.0121960104410775,7.38621526779898
"Spirolobium_cambodianum",0.149267771973233,0.0121956768403468,7.38620184714262
"Neobracea_bahamensis",0.14927229645592,0.0121907144175372,7.38609732538312
"Neobracea_valenzuelana",0.14927229645592,0.0121907144175372,7.38609732538312
"Neobracea_ekmannii",0.149272318679565,0.0121906988021818,7.38609674648376
"Pachypodium_baronii",0.149268348559683,0.0121951500021737,7.38617786977229
"Pachypodium_saundersii",0.149268348559683,0.0121951500021737,7.38617786977229
"Pachypodium_geayi",0.149267993522505,0.012195376308095,7.38618773374559
"Pachypodium_lamerei",0.149267993522505,0.012195376308095,7.38618773374559
"Galactophora_schomburgkiana",0.149276269191038,0.0121886563481899,7.38595516900341
"Nerium_oleander",0.14927338300899,0.0121910642887935,7.38602934665015
"Adenium_obesum",0.14927338300899,0.0121910642887935,7.38602934665015
"Alafia_barteri",0.149266525367332,0.0121964425286893,7.38621851387208
"Alafia_thouarsii",0.149266341934478,0.0121966063684487,7.38622262786835
"Farquharia_elliptica",0.149266341934478,0.0121966063684487,7.38622262786835
"Isonema_smeathmannii",0.14926669190477,0.0121962834795176,7.38621495743571
"Strophanthus_boivinii",0.149269108889434,0.0121943530569706,7.38615360100656
"Strophanthus_caudatus",0.149267908173054,0.012195604862524,7.38617817512312
"Strophanthus_preussii",0.149267908173054,0.012195604862524,7.38617817512312
"Pleioceras_barteri",0.149299652045798,0.0121285141274766,7.38550882514586
"Stephanostema_stenocarpum",0.149299652045798,0.0121285141274766,7.38550882514586
"Wrightia_arborea",0.149298778742755,0.0121294239351561,7.38552439371917
"Wrightia_sirikitiae",0.149298778742755,0.0121294239351561,7.38552439371917
"Wrightia_coccinea",0.149298788049316,0.0121294098027828,7.38552431467349
"Wrightia_dubia",0.149298788049316,0.0121294098027828,7.38552431467349
"Wrightia_religiosa",0.149299072085522,0.0121291450064292,7.38551860390842
"Wrightia_lanceolata",0.14929935284244,0.0121288597705888,7.38551344294928
"Allamanda_cathartica",0.149393009421098,0.0119076805366062,7.38322308917723
"Allamanda_schottii",0.149393009421098,0.0119076805366062,7.38322308917723
"Plumeria_obtusa",0.149335176416681,0.0119840790916143,7.38394527625908
"Plumeria_alba",0.149335176416681,0.0119840790916143,7.38394527625908
"Plumeria_cubensis",0.149335193126475,0.011984057129813,7.38394505217767
"Plumeria_rubra",0.149345451766516,0.011970480415914,7.3838077556759
"Himatanthus_bracteatus",0.149356298052469,0.0119562085901696,7.38367155091684
"Cerbera_manghas",0.152316977757955,0.00771538865826006,7.34750802974472
"Cerbera_odollam",0.152316977757955,0.00771538865826006,7.34750802974472
"Cerbera_venenifera",0.152316349693005,0.00771699523063826,7.34751456702297
"Skytanthus_acutus",0.149904399495035,0.0112655367367274,7.37710587335546
"Thevetia_ahouai",0.152351639481558,0.00772145715892894,7.34709283316048
"Alyxia_grandis",0.15212584465605,0.00781304015868727,7.34955889743061
"Alyxia_spicata",0.15212584465605,0.00781304015868727,7.34955889743061
"Alyxia_reinwardtii",0.152121995435431,0.00782721656109898,7.34960288134956
"Alyxia_oblongata",0.15212889179961,0.00783092018296439,7.34953008044912
"Pteralyxia_kauaiensis",0.152175636309283,0.00781164284726954,7.34902175913564
"Plectaneia_thouarsii",0.149852626849769,0.0113314732964171,7.3778181031722
"Chilocarpus_costatus",0.152128825353414,0.00780706525640509,7.34953022609759
"Chilocarpus_rostratus",0.152128825353414,0.00780706525640509,7.34953022609759
"Chilocarpus_suaveolens",0.152123892730532,0.00782155116864283,7.34958436911934
"Condylocarpon_isthmicum",0.152147605750003,0.00782705552570865,7.34930233846975
"Amsonia_elliptica",0.149500604569045,0.0117623938626925,7.3815984514038
"Rhazya_stricta",0.149500604569045,0.0117623938626925,7.3815984514038
"Amsonia_tabernaemontana",0.149503420638303,0.0117586107282174,7.38156357649761
"Gonioma_kamassi",0.149864896237297,0.0113135801334855,7.37756561961063
"Hunteria_eburnea",0.152223782215726,0.00778632652212232,7.34850661269554
"Picralima_nitida",0.15220205194699,0.0077927861277828,7.34875537357119
"Pleiocarpa_mutica",0.15220205194699,0.0077927861277828,7.34875537357119
"Craspidospermum_verticillatum",0.149735987562101,0.0114650289524082,7.37878259659808
"Melodinus_australis",0.152204084439928,0.00778972302361054,7.34871277496043
"Melodinus_cochinchinensis",0.152204084439928,0.00778972302361054,7.34871277496043
"Diplorhynchus_condylocarpon",0.14960895747268,0.0116178721465893,7.38010710267082
"Ambelania_acida",0.15236390076774,0.00772260157962086,7.3466551556686
"Tabernaemontana_disticha",0.150180105178013,0.0105301430802421,7.36656986186921
"Tabernaemontana_angulata",0.150140920376906,0.010589106339657,7.36710366331353
"Tabernaemontana_coriacea",0.150139895366171,0.0105906463211762,7.3671175755586
"Tabernaemontana_lorifera",0.150139895366171,0.0105906463211762,7.3671175755586
"Tabernaemontana_undulata",0.150139936358067,0.0105905857071187,7.36711702969967
"Tabernaemontana_rupicola",0.150140735178521,0.010589385569947,7.36710619104221
"Tabernaemontana_macrocalyx",0.150161161995104,0.0105585563649829,7.36682652809587
"Tabernaemontana_cuspidata",0.150194636810474,0.0105083808509417,7.3663740773004
"Stemmadenia_alfaroi",0.150208260485972,0.0104866641247578,7.36617315339641
"Stemmadenia_macrophylla",0.150208260485972,0.0104866641247578,7.36617315339641
"Stemmadenia_simulans",0.150210091617066,0.0104839515259296,7.3661489514122
"Stemmadenia_donnellsmithii",0.150209204782358,0.0104852508208295,7.36616050055458
"Stemmadenia_litoralis",0.150209204782358,0.0104852508208295,7.36616050055458
"Stemmadenia_obovata",0.150227312280083,0.0104577006847506,7.36591713200359
"Tabernaemontana_alba",0.150285538381507,0.0103655936676427,7.36509559577432
"Tabernaemontana_citrifolia",0.150285538381507,0.0103655936676427,7.36509559577432
"Tabernaemontana_amygdalifolia",0.150291040686529,0.0103575373770967,7.36502475970765
"Tabernaemontana_columbiensis",0.150370612994558,0.01023336959972,7.36390058658515
"Tabernaemontana_markgrafiana",0.150453909053839,0.0101019978265048,7.36272772319371
"Tabernaemontana_sananho",0.152067266214065,0.00836594558612531,7.33988231986712
"Tabernaemontana_siphilitica",0.150423103044758,0.0101486159534221,7.36313945257201
"Tabernaemontana_arborea",0.150211632504149,0.0104818112795209,7.36612105320259
"Tabernaemontana_vanheurckii",0.150211632504149,0.0104818112795209,7.36612105320259
"Tabernaemontana_heterophylla",0.150214985790922,0.0104769083501057,7.36607772307956
"Tabernaemontana_catharinensis",0.15019533395536,0.0105069171938371,7.36634630075762
"Tabernaemontana_solanifolia",0.15019533395536,0.0105069171938371,7.36634630075762
"Tabernaemontana_hystrix",0.150195343429357,0.0105069027975371,7.36634617239563
"Tabernaemontana_cymosa",0.150196210313544,0.0105055799375185,7.36633435234505
"Tabernaemontana_salzmannii",0.150196903412075,0.0105045243355226,7.36632490405559
"Tabernaemontana_laeta",0.150199607893562,0.0105004121221162,7.36628797986481
"Tabernaemontana_flavicans",0.150287183263223,0.0103666877468256,7.3651392545975
"Tabernaemontana_muricata",0.15028372384686,0.0103721451351131,7.36519340598437
"Tabernaemontana_africana",0.151944910920199,0.00859990492826922,7.3414189966073
"Tabernaemontana_contorta",0.150394057455003,0.0102675781204343,7.36398714572758
"Tabernaemontana_glandulosa",0.150394057455003,0.0102675781204343,7.36398714572758
"Tabernaemontana_crassa",0.150383051541148,0.0102832947378673,7.36413228639359
"Tabernaemontana_pachysiphon",0.151942453760351,0.00860121634662383,7.34151109758065
"Tabernaemontana_brachyantha",0.1519413058958,0.00860088115471614,7.34157116979653
"Tabernaemontana_ventricosa",0.150374291734522,0.0102960755288307,7.36425514608099
"Tabernaemontana_eglandulosa",0.150362680475282,0.0103114532023436,7.36441773125811
"Tabernaemontana_psorocarpa",0.150362680475282,0.0103114532023436,7.36441773125811
"Tabernaemontana_letestui",0.150392454672936,0.0102712114811861,7.36401981935466
"Tabernaemontana_penduliflora",0.151944279945128,0.00860052664435086,7.34143127256692
"Tabernaemontana_odoratissima",0.150359143180901,0.0103169779405024,7.36445487867194
"Tabernaemontana_inconspicua",0.152047081177562,0.00839848797472639,7.34032613883237
"Tabernaemontana_elegans",0.150372930514485,0.0102319621186105,7.36383371452285
"Tabernaemontana_bufalina",0.150245504660372,0.0104271767211278,7.36556404789109
"Tabernaemontana_pandacaqui",0.150245504660372,0.0104271767211278,7.36556404789109
"Tabernaemontana_cerifera",0.150237848253598,0.0104388847932042,7.36566768889315
"Tabernaemontana_macrocarpa",0.150235629405102,0.0104421733092998,7.36569661411733
"Tabernaemontana_sphaerocarpa",0.150235629405102,0.0104421733092998,7.36569661411733
"Tabernaemontana_peduncularis",0.150248157299796,0.0104233706714416,7.36553072050525
"Tabernaemontana_divaricata",0.150249596719346,0.0104211827233439,7.3655114578239
"Tabernaemontana_pauciflora",0.150251183819322,0.0104187549588632,7.36549007608801
"Tabernaemontana_crispa",0.15027076649872,0.0103888208276828,7.36522598068729
"Tabernaemontana_calcarea",0.15047377484275,0.0100607496874639,7.36248767014905
"Tabernaemontana_coffeoides",0.15047377484275,0.0100607496874639,7.36248767014905
"Tabernaemontana_retusa",0.150475672821207,0.0100580399921935,7.36246050986298
"Tabernaemontana_capuronii",0.150471925150377,0.0100636019646854,7.36251483948685
"Tabernaemontana_crassifolia",0.150471252899409,0.0100646080386133,7.36252409980369
"Tabernaemontana_humblotii",0.150471252899409,0.0100646080386133,7.36252409980369
"Tabernaemontana_ciliata",0.150476189418965,0.0100573035513835,7.362452078081
"Tabernaemontana_sessilifolia",0.150476953266273,0.010056250223315,7.36243818495847
"Tabernaemontana_eusepala",0.152112973431422,0.00829631147780295,7.33911143918106
"Tabernaemontana_phymata",0.150553505421276,0.00992454569710981,7.36139042166239
"Tabernaemontana_mocquerysi",0.150485538132767,0.0100408891454054,7.36231997842155
"Tabernaemontana_sambiranensis",0.150484504771789,0.0100423801637497,7.36233606199415
"Tabernaemontana_stellata",0.150484504771789,0.0100423801637497,7.36233606199415
"Tabernaemontana_persicariifolia",0.150487620398124,0.0100380049168856,7.36228429511077
"Callichilia_barteri",0.150384949499097,0.0101769038647591,7.36365889674845
"Callichilia_bequaertii",0.150384949499097,0.0101769038647591,7.36365889674845
"Callichilia_inaequalis",0.150384533476471,0.0101775361632197,7.3636643198412
"Callichilia_subsessilis",0.150384533476471,0.0101775361632197,7.3636643198412
"Voacanga_africana",0.150563913478534,0.00986725673759941,7.36081263570506
"Voacanga_psilocalyx",0.150563913478534,0.00986725673759941,7.36081263570506
"Voacanga_globosa",0.15058781885737,0.00982881066773387,7.36045936028787
"Voacanga_grandifolia",0.152154530270928,0.00819928124206902,7.33817040194087
"Calocrater_preussii",0.152435018788389,0.00760278240218116,7.34072105067295
"Crioceras_dipladeniiflorum",0.152435018788389,0.00760278240218116,7.34072105067295
"Callichilia_orientalis",0.152439798822068,0.00759987310925619,7.34047171661023
"Carvalhoa_campanulata",0.150426791168462,0.0102234306537354,7.36464550946685
"Schizozygia_coffaeoides",0.150426791168462,0.0102234306537354,7.36464550946685
"Tabernanthe_iboga",0.152450822873822,0.00764501275492934,7.3406000457312
"Tabernaemontana_aurantiaca",0.152436130484948,0.00767467275521802,7.34270924806575
"Macoubea_guianensis",0.152192771254837,0.00779466187953525,7.34885954113163
"Rhigospira_quadrangularis",0.152192771254837,0.00779466187953525,7.34885954113163
"Mucoa_duckei",0.152191775003421,0.00777833553929103,7.34886982357582
"Neocouma_ternstroemiacea",0.152191775003421,0.00777833553929103,7.34886982357582
"Spongiosperma_macrophyllum",0.152187550299391,0.00779667945575006,7.34891640920316
"Molongum_laxum",0.152274771182506,0.00776077179588598,7.34793016442576
"Lacmellea_aculeata",0.1519920591181,0.00790859056334114,7.35080626362314
"Couma_guianensis",0.1519920591181,0.00790859056334114,7.35080626362314
"Hancornia_speciosa",0.151992827484804,0.00790907403504027,7.35079733407657
"Parahancornia_fasciculata",0.151992827484804,0.00790907403504027,7.35079733407657
"Saba_comorensis",0.151994796925815,0.00790447525605347,7.35078673036046
"Willughbeia_angustifolia",0.151994796925815,0.00790447525605347,7.35078673036046
"Kopsia_pauciflora",0.152131171166516,0.00782463714721198,7.34949368743077
"Kopsia_fruticosa",0.152131171166516,0.00782463714721198,7.34949368743077
"Rauvolfia_tetraphylla",0.152036318506332,0.00785557410798769,7.35038921683658
"Rauvolfia_ligustrina",0.152036318506332,0.00785557410798769,7.35038921683658
"Rauvolfia_littoralis",0.152030643048259,0.00787130951822366,7.3504519853757
"Rauvolfia_verticillata",0.152029730822225,0.00788140864850068,7.3504672236853
"Rauvolfia_sellowii",0.152037162224529,0.00785806996068539,7.35038834969675
"Rauvolfia_vomitoria",0.152037162224529,0.00785806996068539,7.35038834969675
"Rauvolfia_sumatrana",0.152030237556509,0.00787740796869693,7.35046135737957
"Rauvolfia_caffra",0.152034409002395,0.0078808269506445,7.35042629612433
"Rauvolfia_mannii",0.152040575445171,0.00787829618332725,7.3503728385935
"Rauvolfia_serpentina",0.152118602011772,0.00784075324657767,7.34962569196649
"Cabucala_polysperma",0.152340875948849,0.00771172189107485,7.34726469727494
"Petchia_ceylanica",0.152340875948849,0.00771172189107485,7.34726469727494
"Catharanthus_roseus",0.149991811410307,0.0111547526153119,7.37613848323724
"Kamettia_chandeei",0.149969741208889,0.0111816630079426,7.37636380037605
"Tonduzia_longifolia",0.149893972217433,0.0112775788117896,7.37728098696791
"Vinca_major",0.149820569621718,0.0113699430581865,7.37816993268033
"Vinca_difformis",0.149820569621718,0.0113699430581865,7.37816993268033
"Vinca_minor",0.14982087346348,0.0113695802346221,7.37816671710309
"Neisosperma_poweri",0.152167495668194,0.00781420209666685,7.34911754900103
"Ochrosia_coccinea",0.152161318567565,0.00780022950210302,7.34919345256649
"Ochrosia_elliptica",0.152161318567565,0.00780022950210302,7.34919345256649
"Ochrosia_oppositifolia",0.152210179061602,0.00779436329081443,7.34863716370391
"Alstonia_scholaris",0.149507987845909,0.0117249653571025,7.38069072941688
"Dyera_costulata",0.149507987845909,0.0117249653571025,7.38069072941688
"Aspidosperma_cruentum",0.149523295731078,0.0117104813633772,7.38026803899816
"Aspidosperma_spruceanum",0.149523295731078,0.0117104813633772,7.38026803899816
"Aspidosperma_cylindrocarpon",0.149541761774666,0.0116867199164793,7.38005795297125
"Aspidosperma_marcgravianum",0.149537292713713,0.011692380801837,7.38010601968183
"Aspidosperma_australe",0.149537292713713,0.011692380801837,7.38010601968183
"Geissospermum_laeve",0.152374810621755,0.00774595452693726,7.34486677765731
"Haplophyton_crooksii",0.149952424055551,0.0111543795312413,7.37501528696288
"Vallesia_antillana",0.152370460905342,0.00774776801085613,7.34497999354222
