﻿Species,Fruit_type,,
Beccarianthus_pulcherrimus,Dry,,
Astronidium_montanum,Dry,,
Astronidium_morobiense,Dry,,
Astronia_macrophylla,Dry,,
Astronia_smilacifolia,Dry,,
Astronia_cumingiana,Dry,,
Astronia_ferruginea,Dry,,
Astronia_acuminatissima,Dry,,
Astronia_lagunensis,Dry,,
Astronia_williamsii,Dry,,
Astronia_meyeri,Dry,,
Bertolonia_maculata,Dry,,
Bertolonia_marmorata,Dry,,
Bertolonia_mosenii,Dry,,
Salpinga_margaritacea,Dry,,
Monolena_primuliflora,Dry,,
Triolena_obliqua,Dry,,
Triolena_paleacea,Dry,,
Triolena_amazonica,Dry,,
Triolena_barbeyana,Dry,,
Triolena_pustulata,Dry,,
Tryssophyton_merumense,Dry,,
Opisthocentra_clidemioides,Dry,,
Driessenia_glanduligera,Dry,,
Phyllagathis_hispidissima,Dry,,
Phainantha_laxiflora,Dry,,
Phainantha_shuariorum,Dry,,
Phyllagathis_fengii,Dry,,
Plagiopetalum_esquirolii,Dry,,
Bredia_fordii,Dry,,
Boyania_colombiana,Dry,,
Sporoxeia_sciadophila,Dry,,
Blastus_cochinchinensis,Dry,,
Blastus_pauciflorus,Dry,,
Blastus_setulosus,Dry,,
Cyphotheca_montana,Dry,,
Fordiophyton_faberi,Dry,,
Bredia_microphylla,Dry,,
Fordiophyton_peperomiifolium,Dry,,
Fordiophyton_brevicaule,Dry,,
Fordiophyton_zhuangiae,Dry,,
Fordiophyton_chenii,Dry,,
Fordiophyton_cordifolium,Dry,,
Fordiophyton_huizhouense,Dry,,
Oxyspora_paniculata,Dry,,
Tigridiopalma_magnifica,Dry,,
Oxyspora_beccarii,Dry,,
Phyllagathis_gymnantha,Dry,,
Blastus_borneensis,Dry,,
Sonerila_obliqua,Dry,,
Gravesia_rutenbergiana,Dry,,
Amphiblemma_cymosum,Dry,,
Calvoa_grandifolia,Dry,,
Calvoa_orientalis,Dry,,
Gravesia_guttata,Dry,,
Sarcopyramis_bodinieri,Dry,,
Barthea_barthei,Dry,,
Allomorphia_urophylla,Dry,,
Bredia_sinensis,Dry,,
Phyllagathis_oligotricha,Dry,,
Bredia_quadrangularis,Dry,,
Bredia_sessilifolia,Dry,,
Sonerila_brunonis,Dry,,
Sonerila_beccariana,Dry,,
Sonerila_nervulosa,Dry,,
Anerincleistus_macrophyllus,Dry,,
Sonerila_cantonensis,Dry,,
Sonerila_bokorense,Dry,,
Sonerila_calophylla,Dry,,
Gravesia_viscosa,Dry,,
Alloneuron_ulei,Dry,,
Wurdastom_cuatrecasasii,Dry,,
Wurdastom_hexamera,Dry,,
Allomaieta_zenufanasana,Dry,,
Allomaieta_ebejicosana,Dry,,
Allomaieta_villosa,Dry,,
Allomaieta_grandiflora,Dry,,
Quipuanthus_epipetricus,Dry,,
Allomaieta_hirsuta,Dry,,
Allomaieta_pancurana,Dry,,
Cambessedesia_espora,Dry,,
Cambessedesia_membranacea,Dry,,
Cambessedesia_hermogenesii,Dry,,
Cambessedesia_purpurata,Dry,,
Cambessedesia_corymbosa,Dry,,
Cambessedesia_rupestris,Dry,,
Cambessedesia_semidecandra,Dry,,
Cambessedesia_tenuis,Dry,,
Cambessedesia_gracilis,Dry,,
Cambessedesia_eichleri,Dry,,
Cambessedesia_hilariana,Dry,,
Behuria_comosa,Dry,,
Dolichoura_spiritusanctensis,Dry,,
Behuria_glutinosa,Dry,,
Huberia_consimilis,Dry,,
Huberia_ovalifolia,Dry,,
Huberia_peruviana,Dry,,
Merianthera_burlemarxii,Dry,,
Merianthera_eburnea,Dry,,
Merianthera_sipolisii,Dry,,
Merianthera_pulchra,Dry,,
Merianthera_bullata,Dry,,
Merianthera_parvifolia,Dry,,
Merianthera_verrucosa,Dry,,
Rupestrea_johnwurdackiana,Dry,,
Dinophora_spenneroides,Dry,,
Arthrostemma_ciliatum,Dry,,
Arthrostemma_primaevum,Dry,,
Pachyloma_huberioides,Dry,,
Rhexia_alifanus,Dry,,
Rhexia_nuttallii,Dry,,
Rhexia_petiolata,Dry,,
Rhexia_aristosa,Dry,,
Rhexia_salicifolia,Dry,,
Rhexia_nashii,Dry,,
Rhexia_virginica,Dry,,
Rhexia_lutea,Dry,,
Rhexia_parviflora,Dry,,
Rhexia_cubensis,Dry,,
Rhexia_mariana,Dry,,
Rhynchanthera_bracteata,Dry,,
Rhynchanthera_grandiflora,Dry,,
Rhynchanthera_serrulata,Dry,,
Trembleya_parviflora,Dry,,
Trembleya_laniflora,Dry,,
Trembleya_pentagona,Dry,,
Stenodon_suberosus,Dry,,
Chaetostoma_cupressinum,Dry,,
Lavoisiera_pulchella,Dry,,
Lavoisiera_crassifolia,Dry,,
Chaetostoma_armatum,Dry,,
Lavoisiera_subulata,Dry,,
Lavoisiera_macrocarpa,Dry,,
Lavoisiera_imbricata,Dry,,
Lavoisiera_mucorifera,Dry,,
Lavoisiera_confertiflora,Dry,,
Lavoisiera_alba,Dry,,
Lavoisiera_caryophyllea,Dry,,
Microlicia_minima,Dry,,
Microlicia_amblysepala,Dry,,
Microlicia_confertiflora,Dry,,
Microlicia_cordata,Dry,,
Microlicia_fulva,Dry,,
Microlicia_glazioviana,Dry,,
Lavoisiera_cordata,Dry,,
Microlicia_isophylla,Dry,,
Microlicia_graveolens,Dry,,
Microlicia_tomentella,Dry,,
Acanthella_sprucei,Dry,,
Ernestia_glandulosa,Dry,,
Acisanthera_hedyotoidea,Dry,,
Comolia_leptophylla,Dry,,
Comolia_villosa,Dry,,
Comolia_smithii,Dry,,
Comolia_microphylla,Dry,,
Comolia_ovalifolia,Dry,,
Sandemania_hoehnei,Dry,,
Comolia_vernicosa,Dry,,
Siphanthera_foliosa,Dry,,
Siphanthera_paludosa,Dry,,
Siphanthera_arenaria,Dry,,
Siphanthera_cordifolia,Dry,,
Siphanthera_fasciculata,Dry,,
Siphanthera_hostmannii,Dry,,
Siphanthera_cordata,Dry,,
Siphanthera_gracillima,Dry,,
Siphanthera_subtilis,Dry,,
Siphanthera_dawsonii,Dry,,
Comolia_montana,Dry,,
Acisanthera_crassipes,Dry,,
Acisanthera_genliseoides,Dry,,
Acisanthera_tetraptera,Dry,,
Ernestia_ovata,Dry,,
Acisanthera_uniflora,Dry,,
Comolia_stenodon,Dry,,
Acisanthera_quadrata,Dry,,
Acisanthera_paraguayensis,Dry,,
Comolia_ayangannae,Dry,,
Acisanthera_alsinaefolia,Dry,,
Acisanthera_variabilis,Dry,,
Ernestia_cordifolia,Dry,,
Macairea_thyrsiflora,Dry,,
Macairea_pachyphylla,Dry,,
Macairea_radula,Dry,,
Macairea_lasiophylla,Dry,,
Macairea_multinervia,Dry,,
Ernestia_tenella,Dry,,
Ernestia_adenotricha,Dry,,
Ernestia_quadriseta,Dry,,
Ernestia_maguirei,Dry,,
Ernestia_confertiflora,Dry,,
Ernestia_rubra,Dry,,
Brasilianthus_carajensis,Dry,,
Nepsera_aquatica,Dry,,
Comolia_coriacea,Dry,,
Ernestia_pullei,Dry,,
Acisanthera_boissieriana,Dry,,
Appendicularia_thymifolia,Dry,,
Acisanthera_limnobios,Dry,,
Acisanthera_bivalvis,Dry,,
Aciotis_annua,Dry,,
Aciotis_polystachya,Dry,,
Fritzschia_anisostemon,Dry,,
Fritzschia_erecta,Dry,,
Comolia_edmundoi,Dry,,
Comolia_lanceiflora,Dry,,
Comolia_sertularia,Dry,,
Comolia_sessilis,Dry,,
Marcetia_acerosa,Dry,,
Marcetia_canescens,Dry,,
Marcetia_latifolia,Dry,,
Marcetia_alba,Dry,,
Marcetia_viscida,Dry,,
Marcetia_eimeariana,Dry,,
Marcetia_grandiflora,Dry,,
Marcetia_harleyi,Dry,,
Marcetia_formosa,Dry,,
Marcetia_taxifolia,Dry,,
Marcetia_macrophylla,Dry,,
Marcetia_mucugensis,Dry,,
Marcetia_candolleana,Dry,,
Marcetia_velutina,Dry,,
Marcetia_bahiensis,Dry,,
Loricalepis_duckei,Dry,,
Pterolepis_alpestris,Dry,,
Pterolepis_glomerata,Dry,,
Pterolepis_polygonoides,Dry,,
Pterolepis_trichotoma,Dry,,
Pterolepis_repanda,Dry,,
Pterogastra_minor,Dry,,
Pterogastra_divaricata,Dry,,
Pterolepis_parnassifolia,Dry,,
Pterolepis_rotundifolia,Dry,,
Guyonia_antennina,Dry,,
Guyonia_seretii,Dry,,
Guyonia_arenaria,Dry,,
Guyonia_ciliata,Dry,,
Guyonia_jacquesii,Dry,,
Anaheterotis_pobeguinii,Dry,,
Dissotis_phaeotricha,Dry,,
Argyrella_bambutorum,Dry,,
Argyrella_amplexicaulis,Dry,,
Argyrella_canescens,Dry,,
Argyrella_richardsiae,Dry,,
Osbeckia_chinensis,Dry,,
Melastomastrum_porteresii,Dry,,
Melastomastrum_theifolium,Dry,,
Melastomastrum_afzelii,Dry,,
Melastomastrum_segregatum,Dry,,
Melastomastrum_capitatum,Dry,,
Tristemma_cornifolium,Dry,,
Tristemma_involucratum,Dry,,
Tristemma_demeusei,Dry,,
Tristemma_mauritianum,Dry,,
Tristemma_akeassii,Dry,,
Tristemma_coronatum,Dry,,
Tristemma_littorale,Dry,,
Tristemma_hirtum,Dry,,
Tristemma_vestitum,Dry,,
Tristemma_oreophilum,Dry,,
Dichaetanthera_erici,Dry,,
Dichaetanthera_strigosa,Dry,,
Dichaetanthera_africana,Dry,,
Dichaetanthera_asperrima,Dry,,
Dichaetanthera_arborea,Dry,,
Dichaetanthera_articulata,Dry,,
Dichaetanthera_oblongifolia,Dry,,
Dissotidendron_polyanthum,Dry,,
Dissotidendron_melleri,Dry,,
Dissotidendron_cordatum,Dry,,
Dissotidendron_caloneurum,Dry,,
Heterotis_cogniauxiana,Dry,,
Heterotis_rotundifolia,Dry,,
Heterotis_decumbens,Dry,,
Heterotis_buettnerana,Dry,,
Heterotis_prostrata,Dry,,
Osbeckia_australiana,Dry,,
Osbeckia_nepalensis,Dry,,
Osbeckia_aspera,Dry,,
Melastoma_pellegrinianum,Dry,,
Rousseauxia_aurata,Dry,,
Osbeckia_stellata,Dry,,
Dupineta_brazzae,Dry,,
Dupineta_hensii,Dry,,
Dissotis_brazzae,Dry,,
Dupineta_multiflora,Dry,,
Amphorocalyx_multiflorus,Dry,,
Rousseauxia_minimifolia,Dry,,
Rousseauxia_andringitrensis,Dry,,
Amphorocalyx_rupestris,Dry,,
Dionycha_bojerii,Dry,,
Pseudosbeckia_swynnertonii,Dry,,
Dissotis_thollonii,Dry,,
Dissotis_falcipila,Dry,,
Dissotis_princeps,Dry,,
Dissotis_crenulata,Dry,,
Dissotis_pulchra,Dry,,
Dissotis_romiana,Dry,,
Dissotis_trothae,Dry,,
Dissotis_denticulata,Dry,,
Dissotis_sizenandii,Dry,,
Antherotoma_densiflora,Dry,,
Osbeckia_togoensis,Dry,,
Osbeckia_decandra,Dry,,
Antherotoma_senegambiensis,Dry,,
Dissotis_congolensis,Dry,,
Dissotis_tubulosa,Dry,,
Antherotoma_irvingiana,Dry,,
Dissotis_gilgiana,Dry,,
Dissotis_welwitschii,Dry,,
Dissotis_perkinsiae,Dry,,
Dissotis_cryptantha,Dry,,
Dissotis_grandiflora,Dry,,
Dissotis_longisetosa,Dry,,
Antherotoma_gracilis,Dry,,
Antherotoma_angustifolia,Dry,,
Antherotoma_naudinii,Dry,,
Antherotoma_phaeotricha,Dry,,
Antherotoma_debilis,Dry,,
Desmoscelis_villosa,Dry,,
Tibouchina_aspera,Dry,,
Tibouchina_llanorum,Dry,,
Tibouchina_papyrus,Dry,,
Tibouchina_aegopogon,Dry,,
Tibouchina_bipenicillata,Dry,,
Tibouchina_fraterna,Dry,,
Tibouchina_striphnocalyx,Dry,,
Monochaetum_calcaratum,Dry,,
Bucquetia_glutinosa,Dry,,
Bucquetia_vernicosa,Dry,,
Castratella_piloselloides,Dry,,
Chaetolepis_anisandra,Dry,,
Chaetolepis_microphylla,Dry,,
Chaetolepis_cufodontisii,Dry,,
Monochaetum_polyneurum,Dry,,
Chaetolepis_lindeniana,Dry,,
Monochaetum_discolor,Dry,,
Monochaetum_meridense,Dry,,
Monochaetum_humboldtianum,Dry,,
Monochaetum_lineatum,Dry,,
Monochaetum_uribei,Dry,,
Monochaetum_tenellum,Dry,,
Monochaetum_bonplandii,Dry,,
Monochaetum_floribundum,Dry,,
Monochaetum_vulcanicum,Dry,,
Tibouchina_lepidota,Dry,,
Tibouchina_gleasoniana,Dry,,
Tibouchina_inopinata,Dry,,
Tibouchina_wurdackii,Dry,,
Tibouchina_solmsii,Dry,,
Tibouchina_alpestris,Dry,,
Tibouchina_confertiflora,Dry,,
Tibouchina_citrina,Dry,,
Tibouchina_gayana,Dry,,
Tibouchina_naudiniana,Dry,,
Tibouchina_saxosa,Dry,,
Tibouchina_laxa,Dry,,
Tibouchina_pendula,Dry,,
Tibouchina_grossa,Dry,,
Tibouchina_mollis,Dry,,
Tibouchina_ciliaris,Dry,,
Tibouchina_cerastifolia,Dry,,
Tibouchina_clinopodifolia,Dry,,
Tibouchina_minor,Dry,,
Tibouchina_sebastianopolitana,Dry,,
Tibouchina_mariae,Dry,,
Tibouchina_pleromoides,Dry,,
Tibouchina_dimorphophylla,Dry,,
Tibouchina_decora,Dry,,
Brachyotum_rostratum,Dry,,
Tibouchina_brevisepala,Dry,,
Brachyotum_microdon,Dry,,
Tibouchina_calycina,Dry,,
Tibouchina_octopetala,Dry,,
Tibouchina_bicolor,Dry,,
Brachyotum_confertum,Dry,,
Brachyotum_lindenii,Dry,,
Brachyotum_ledifolium,Dry,,
Brachyotum_fictum,Dry,,
Brachyotum_incrassatum,Dry,,
Brachyotum_benthamianum,Dry,,
Brachyotum_fraternum,Dry,,
Brachyotum_harlingii,Dry,,
Tibouchina_breedlovei,Dry,,
Heterocentron_elegans,Dry,,
Heterocentron_subtriplinervium,Dry,,
Heterocentron_muricatum,Dry,,
Schwackaea_cupheoides,Dry,,
Pilocosta_campanensis,Dry,,
Pilocosta_oerstedii,Dry,,
Pilocosta_nubicola,Dry,,
Pilocosta_nana,Dry,,
Centradenia_grandifolia,Dry,,
Centradenia_floribunda,Dry,,
Centradenia_inaequilateralis,Dry,,
Pleroma_penduliflora,Dry,,
Tibouchina_longifolia,Dry,,
Tibouchina_geitneriana,Dry,,
Tibouchina_weberbaueri,Dry,,
Tibouchina_gracilis,Dry,,
Tibouchina_hieracioides,Dry,,
Tibouchina_chamaecistus,Dry,,
Tibouchina_ornata,Dry,,
Tibouchina_melanocalyx,Dry,,
Pleroma_trinervia,Dry,,
Tibouchina_oreophila,Dry,,
Tibouchinopsis_mirabilis,Dry,,
Tibouchina_blanchetiana,Dry,,
Tibouchina_pereirae,Dry,,
Tibouchina_velutina,Dry,,
Tibouchina_urceolaris,Dry,,
Tibouchina_clavata,Dry,,
Tibouchina_cryptadena,Dry,,
Tibouchina_radula,Dry,,
Tibouchina_heteromalla,Dry,,
Tibouchina_clidemioides,Dry,,
Tibouchina_manicata,Dry,,
Tibouchina_trichopoda,Dry,,
Tibouchina_barnebyana,Dry,,
Tibouchina_arborea,Dry,,
Tibouchina_candolleana,Dry,,
Tibouchina_itatiaiae,Dry,,
Tibouchina_estrellensis,Dry,,
Tibouchina_boudetii,Dry,,
Tibouchina_granulosa,Dry,,
Tibouchina_salviaefolia,Dry,,
Tibouchina_fissinervia,Dry,,
Tibouchina_martialis,Dry,,
Tibouchina_stenocarpa,Dry,,
Tibouchina_laevicaulis,Dry,,
Tibouchina_cardinalis,Dry,,
Tibouchina_arenaria,Dry,,
Tibouchina_martiusiana,Dry,,
Tibouchina_angustifolia,Dry,,
Tibouchina_frigidula,Dry,,
Itatiaia_cleistopetala,Dry,,
Tibouchina_microphylla,Dry,,
Tibouchina_cinerea,Dry,,
Tibouchina_hospita,Dry,,
Tibouchina_macrochiton,Dry,,
Tibouchina_corymbosa,Dry,,
Tibouchina_benthamiana,Dry,,
Tibouchina_castellensis,Dry,,
Tibouchina_cristata,Dry,,
Tibouchina_axillaris,Dry,,
Svitramia_wurdackiana,Dry,,
Svitramia_minor,Dry,,
Svitramia_pulchra,Dry,,
Svitramia_hatschbachii,Dry,,
Tibouchina_nodosa,Dry,,
Pleroma_oleifolia,Dry,,
Tibouchina_ursina,Dry,,
Tibouchina_dubia,Dry,,
Tibouchina_ramboi,Dry,,
Tibouchina_kleinii,Dry,,
Tibouchina_gardneriana,Dry,,
Tibouchina_fothergillae,Dry,,
Tibouchina_semidecandra,Dry,,
Tibouchina_collina,Dry,,
Tibouchina_foveolata,Dry,,
Tibouchina_sellowiana,Dry,,
Tibouchina_mutabilis,Dry,,
Tibouchina_pulchra,Dry,,
Macrocentrum_minus,Dry,,
Macrocentrum_vestitum,Dry,,
Macrocentrum_droseroides,Dry,,
Macrocentrum_anfractum,Dry,,
Macrocentrum_gesneriaceum,Dry,,
Maguireanthus_ayangannae,Dry,,
Macrocentrum_cristatum,Dry,,
Macrocentrum_fasciculatum,Dry,,
Salpinga_maranonensis,Dry,,
Salpinga_secunda,Dry,,
Meriania_compressicaulis,Dry,,
Meriania_robusta,Dry,,
Meriania_calyptrata,Dry,,
Meriania_tomentosa,Dry,,
Meriania_acostae,Dry,,
Meriania_phlomoides,Dry,,
Meriania_arborea,Dry,,
Meriania_longifolia,Dry,,
Meriania_purpurea,Dry,,
Meriania_leucantha,Dry,,
Meriania_ekmanii,Dry,,
Meriania_parvifolia,Dry,,
Meriania_squamulosa,Dry,,
Meriania_brevipedunculata,Dry,,
Meriania_haemantha,Dry,,
Meriania_hexamera,Dry,,
Meriania_franciscana,Dry,,
Meriania_macrophylla,Dry,,
Axinaea_affinis,Dry,,
Meriania_hernandoi,Dry,,
Axinaea_alata,Dry,,
Axinaea_sclerophylla,Dry,,
Axinaea_costaricensis,Dry,,
Axinaea_floribunda,Dry,,
Axinaea_grandifolia,Dry,,
Axinaea_macrophylla,Dry,,
Macrocentrum_repens,Dry,,
Macrocentrum_neblinae,Dry,,
Meriania_urceolata,Dry,,
Meriania_sclerophylla,Dry,,
Meriania_calophylla,Dry,,
Meriania_subumbellata,Dry,,
Adelobotrys_barbata,Dry,,
Adelobotrys_adscendens,Dry,,
Adelobotrys_permixta,Dry,,
Adelobotrys_spruceana,Dry,,
Adelobotrys_tessmannii,Dry,,
Adelobotrys_boissieriana,Dry,,
Adelobotrys_subsessilis,Dry,,
Adelobotrys_macrantha,Dry,,
Adelobotrys_scandens,Dry,,
Graffenrieda_gracilis,Dry,,
Graffenrieda_moritziana,Dry,,
Graffenrieda_hitchcockii,Dry,,
Graffenrieda_rotundifolia,Dry,,
Graffenrieda_intermedia,Dry,,
Adelobotrys_praetexta,Dry,,
Graffenrieda_moaensis,Dry,,
Graffenrieda_weddellii,Dry,,
Centronia_laurifolia,Dry,,
Graffenrieda_limbata,Dry,,
Graffenrieda_latifolia,Dry,,
Graffenrieda_sessilifolia,Dry,,
Graffenrieda_miconioides,Dry,,
Graffenrieda_tristis,Dry,,
Graffenrieda_micrantha,Dry,,
Graffenrieda_cucullata,Dry,,
Graffenrieda_galeottii,Dry,,
Graffenrieda_uribei,Dry,,
Graffenrieda_emarginata,Dry,,
Graffenrieda_harlingii,Dry,,
Eriocnema_fulva,Dry,,
Physeterostemon_thomasii,Dry,,
Physeterostemon_fiaschii,Dry,,
Physeterostemon_jardimii,Dry,,
Spathandra_blakeoides,Fleshy,,
Votomita_guianensis,Fleshy,,
Mouriri_crassifolia,Fleshy,,
Mouriri_dumetosa,Fleshy,,
Mouriri_collocarpa,Fleshy,,
Mouriri_sagotiana,Fleshy,,
Mouriri_gleasoniana,Fleshy,,
Mouriri_helleri,Fleshy,,
Mouriri_guianensis,Fleshy,,
Mouriri_cyphocarpa,Fleshy,,
Mouriri_myrtilloides,Fleshy,,
Lijndenia_barteri,Fleshy,,
Lijndenia_procteri,Fleshy,,
Lijndenia_brenanii,Fleshy,,
Memecylon_megacarpum,Fleshy,,
Lijndenia_laurina,Fleshy,,
Lijndenia_danguyana,Fleshy,,
Lijndenia_roborea,Fleshy,,
Warneckea_sansibarica,Fleshy,,
Warneckea_melindensis,Fleshy,,
Warneckea_jasminoides,Fleshy,,
Warneckea_wildeana,Fleshy,,
Warneckea_sapinii,Fleshy,,
Warneckea_pulcherrima,Fleshy,,
Warneckea_austro,Fleshy,,
Warneckea_yangambensis,Fleshy,,
Warneckea_fosteri,Fleshy,,
Warneckea_membranifolia,Fleshy,,
Warneckea_cinnamomoides,Fleshy,,
Warneckea_fascicularis,Fleshy,,
Warneckea_mangrovensis,Fleshy,,
Warneckea_madagascariensis,Fleshy,,
Warneckea_masoalae,Fleshy,,
Warneckea_hedbergiorum,Fleshy,,
Warneckea_amaniensis,Fleshy,,
Warneckea_erubescens,Fleshy,,
Warneckea_schliebenii,Fleshy,,
Warneckea_parvifolia,Fleshy,,
Warneckea_mouririifolia,Fleshy,,
Warneckea_sousae,Fleshy,,
Memecylon_lateriflorum,Fleshy,,
Memecylon_occultum,Fleshy,,
Memecylon_magnifoliatum,Fleshy,,
Mouriri_nervosa,Fleshy,,
Memecylon_elaeagni,Fleshy,,
Memecylon_rivulare,Fleshy,,
Memecylon_rostratum,Fleshy,,
Memecylon_semseii,Fleshy,,
Memecylon_erythranthum,Fleshy,,
Memecylon_cogniauxii,Fleshy,,
Memecylon_deminutum,Fleshy,,
Memecylon_greenwayi,Fleshy,,
Memecylon_teitense,Fleshy,,
Memecylon_buxoides,Fleshy,,
Memecylon_fragrans,Fleshy,,
Memecylon_verruculosum,Fleshy,,
Memecylon_bachmannii,Fleshy,,
Memecylon_buxifolium,Fleshy,,
Memecylon_natalense,Fleshy,,
Memecylon_torrei,Fleshy,,
Memecylon_peracuminatum,Fleshy,,
Memecylon_capuronii,Fleshy,,
Memecylon_thouarsianum,Fleshy,,
Memecylon_perditum,Fleshy,,
Memecylon_impressivenum,Fleshy,,
Memecylon_strumosum,Fleshy,,
Memecylon_louvelianum,Fleshy,,
Memecylon_ulopterum,Fleshy,,
Memecylon_ovatifolium,Fleshy,,
Memecylon_confusum,Fleshy,,
Memecylon_longipetalum,Fleshy,,
Memecylon_albescens,Fleshy,,
Memecylon_infuscatum,Fleshy,,
Memecylon_sejunctum,Fleshy,,
Memecylon_mocquerysii,Fleshy,,
Memecylon_interjectum,Fleshy,,
Memecylon_corymbiforme,Fleshy,,
Memecylon_xiphophyllum,Fleshy,,
Memecylon_bakerianum,Fleshy,,
Memecylon_boinense,Fleshy,,
Memecylon_mayottense,Fleshy,,
Memecylon_pterocladum,Fleshy,,
Memecylon_clavistaminum,Fleshy,,
Memecylon_eduliforme,Fleshy,,
Memecylon_sitanum,Fleshy,,
Memecylon_amshoffiae,Fleshy,,
Memecylon_batekeanum,Fleshy,,
Memecylon_afzelii,Fleshy,,
Memecylon_flavovirens,Fleshy,,
Memecylon_oubanguianum,Fleshy,,
Memecylon_macrodendron,Fleshy,,
Memecylon_dasyanthum,Fleshy,,
Memecylon_myrianthum,Fleshy,,
Memecylon_klaineanum,Fleshy,,
Memecylon_germainii,Fleshy,,
Memecylon_virescens,Fleshy,,
Memecylon_candidum,Fleshy,,
Memecylon_laurentii,Fleshy,,
Memecylon_calophyllum,Fleshy,,
Memecylon_arcuatomarginatum,Fleshy,,
Memecylon_simulans,Fleshy,,
Memecylon_hyleastrum,Fleshy,,
Memecylon_zenkeri,Fleshy,,
Memecylon_kupeanum,Fleshy,,
Memecylon_bakossiense,Fleshy,,
Memecylon_englerianum,Fleshy,,
Memecylon_caeruleum,Fleshy,,
Memecylon_polyanthum,Fleshy,,
Memecylon_ligustrifolium,Fleshy,,
Memecylon_luchuenense,Fleshy,,
Memecylon_scutellatum,Fleshy,,
Memecylon_chevalieri,Fleshy,,
Memecylon_pauciflorum,Fleshy,,
Memecylon_floribundum,Fleshy,,
Memecylon_cantleyi,Fleshy,,
Memecylon_plebejum,Fleshy,,
Memecylon_nigrescens,Fleshy,,
Memecylon_lilacinum,Fleshy,,
Memecylon_durum,Fleshy,,
Memecylon_edule,Fleshy,,
Memecylon_talbotianum,Fleshy,,
Memecylon_ovatum,Fleshy,,
Memecylon_angustifolium,Fleshy,,
Memecylon_parvifolium,Fleshy,,
Memecylon_rotundatum,Fleshy,,
Memecylon_fuscescens,Fleshy,,
Memecylon_royenii,Fleshy,,
Memecylon_sessile,Fleshy,,
Memecylon_wightii,Fleshy,,
Memecylon_randerianum,Fleshy,,
Memecylon_umbellatum,Fleshy,,
Pternandra_multiflora,Fleshy,,
Pternandra_coerulescens,Fleshy,,
Pternandra_hirtella,Fleshy,,
Pternandra_cogniauxii,Fleshy,,
Pternandra_echinata,Fleshy,,
Bellucia_grossularioides,Fleshy,,
Bellucia_aequiloba,Fleshy,,
Bellucia_pentamera,Fleshy,,
Bellucia_arborescens,Fleshy,,
Bellucia_subandina,Fleshy,,
Bellucia_mespiloides,Fleshy,,
Bellucia_spruceana,Fleshy,,
Henriettea_flavescens,Fleshy,,
Henriettea_multiflora,Fleshy,,
Henriettea_granulata,Fleshy,,
Henriettea_martiusii,Fleshy,,
Henriettea_spruceana,Fleshy,,
Henriettea_ramiflora,Fleshy,,
Henriettea_succosa,Fleshy,,
Henriettea_patrisiana,Fleshy,,
Henriettea_aggregata,Fleshy,,
Henriettea_rimosa,Fleshy,,
Henriettea_squamulosa,Fleshy,,
Henriettea_uniflora,Fleshy,,
Henriettea_sessilifolia,Fleshy,,
Henriettea_tovarensis,Fleshy,,
Henriettea_tuberculosa,Fleshy,,
Henriettea_odorata,Fleshy,,
Henriettea_squamata,Fleshy,,
Henriettea_gibberosa,Fleshy,,
Henriettea_ekmanii,Fleshy,,
Henriettea_macfadyenii,Fleshy,,
Henriettea_barkeri,Fleshy,,
Henriettea_megaloclada,Fleshy,,
Pachycentria_constricta,Fleshy,,
Pachycentria_pulverulenta,Fleshy,,
Medinilla_cummingii,Fleshy,,
Catanthera_quintuplinervis,Fleshy,,
Catanthera_pilosa,Fleshy,,
Kendrickia_walkeri,Fleshy,,
Catanthera_tetrandra,Fleshy,,
Medinilla_serpens,Fleshy,,
Medinilla_alternifolia,Fleshy,,
Medinilla_rubrifrons,Fleshy,,
Medinilla_stephanostegia,Fleshy,,
Plethiandra_hookeri,Fleshy,,
Plethiandra_cuneata,Fleshy,,
Pachycentria_glauca,Fleshy,,
Medinilla_sessiliflora,Fleshy,,
Medinilla_suberosa,Fleshy,,
Medinilla_humbertiana,Fleshy,,
Medinilla_humblotii,Fleshy,,
Medinilla_lanceata,Fleshy,,
Dissochaeta_annulata,Fleshy,,
Dissochaeta_bracteata,Fleshy,,
Dissochaeta_divaricata,Fleshy,,
Dissochaeta_viminalis,Fleshy,,
Pseudodissochaeta_septentrionalis,Fleshy,,
Dissochaeta_affinis,Fleshy,,
Dissochaeta_reformata,Fleshy,,
Chalybea_corymbifera,Fleshy,,
Chalybea_calyptrata,Fleshy,,
Chalybea_macrocarpa,Fleshy,,
Chalybea_ecuadorensis,Fleshy,,
Blakea_setosa,Fleshy,,
Blakea_punctulata,Fleshy,,
Blakea_jativae,Fleshy,,
Blakea_granatensis,Fleshy,,
Blakea_spruceana,Fleshy,,
Blakea_polyantha,Fleshy,,
Blakea_repens,Fleshy,,
Blakea_hispida,Fleshy,,
Blakea_lanuginosa,Fleshy,,
Blakea_subconnata,Fleshy,,
Blakea_platypoda,Fleshy,,
Blakea_subvaginata,Fleshy,,
Blakea_glabrescens,Fleshy,,
Blakea_involvens,Fleshy,,
Blakea_cuatrecasasii,Fleshy,,
Blakea_hirsuta,Fleshy,,
Blakea_rosea,Fleshy,,
Blakea_sawadae,Fleshy,,
Blakea_subpanduriformis,Fleshy,,
Blakea_oldemanii,Fleshy,,
Blakea_quadriflora,Fleshy,,
Blakea_calycularis,Fleshy,,
Blakea_subscabrula,Fleshy,,
Blakea_watsonii,Fleshy,,
Blakea_albertiae,Fleshy,,
Blakea_maurofernandeziana,Fleshy,,
Blakea_glaberrima,Fleshy,,
Blakea_trianae,Fleshy,,
Blakea_castanedae,Fleshy,,
Blakea_multiflora,Fleshy,,
Blakea_rotundifolia,Fleshy,,
Blakea_paleacea,Fleshy,,
Blakea_cutucuensis,Fleshy,,
Blakea_adscendens,Fleshy,,
Blakea_bullata,Fleshy,,
Blakea_brasiliensis,Fleshy,,
Blakea_brevibractea,Fleshy,,
Blakea_pulverulenta,Fleshy,,
Blakea_trinervia,Fleshy,,
Blakea_schlimii,Fleshy,,
Blakea_acuminata,Fleshy,,
Blakea_dodsonorum,Fleshy,,
Blakea_alternifolia,Fleshy,,
Blakea_henripittieri,Fleshy,,
Blakea_barbata,Fleshy,,
Blakea_costaricensis,Fleshy,,
Blakea_micrantha,Fleshy,,
Blakea_cordata,Fleshy,,
Blakea_hexandra,Fleshy,,
Blakea_gerardoana,Fleshy,,
Blakea_fuchsioides,Fleshy,,
Blakea_austin,Fleshy,,
Blakea_chlorantha,Fleshy,,
Blakea_penduliflora,Fleshy,,
Blakea_gracilis,Fleshy,,
Blakea_herrerae,Fleshy,,
Blakea_anomala,Fleshy,,
Blakea_pauciflora,Fleshy,,
Blakea_venusta,Fleshy,,
Blakea_guatemalensis,Fleshy,,
Blakea_litoralis,Fleshy,,
Blakea_foliacea,Fleshy,,
Blakea_fragrantissima,Fleshy,,
Blakea_intricata,Fleshy,,
Blakea_purpusii,Fleshy,,
Blakea_parvifolia,Fleshy,,
Blakea_wilburiana,Fleshy,,
Blakea_wilsoniorum,Fleshy,,
Blakea_crinita,Fleshy,,
Blakea_tapantiana,Fleshy,,
Blakea_grandiflora,Fleshy,,
Blakea_brunnea,Fleshy,,
Blakea_calycosa,Fleshy,,
Blakea_tuberculata,Fleshy,,
Blakea_storkii,Fleshy,,
Aciotis_acuminifolia,Fleshy,,
Aciotis_paludosa,Fleshy,,
Aciotis_circaeifolia,Fleshy,,
Aciotis_indecora,Fleshy,,
Aciotis_purpurascens,Fleshy,,
Aciotis_rubricaulis,Fleshy,,
Melastoma_imbricatum,Fleshy,,
Melastoma_crinitum,Fleshy,,
Melastoma_orientale,Fleshy,,
Melastoma_cyanoides,Fleshy,,
Melastoma_septemnervium,Fleshy,,
Melastoma_intermedium,Fleshy,,
Melastoma_malabathricum,Fleshy,,
Melastoma_sanguineum,Fleshy,,
Melastoma_beccarianum,Fleshy,,
Melastoma_denticulatum,Fleshy,,
Melastoma_saigonense,Fleshy,,
Melastoma_dodecandrum,Fleshy,,
Melastoma_pentapetalum,Fleshy,,
Melastoma_tetramerum,Fleshy,,
Miconia_superba,Fleshy,,
Miconia_mirabilis,Fleshy,,
Miconia_dodecandra,Fleshy,,
Ossaea_petiolaris,Fleshy,,
Ossaea_capillaris,Fleshy,,
Leandra_macdanielii,Fleshy,,
Leandra_secunda,Fleshy,,
Leandra_longicoma,Fleshy,,
Leandra_pastazana,Fleshy,,
Leandra_granatensis,Fleshy,,
Leandra_dichotoma,Fleshy,,
Leandra_reversa,Fleshy,,
Ossaea_quadrisulca,Fleshy,,
Leandra_agrestis,Fleshy,,
Leandra_divaricata,Fleshy,,
Leandra_rhamnifolia,Fleshy,,
Ossaea_coarctiflora,Fleshy,,
Leandra_secundiflora,Fleshy,,
Leandra_mexicana,Fleshy,,
Tococa_nitens,Fleshy,,
Tococa_rotundifolia,Fleshy,,
Tococa_bolivarensis,Fleshy,,
Tococa_raggiana,Fleshy,,
Tococa_macrophysca,Fleshy,,
Tococa_aristata,Fleshy,,
Tococa_guianensis,Fleshy,,
Tococa_stellata,Fleshy,,
Tococa_bullifera,Fleshy,,
Tococa_quadrialata,Fleshy,,
Tococa_gonoptera,Fleshy,,
Tococa_macrosperma,Fleshy,,
Tococa_capitata,Fleshy,,
Tococa_caudata,Fleshy,,
Tococa_coronata,Fleshy,,
Tococa_cordata,Fleshy,,
Tococa_subciliata,Fleshy,,
Miconia_crocea,Fleshy,,
Miconia_incerta,Fleshy,,
Miconia_asclepiadea,Fleshy,,
Miconia_cocoensis,Fleshy,,
Miconia_urticoides,Fleshy,,
Miconia_erosa,Fleshy,,
Miconia_javorkaeana,Fleshy,,
Miconia_benthamiana,Fleshy,,
Tococa_symphyandra,Fleshy,,
Miconia_clypeata,Fleshy,,
Leandra_nervosa,Fleshy,,
Miconia_papillosa,Fleshy,,
Leandra_melanodesma,Fleshy,,
Leandra_subseriata,Fleshy,,
Miconia_andreana,Fleshy,,
Miconia_dapsiliflora,Fleshy,,
Miconia_pustulata,Fleshy,,
Miconia_aspergillaris,Fleshy,,
Miconia_denticulata,Fleshy,,
Killipia_pedunculata,Fleshy,,
Miconia_punctibullata,Fleshy,,
Killipia_rotundifolia,Fleshy,,
Miconia_corymbiformis,Fleshy,,
Miconia_gonioclada,Fleshy,,
Miconia_arboricola,Fleshy,,
Miconia_pseudoradula,Fleshy,,
Miconia_multiplinervia,Fleshy,,
Miconia_quadrialata,Fleshy,,
Miconia_biacuta,Fleshy,,
Miconia_pseudorigida,Fleshy,,
Miconia_rigida,Fleshy,,
Miconia_nystroemii,Fleshy,,
Miconia_alternifolia,Fleshy,,
Miconia_stenobotrys,Fleshy,,
Miconia_turquinensis,Fleshy,,
Miconia_skeaniana,Fleshy,,
Miconia_rubricans,Fleshy,,
Miconia_smithii,Fleshy,,
Miconia_biappendiculata,Fleshy,,
Miconia_pteroclada,Fleshy,,
Miconia_selleana,Fleshy,,
Miconia_ferruginea,Fleshy,,
Miconia_calycina,Fleshy,,
Miconia_cubensis,Fleshy,,
Miconia_howardiana,Fleshy,,
Miconia_foveolata,Fleshy,,
Miconia_sphagnicola,Fleshy,,
Miconia_xenotricha,Fleshy,,
Miconia_pycnoneura,Fleshy,,
Miconia_rufa,Fleshy,,
Miconia_septentrionalis,Fleshy,,
Miconia_subcompressa,Fleshy,,
Miconia_dielsiana,Fleshy,,
Miconia_sintenisii,Fleshy,,
Miconia_samanensis,Fleshy,,
Miconia_alloeotricha,Fleshy,,
Miconia_confertiflora,Fleshy,,
Miconia_coriacea,Fleshy,,
Miconia_grandidentata,Fleshy,,
Miconia_hypioides,Fleshy,,
Miconia_barkeri,Fleshy,,
Miconia_alainii,Fleshy,,
Miconia_lanceolata,Fleshy,,
Miconia_desportesii,Fleshy,,
Miconia_viscidula,Fleshy,,
Miconia_krugii,Fleshy,,
Miconia_fuertesii,Fleshy,,
Miconia_luteola,Fleshy,,
Miconia_macayana,Fleshy,,
Miconia_quadrangularis,Fleshy,,
Miconia_apiculata,Fleshy,,
Miconia_ossaeifolia,Fleshy,,
Miconia_galeiformis,Fleshy,,
Miconia_latifolia,Fleshy,,
Miconia_chionophila,Fleshy,,
Miconia_bullata,Fleshy,,
Miconia_salicifolia,Fleshy,,
Miconia_prietoi,Fleshy,,
Miconia_asperrima,Fleshy,,
Miconia_calignosa,Fleshy,,
Miconia_costaricensis,Fleshy,,
Miconia_obscura,Fleshy,,
Miconia_aggregata,Fleshy,,
Miconia_capitellata,Fleshy,,
Miconia_pausana,Fleshy,,
Miconia_barbeyana,Fleshy,,
Miconia_lutescens,Fleshy,,
Miconia_livida,Fleshy,,
Miconia_onaensis,Fleshy,,
Miconia_dunstervillei,Fleshy,,
Miconia_buxifolia,Fleshy,,
Miconia_alborosea,Fleshy,,
Miconia_ligustrina,Fleshy,,
Miconia_tinifolia,Fleshy,,
Miconia_summa,Fleshy,,
Miconia_floribunda,Fleshy,,
Miconia_loreyoides,Fleshy,,
Miconia_goniostigma,Fleshy,,
Miconia_cuprea,Fleshy,,
Miconia_lehmannii,Fleshy,,
Miconia_brachygyna,Fleshy,,
Miconia_stenophylla,Fleshy,,
Miconia_penningtonii,Fleshy,,
Miconia_villonacensis,Fleshy,,
Clidemia_utleyana,Fleshy,,
Clidemia_clandestina,Fleshy,,
Miconia_silverstonei,Fleshy,,
Clidemia_caudata,Fleshy,,
Miconia_manicata,Fleshy,,
Miconia_complanata,Fleshy,,
Miconia_glutinosa,Fleshy,,
Miconia_theizans,Fleshy,,
Miconia_hirtella,Fleshy,,
Miconia_diegogomezii,Fleshy,,
Miconia_brevitheca,Fleshy,,
Miconia_bracteolata,Fleshy,,
Miconia_cladonia,Fleshy,,
Miconia_jahnii,Fleshy,,
Miconia_cremophylla,Fleshy,,
Miconia_bangii,Fleshy,,
Miconia_jorgensenii,Fleshy,,
Miconia_tabayensis,Fleshy,,
Miconia_rubens,Fleshy,,
Miconia_myrtillifolia,Fleshy,,
Miconia_tovarensis,Fleshy,,
Miconia_rigens,Fleshy,,
Miconia_cataractae,Fleshy,,
Miconia_tamana,Fleshy,,
Miconia_chrysocoma,Fleshy,,
Miconia_elaeoides,Fleshy,,
Miconia_resimoides,Fleshy,,
Miconia_mesmeana,Fleshy,,
Miconia_neei,Fleshy,,
Miconia_boliviensis,Fleshy,,
Miconia_cyanocarpa,Fleshy,,
Miconia_polygama,Fleshy,,
Miconia_elvirae,Fleshy,,
Miconia_cernua,Fleshy,,
Miconia_bilopezii,Fleshy,,
Miconia_hemenostigma,Fleshy,,
Miconia_pittieri,Fleshy,,
Miconia_longibracteata,Fleshy,,
Miconia_concinna,Fleshy,,
Miconia_dissita,Fleshy,,
Miconia_biperulifera,Fleshy,,
Miconia_schnellii,Fleshy,,
Miconia_tetrastoma,Fleshy,,
Miconia_crocata,Fleshy,,
Miconia_amplinodis,Fleshy,,
Miconia_cuspidatissima,Fleshy,,
Miconia_cremadena,Fleshy,,
Miconia_melanotricha,Fleshy,,
Miconia_carnea,Fleshy,,
Clidemia_rodriguezii,Fleshy,,
Clidemia_ostrina,Fleshy,,
Clidemia_epiphytica,Fleshy,,
Clidemia_almedae,Fleshy,,
Clidemia_killipii,Fleshy,,
Clidemia_discolor,Fleshy,,
Tococa_platyphylla,Fleshy,,
Miconia_araguensis,Fleshy,,
Miconia_tuberculata,Fleshy,,
Tococa_broadwayi,Fleshy,,
Tococa_perclara,Fleshy,,
Miconia_macrodon,Fleshy,,
Anaectocalyx_bracteosa,Fleshy,,
Miconia_leiotricha,Fleshy,,
Miconia_funckii,Fleshy,,
Miconia_amilcariana,Fleshy,,
Miconia_albertii,Fleshy,,
Miconia_nubicola,Fleshy,,
Miconia_spinulosa,Fleshy,,
Miconia_mulleola,Fleshy,,
Miconia_ulmarioides,Fleshy,,
Miconia_suaveolens,Fleshy,,
Miconia_meridensis,Fleshy,,
Miconia_salebrosa,Fleshy,,
Clidemia_tetrapetala,Fleshy,,
Clidemia_tenebrosa,Fleshy,,
Clidemia_costaricensis,Fleshy,,
Clidemia_folsomii,Fleshy,,
Miconia_lacera,Fleshy,,
Miconia_pulvinata,Fleshy,,
Miconia_oinochrophylla,Fleshy,,
Miconia_ciliata,Fleshy,,
Miconia_racemosa,Fleshy,,
Miconia_nitidissima,Fleshy,,
Miconia_velutina,Fleshy,,
Mecranium_obtusifolium,Fleshy,,
Mecranium_haemanthum,Fleshy,,
Mecranium_alpestre,Fleshy,,
Mecranium_tricostatum,Fleshy,,
Mecranium_integrifolium,Fleshy,,
Mecranium_multiflorum,Fleshy,,
Mecranium_haitiense,Fleshy,,
Mecranium_revolutum,Fleshy,,
Mecranium_microdictyum,Fleshy,,
Mecranium_septentrionale,Fleshy,,
Mecranium_ovatum,Fleshy,,
Mecranium_puberulum,Fleshy,,
Mecranium_purpurascens,Fleshy,,
Mecranium_axillare,Fleshy,,
Mecranium_virgatum,Fleshy,,
Mecranium_tuberculatum,Fleshy,,
Mecranium_birimosum,Fleshy,,
Mecranium_juddii,Fleshy,,
Mecranium_amygdalinum,Fleshy,,
Mecranium_crassinerve,Fleshy,,
Miconia_thomasiana,Fleshy,,
Miconia_uninervis,Fleshy,,
Miconia_pachyphylla,Fleshy,,
Calycogonium_moanum,Fleshy,,
Pachyanthus_moaensis,Fleshy,,
Calycogonium_rosmarinifolium,Fleshy,,
Ossaea_moaensis,Fleshy,,
Miconia_baracoensis,Fleshy,,
Miconia_cerasiflora,Fleshy,,
Miconia_lenticellata,Fleshy,,
Miconia_victorinii,Fleshy,,
Miconia_obtusa,Fleshy,,
Miconia_mexicana,Fleshy,,
Clidemia_fulva,Fleshy,,
Clidemia_laxiflora,Fleshy,,
Clidemia_petiolaris,Fleshy,,
Conostegia_tenuifolia,Fleshy,,
Conostegia_extinctoria,Fleshy,,
Conostegia_monteleagreana,Fleshy,,
Conostegia_lasiopoda,Fleshy,,
Conostegia_centronioides,Fleshy,,
Conostegia_polyandra,Fleshy,,
Conostegia_rubiginosa,Fleshy,,
Clidemia_myrmecina,Fleshy,,
Clidemia_mortoniana,Fleshy,,
Clidemia_spectabilis,Fleshy,,
Clidemia_globuliflora,Fleshy,,
Clidemia_setosa,Fleshy,,
Leandra_subulata,Fleshy,,
Miconia_shattuckii,Fleshy,,
Clidemia_foreroi,Fleshy,,
Conostegia_plumosa,Fleshy,,
Miconia_radulaefolia,Fleshy,,
Conostegia_speciosa,Fleshy,,
Conostegia_subcrustulata,Fleshy,,
Conostegia_xalapensis,Fleshy,,
Miconia_brenesii,Fleshy,,
Conostegia_consimilis,Fleshy,,
Clidemia_trichosantha,Fleshy,,
Miconia_jefensis,Fleshy,,
Miconia_peltata,Fleshy,,
Miconia_osaensis,Fleshy,,
Clidemia_allenii,Fleshy,,
Clidemia_ombrophila,Fleshy,,
Miconia_prasinifolia,Fleshy,,
Clidemia_hammelii,Fleshy,,
Miconia_cuspidata,Fleshy,,
Clidemia_ecuadorensis,Fleshy,,
Miconia_centrosperma,Fleshy,,
Miconia_dissitinervia,Fleshy,,
Clidemia_pittieri,Fleshy,,
Conostegia_schlimii,Fleshy,,
Miconia_incurva,Fleshy,,
Miconia_oligocephala,Fleshy,,
Miconia_calocoma,Fleshy,,
Clidemia_subpeltata,Fleshy,,
Miconia_colliculosa,Fleshy,,
Miconia_dissitiflora,Fleshy,,
Conostegia_cinnamomea,Fleshy,,
Clidemia_fraterna,Fleshy,,
Miconia_grayumii,Fleshy,,
Conostegia_friedmaniorum,Fleshy,,
Miconia_pendula,Fleshy,,
Conostegia_rhodopetala,Fleshy,,
Conostegia_rufescens,Fleshy,,
Conostegia_cuatrecasii,Fleshy,,
Conostegia_pyxidata,Fleshy,,
Conostegia_procera,Fleshy,,
Conostegia_brenesii,Fleshy,,
Conostegia_micrantha,Fleshy,,
Conostegia_montana,Fleshy,,
Conostegia_setosa,Fleshy,,
Conostegia_bracteata,Fleshy,,
Conostegia_caelestis,Fleshy,,
Conostegia_superba,Fleshy,,
Conostegia_icosandra,Fleshy,,
Conostegia_jaliscana,Fleshy,,
Conostegia_volcanalis,Fleshy,,
Conostegia_bigibbosa,Fleshy,,
Conostegia_pittieri,Fleshy,,
Conostegia_oerstediana,Fleshy,,
Conostegia_setifera,Fleshy,,
Clidemia_swartsii,Fleshy,,
Tetrazygia_fadyenii,Fleshy,,
Miconia_karsticola,Fleshy,,
Miconia_bicolor,Fleshy,,
Miconia_barbata,Fleshy,,
Miconia_cristalensis,Fleshy,,
Miconia_guajaibonensis,Fleshy,,
Miconia_cajalbanensis,Fleshy,,
Miconia_delicatula,Fleshy,,
Miconia_androsaemifolia,Fleshy,,
Pachyanthus_cubensis,Fleshy,,
Pachyanthus_tetramerus,Fleshy,,
Pachyanthus_wrightii,Fleshy,,
Pachyanthus_poiretii,Fleshy,,
Pachyanthus_angustifolius,Fleshy,,
Pachyanthus_mantuensis,Fleshy,,
Pachyanthus_clementis,Fleshy,,
Miconia_macrocarpa,Fleshy,,
Miconia_angustilamina,Fleshy,,
Miconia_crotonifolia,Fleshy,,
Miconia_heterophylla,Fleshy,,
Calycogonium_turbinatum,Fleshy,,
Calycogonium_torbecianum,Fleshy,,
Calycogonium_ekmanii,Fleshy,,
Miconia_moensis,Fleshy,,
Calycogonium_microphyllum,Fleshy,,
Calycogonium_lanceolatum,Fleshy,,
Calycogonium_glabratum,Fleshy,,
Calycogonium_rhamnoideum,Fleshy,,
Miconia_yunquensis,Fleshy,,
Miconia_cinerea,Fleshy,,
Tetrazygia_aurea,Fleshy,,
Tetrazygia_decorticans,Fleshy,,
Pachyanthus_monopleurus,Fleshy,,
Tetrazygia_elegans,Fleshy,,
Pachyanthus_mayarensis,Fleshy,,
Pachyanthus_neglectus,Fleshy,,
Pachyanthus_discolor,Fleshy,,
Calycogonium_floribundum,Fleshy,,
Calycogonium_grisebachii,Fleshy,,
Calycogonium_plicatum,Fleshy,,
Pachyanthus_reticulatus,Fleshy,,
Calycogonium_revolutum,Fleshy,,
Calycogonium_bissei,Fleshy,,
Miconia_tetrandra,Fleshy,,
Calycogonium_apleurum,Fleshy,,
Tetrazygia_discolor,Fleshy,,
Charianthus_alpinus,Fleshy,,
Charianthus_nodosus,Fleshy,,
Charianthus_dominicensis,Fleshy,,
Charianthus_corymbosus,Fleshy,,
Charianthus_purpureus,Fleshy,,
Mecranium_latifolium,Fleshy,,
Miconia_ovatifolia,Fleshy,,
Miconia_pratensis,Fleshy,,
Miconia_brachystemon,Fleshy,,
Miconia_hirsuta,Fleshy,,
Miconia_bohirdiana,Fleshy,,
Ossaea_pauciflora,Fleshy,,
Miconia_ascenditricha,Fleshy,,
Miconia_lanatifolia,Fleshy,,
Miconia_acunagalei,Fleshy,,
Miconia_ekmanii,Fleshy,,
Tetrazygia_biflora,Fleshy,,
Tetrazygia_elaeagnoides,Fleshy,,
Tetrazygia_urbani,Fleshy,,
Tetrazygia_angustifolia,Fleshy,,
Miconia_umbellata,Fleshy,,
Pachyanthus_blancheanus,Fleshy,,
Pachyanthus_pedicellatus,Fleshy,,
Tetrazygia_paralongicollis,Fleshy,,
Tetrazygia_longicollis,Fleshy,,
Miconia_karlkrugii,Fleshy,,
Miconia_krugiana,Fleshy,,
Miconia_hispidula,Fleshy,,
Miconia_charleswrightii,Fleshy,,
Miconia_reticulato,Fleshy,,
Miconia_vegaensis,Fleshy,,
Miconia_calycopteris,Fleshy,,
Miconia_inaequipetiolata,Fleshy,,
Miconia_norlindii,Fleshy,,
Miconia_limoides,Fleshy,,
Leandra_lima,Fleshy,,
Miconia_asperifolia,Fleshy,,
Miconia_granulata,Fleshy,,
Miconia_argentimuricata,Fleshy,,
Miconia_ottoschmidtii,Fleshy,,
Miconia_paralimoides,Fleshy,,
Miconia_pedunculata,Fleshy,,
Miconia_marginata,Fleshy,,
Miconia_reducens,Fleshy,,
Miconia_aponeura,Fleshy,,
Miconia_robinsoniana,Fleshy,,
Miconia_michelangeliana,Fleshy,,
Miconia_paradoxa,Fleshy,,
Miconia_brachybotrya,Fleshy,,
Miconia_indicoviolacea,Fleshy,,
Miconia_valerioana,Fleshy,,
Miconia_schunkei,Fleshy,,
Miconia_diaphanea,Fleshy,,
Miconia_aliquantula,Fleshy,,
Miconia_wagneri,Fleshy,,
Miconia_duckei,Fleshy,,
Miconia_dorsiloba,Fleshy,,
Miconia_centrodesma,Fleshy,,
Miconia_poeppigii,Fleshy,,
Miconia_melinonis,Fleshy,,
Miconia_leucocarpa,Fleshy,,
Miconia_fragilis,Fleshy,,
Miconia_myriantha,Fleshy,,
Miconia_pyrifolia,Fleshy,,
Miconia_rubiginosa,Fleshy,,
Miconia_cinnamomifolia,Fleshy,,
Miconia_ligustroides,Fleshy,,
Miconia_puberula,Fleshy,,
Miconia_minutiflora,Fleshy,,
Miconia_furfuracea,Fleshy,,
Miconia_lugonis,Fleshy,,
Miconia_pseudoaplostachya,Fleshy,,
Miconia_aplostachya,Fleshy,,
Miconia_gratissima,Fleshy,,
Miconia_ampla,Fleshy,,
Miconia_holosericea,Fleshy,,
Miconia_radicans,Fleshy,,
Miconia_biolleyana,Fleshy,,
Miconia_neocoronata,Fleshy,,
Miconia_atropurpurea,Fleshy,,
Miconia_reitziana,Fleshy,,
Miconia_quinquenervia,Fleshy,,
Miconia_aguilari,Fleshy,,
Miconia_alboglandulosa,Fleshy,,
Miconia_chocoensis,Fleshy,,
Miconia_approximata,Fleshy,,
Miconia_anchicayensis,Fleshy,,
Miconia_auriantiaca,Fleshy,,
Miconia_evanescens,Fleshy,,
Miconia_variabilis,Fleshy,,
Miconia_bensparrei,Fleshy,,
Miconia_albertobrenesii,Fleshy,,
Miconia_neomicrantha,Fleshy,,
Miconia_boekei,Fleshy,,
Miconia_laxivenula,Fleshy,,
Miconia_sessilis,Fleshy,,
Miconia_rufibarbis,Fleshy,,
Miconia_spiciformis,Fleshy,,
Miconia_solearis,Fleshy,,
Miconia_formicaria,Fleshy,,
Miconia_bractiflora,Fleshy,,
Miconia_simplex,Fleshy,,
Miconia_andersonii,Fleshy,,
Miconia_ernstii,Fleshy,,
Miconia_trinervia,Fleshy,,
Miconia_calvescens,Fleshy,,
Miconia_oldemanii,Fleshy,,
Miconia_maroana,Fleshy,,
Miconia_alata,Fleshy,,
Miconia_prasina,Fleshy,,
Miconia_ibaguensis,Fleshy,,
Miconia_schlechtendalii,Fleshy,,
Miconia_mendoncae,Fleshy,,
Miconia_alternans,Fleshy,,
Miconia_nambyquarae,Fleshy,,
Miconia_chamissois,Fleshy,,
Miconia_plukenetii,Fleshy,,
Miconia_rugosa,Fleshy,,
Miconia_biglandulosa,Fleshy,,
Miconia_tomentosa,Fleshy,,
Miconia_appendiculata,Fleshy,,
Miconia_splendens,Fleshy,,
Miconia_phanerostila,Fleshy,,
Miconia_mazanana,Fleshy,,
Miconia_matthaei,Fleshy,,
Miconia_grandifoliata,Fleshy,,
Miconia_staminea,Fleshy,,
Miconia_ramboi,Fleshy,,
Miconia_tristis,Fleshy,,
Miconia_inaequidens,Fleshy,,
Miconia_rimalis,Fleshy,,
Miconia_trianae,Fleshy,,
Miconia_paniculata,Fleshy,,
Miconia_tentaculifera,Fleshy,,
Miconia_pusilliflora,Fleshy,,
Miconia_longicuspis,Fleshy,,
Miconia_brasiliensis,Fleshy,,
Miconia_caudigera,Fleshy,,
Miconia_paucidens,Fleshy,,
Miconia_lateriflora,Fleshy,,
Miconia_affinis,Fleshy,,
Miconia_regelii,Fleshy,,
Miconia_egensis,Fleshy,,
Miconia_latecrenata,Fleshy,,
Miconia_petropolitana,Fleshy,,
Miconia_inconspicua,Fleshy,,
Miconia_commutata,Fleshy,,
Miconia_intricata,Fleshy,,
Miconia_brachycalyx,Fleshy,,
Miconia_smaragdina,Fleshy,,
Miconia_gracilis,Fleshy,,
Miconia_striata,Fleshy,,
Miconia_laevigata,Fleshy,,
Miconia_pyramidalis,Fleshy,,
Miconia_desmantha,Fleshy,,
Miconia_aeruginosa,Fleshy,,
Miconia_acuminifera,Fleshy,,
Miconia_sessilifolia,Fleshy,,
Miconia_pubipetala,Fleshy,,
Miconia_stevensiana,Fleshy,,
Miconia_longifolia,Fleshy,,
Miconia_tetragona,Fleshy,,
Miconia_dolichorrhyncha,Fleshy,,
Miconia_collatata,Fleshy,,
Miconia_donaeana,Fleshy,,
Miconia_cercophora,Fleshy,,
Miconia_caudata,Fleshy,,
Miconia_magdalenae,Fleshy,,
Miconia_impetiolaris,Fleshy,,
Miconia_stipitata,Fleshy,,
Miconia_spicellata,Fleshy,,
Miconia_argentea,Fleshy,,
Miconia_dolichopoda,Fleshy,,
Miconia_plethorica,Fleshy,,
Miconia_lonchophylla,Fleshy,,
Miconia_sanctiphilippi,Fleshy,,
Miconia_squamulosa,Fleshy,,
Miconia_sylvatica,Fleshy,,
Miconia_notabilis,Fleshy,,
Miconia_coronata,Fleshy,,
Miconia_triangularis,Fleshy,,
Miconia_nutans,Fleshy,,
Miconia_astroplocama,Fleshy,,
Miconia_hookeriana,Fleshy,,
Miconia_aureoides,Fleshy,,
Miconia_kraenzlinii,Fleshy,,
Miconia_glandulifera,Fleshy,,
Miconia_rosea,Fleshy,,
Clidemia_inobsepta,Fleshy,,
Clidemia_sprucei,Fleshy,,
Clidemia_heterophylla,Fleshy,,
Clidemia_ablusa,Fleshy,,
Clidemia_dimorphica,Fleshy,,
Tococa_carolensis,Fleshy,,
Miconia_serrulata,Fleshy,,
Miconia_bubalina,Fleshy,,
Miconia_hondurensis,Fleshy,,
Miconia_paleacea,Fleshy,,
Miconia_ioneura,Fleshy,,
Miconia_eriocalyx,Fleshy,,
Miconia_barbinervis,Fleshy,,
Miconia_stelligera,Fleshy,,
Miconia_aulocalyx,Fleshy,,
Miconia_abbreviata,Fleshy,,
Miconia_aurea,Fleshy,,
Miconia_molybdea,Fleshy,,
Miconia_acreana,Fleshy,,
Miconia_erioclada,Fleshy,,
Miconia_cyathanthera,Fleshy,,
Miconia_cipoensis,Fleshy,,
Miconia_budlejoides,Fleshy,,
Miconia_discolor,Fleshy,,
Miconia_octopetala,Fleshy,,
Miconia_capixaba,Fleshy,,
Miconia_cubatanensis,Fleshy,,
Miconia_kollmannii,Fleshy,,
Miconia_argyraea,Fleshy,,
Miconia_baumgratziana,Fleshy,,
Miconia_fasciculata,Fleshy,,
Miconia_pepericarpa,Fleshy,,
Miconia_penduliflora,Fleshy,,
Miconia_brunnea,Fleshy,,
Miconia_willdenowii,Fleshy,,
Miconia_robusta,Fleshy,,
Miconia_chartacea,Fleshy,,
Miconia_cabucu,Fleshy,,
Miconia_cinerascens,Fleshy,,
Miconia_lymanii,Fleshy,,
Miconia_angelana,Fleshy,,
Miconia_castaneiflora,Fleshy,,
Miconia_corallina,Fleshy,,
Miconia_sclerophylla,Fleshy,,
Miconia_heliotropoides,Fleshy,,
Miconia_macrothyrsa,Fleshy,,
Miconia_dispar,Fleshy,,
Miconia_ferruginata,Fleshy,,
Miconia_stenostachya,Fleshy,,
Miconia_decurrens,Fleshy,,
Miconia_pterocaulon,Fleshy,,
Miconia_argyrophylla,Fleshy,,
Miconia_acuminata,Fleshy,,
Miconia_hypoleuca,Fleshy,,
Miconia_alborufescens,Fleshy,,
Miconia_albicans,Fleshy,,
Miconia_elegans,Fleshy,,
Miconia_lourteigiana,Fleshy,,
Miconia_eriodonta,Fleshy,,
Miconia_oraria,Fleshy,,
Miconia_multispicata,Fleshy,,
Miconia_valtheri,Fleshy,,
Miconia_kriegeriana,Fleshy,,
Miconia_lepidota,Fleshy,,
Miconia_polyandra,Fleshy,,
Miconia_crassinervia,Fleshy,,
Miconia_longispicata,Fleshy,,
Miconia_traillii,Fleshy,,
Miconia_tiliifolia,Fleshy,,
Miconia_rufescens,Fleshy,,
Miconia_punctata,Fleshy,,
Miconia_elata,Fleshy,,
Miconia_chrysophylla,Fleshy,,
Clidemia_involucrata,Fleshy,,
Leandra_micropetala,Fleshy,,
Leandra_inaequalifolia,Fleshy,,
Leandra_purpurea,Fleshy,,
Leandra_rufescens,Fleshy,,
Miconia_nervosa,Fleshy,,
Leandra_polyadena,Fleshy,,
Miconia_ceramicarpa,Fleshy,,
Leandra_phelpsiae,Fleshy,,
Miconia_lappacea,Fleshy,,
Leandra_subobruta,Fleshy,,
Leandra_cuneata,Fleshy,,
Clidemia_heptamera,Fleshy,,
Miconia_plumifera,Fleshy,,
Clidemia_capitata,Fleshy,,
Leandra_edentula,Fleshy,,
Leandra_clidemioides,Fleshy,,
Leandra_verticillata,Fleshy,,
Leandra_coadunata,Fleshy,,
Miconia_procumbens,Fleshy,,
Clidemia_capitellata,Fleshy,,
Clidemia_novemnervia,Fleshy,,
Clidemia_urceolata,Fleshy,,
Clidemia_bullosa,Fleshy,,
Clidemia_biserrata,Fleshy,,
Clidemia_pustulata,Fleshy,,
Miconia_campestris,Fleshy,,
Clidemia_strigillosa,Fleshy,,
Miconia_bracteata,Fleshy,,
Clidemia_conglomerata,Fleshy,,
Miconia_tschudyoides,Fleshy,,
Miconia_polita,Fleshy,,
Miconia_tillettii,Fleshy,,
Clidemia_septuplinervia,Fleshy,,
Clidemia_heteroneura,Fleshy,,
Necramium_gigantophyllum,Fleshy,,
Clidemia_sericea,Fleshy,,
Clidemia_debilis,Fleshy,,
Clidemia_plumosa,Fleshy,,
Clidemia_monantha,Fleshy,,
Clidemia_ampla,Fleshy,,
Clidemia_umbrosa,Fleshy,,
Sagraea_scabrosa,Fleshy,,
Miconia_polychaete,Fleshy,,
Sagraea_ellipsoidea,Fleshy,,
Sagraea_setulosa,Fleshy,,
Sagraea_woodsii,Fleshy,,
Miconia_navifolia,Fleshy,,
Sagraea_curvipila,Fleshy,,
Ossaea_vazquezii,Fleshy,,
Clidemia_crossosepala,Fleshy,,
Clidemia_grisebachii,Fleshy,,
Ossaea_wrightii,Fleshy,,
Clidemia_scalpta,Fleshy,,
Sagraea_fuertesii,Fleshy,,
Sagraea_gracilis,Fleshy,,
Clidemia_fendleri,Fleshy,,
Clidemia_crenulata,Fleshy,,
Clidemia_ciliata,Fleshy,,
Clidemia_allardii,Fleshy,,
Clidemia_aphanantha,Fleshy,,
Clidemia_rubra,Fleshy,,
Clidemia_guadaloupensis,Fleshy,,
Clidemia_graciliflora,Fleshy,,
Clidemia_cruegeriana,Fleshy,,
Clidemia_trinitensis,Fleshy,,
Ossaea_rufescens,Fleshy,,
Sagraea_oligantha,Fleshy,,
Clidemia_domingensis,Fleshy,,
Clidemia_cubensis,Fleshy,,
Clidemia_trichotoma,Fleshy,,
Clidemia_leucandra,Fleshy,,
Clidemia_capituliflora,Fleshy,,
Tococa_caquetana,Fleshy,,
Miconia_trimera,Fleshy,,
Maieta_poeppigii,Fleshy,,
Maieta_guianensis,Fleshy,,
Clidemia_dentata,Fleshy,,
Clidemia_octona,Fleshy,,
Clidemia_laevifolia,Fleshy,,
Clidemia_erythropogon,Fleshy,,
Clidemia_hirta,Fleshy,,
Leandra_solenifera,Fleshy,,
Leandra_nanayensis,Fleshy,,
Leandra_glandulifera,Fleshy,,
Clidemia_charadrophylla,Fleshy,,
Clidemia_piperifolia,Fleshy,,
Clidemia_sessiliflora,Fleshy,,
Clidemia_alternifolia,Fleshy,,
Clidemia_japurensis,Fleshy,,
Miconia_japuraensis,Fleshy,,
Leandra_lasiopetala,Fleshy,,
Leandra_chaetodon,Fleshy,,
Clidemia_epibaterium,Fleshy,,
Leandra_aristigera,Fleshy,,
Ossaea_cucullata,Fleshy,,
Miconia_undata,Fleshy,,
Leandra_candelabrum,Fleshy,,
Clidemia_fluminensis,Fleshy,,
Clidemia_atrata,Fleshy,,
Pleiochiton_parasiticum,Fleshy,,
Pleiochiton_ebracteatum,Fleshy,,
Pleiochiton_roseum,Fleshy,,
Pleiochiton_amorimii,Fleshy,,
Pleiochiton_blepharodes,Fleshy,,
Pleiochiton_parvifolium,Fleshy,,
Pleiochiton_micranthum,Fleshy,,
Pleiochiton_setulosum,Fleshy,,
Miconia_labiakiana,Fleshy,,
Leandra_strigilliflora,Fleshy,,
Leandra_mollis,Fleshy,,
Leandra_dendroides,Fleshy,,
Leandra_penduliflora,Fleshy,,
Ossaea_suprabasalis,Fleshy,,
Leandra_adenothrix,Fleshy,,
Ossaea_cinnamomifolia,Fleshy,,
Ossaea_euphorbioides,Fleshy,,
Ossaea_coriacea,Fleshy,,
Leandra_cogniauxii,Fleshy,,
Leandra_loligomorpha,Fleshy,,
Ossaea_angustifolia,Fleshy,,
Leandra_capilliflora,Fleshy,,
Leandra_triantha,Fleshy,,
Leandra_hirta,Fleshy,,
Leandra_ulaei,Fleshy,,
Leandra_lapae,Fleshy,,
Leandra_umbellata,Fleshy,,
Leandra_glazioviana,Fleshy,,
Leandra_melastomoides,Fleshy,,
Leandra_capitata,Fleshy,,
Leandra_amplexicaulis,Fleshy,,
Leandra_therezopolitana,Fleshy,,
Leandra_sericea,Fleshy,,
Leandra_aspera,Fleshy,,
Leandra_santos,Fleshy,,
Leandra_mouraei,Fleshy,,
Leandra_breviflora,Fleshy,,
Leandra_planifilamentosa,Fleshy,,
Leandra_hatschbachii,Fleshy,,
Leandra_gynoverrucosa,Fleshy,,
Leandra_pallida,Fleshy,,
Leandra_tomentosa,Fleshy,,
Leandra_dentata,Fleshy,,
Leandra_quinquenodis,Fleshy,,
Leandra_quinquedentata,Fleshy,,
Leandra_vesiculosa,Fleshy,,
Leandra_neurotricha,Fleshy,,
Leandra_sulfurea,Fleshy,,
Leandra_reitzii,Fleshy,,
Leandra_barbinervis,Fleshy,,
Leandra_cordigera,Fleshy,,
Leandra_calvescens,Fleshy,,
Leandra_hirtella,Fleshy,,
Leandra_gracilis,Fleshy,,
Leandra_magdalenensis,Fleshy,,
Leandra_alpestris,Fleshy,,
Leandra_multisetosa,Fleshy,,
Leandra_riedeliana,Fleshy,,
Leandra_sabiaensis,Fleshy,,
Leandra_purpureovillosa,Fleshy,,
Ossaea_warmingiana,Fleshy,,
Ossaea_congestiflora,Fleshy,,
Leandra_heteroporata,Fleshy,,
Leandra_diffusa,Fleshy,,
Ossaea_cabraliensis,Fleshy,,
Leandra_fontanae,Fleshy,,
Leandra_cristata,Fleshy,,
Leandra_laxa,Fleshy,,
Leandra_reptans,Fleshy,,
Leandra_fallax,Fleshy,,
Leandra_fallacissima,Fleshy,,
Leandra_laevigata,Fleshy,,
Leandra_refracta,Fleshy,,
Leandra_salicina,Fleshy,,
Leandra_erostrata,Fleshy,,
Leandra_multiplinervis,Fleshy,,
Leandra_purpurascens,Fleshy,,
Leandra_regnellii,Fleshy,,
Leandra_acutiflora,Fleshy,,
Leandra_variabilis,Fleshy,,
Leandra_xantholasia,Fleshy,,
Leandra_xanthostachya,Fleshy,,
Leandra_xanthocoma,Fleshy,,
Leandra_nianga,Fleshy,,
Ossaea_confertiflora,Fleshy,,
Leandra_australis,Fleshy,,
Ossaea_amygdaloides,Fleshy,,
Leandra_ionopogon,Fleshy,,
Leandra_pennipilis,Fleshy,,
Ossaea_marginata,Fleshy,,
Ossaea_sanguinea,Fleshy,,
Leandra_eichleri,Fleshy,,
Leandra_fluminensis,Fleshy,,
Leandra_echinata,Fleshy,,
Leandra_brackenridgei,Fleshy,,
Leandra_pilonensis,Fleshy,,
Leandra_ribesiaeflora,Fleshy,,
Leandra_itatiaiae,Fleshy,,
Leandra_cardiophylla,Fleshy,,
Leandra_microphylla,Fleshy,,
Leandra_carassana,Fleshy,,
Leandra_collina,Fleshy,,
Leandra_paulina,Fleshy,,
Leandra_humilis,Fleshy,,
Leandra_catharinensis,Fleshy,,
Leandra_riograndensis,Fleshy,,
Leandra_polystachya,Fleshy,,
Leandra_tetraquetra,Fleshy,,
Leandra_coriacea,Fleshy,,
Leandra_crenata,Fleshy,,
Leandra_lacunosa,Fleshy,,
Leandra_rigida,Fleshy,,
Leandra_nana,Fleshy,,
Leandra_aurea,Fleshy,,
Leandra_warmingiana,Fleshy,,
Leandra_blanchetiana,Fleshy,,
Leandra_cancellata,Fleshy,,
Leandra_lancifolia,Fleshy,,
Leandra_glabrata,Fleshy,,
Leandra_miconiastrum,Fleshy,,
Leandra_foveolata,Fleshy,,
Leandra_polychaeta,Fleshy,,
Dactylocladus_stenostachys,Dry,Capsule,van Beusekom-Osinga and  van Beusekom 1975
Axinandra_coriacea,Dry,Capsule,van Beusekom-Osinga and  van Beusekom 1975
Axinandra_zeylanica,Dry,Capsule,van Beusekom-Osinga and  van Beusekom 1975
Crypteronia_paniculata,Dry,Capsule,van Beusekom-Osinga and  van Beusekom 1975
Crypteronia_borneensis,Dry,Capsule,van Beusekom-Osinga and  van Beusekom 1975
Crypteronia_glabriflora,Dry,Capsule,van Beusekom-Osinga and  van Beusekom 1975
Crypteronia_griffithii,Dry,Capsule,van Beusekom-Osinga and  van Beusekom 1975
Alzatea_verticillata,Dry,Capsule,Graham 1984
Olinia_emarginata,Fleshy,Drupe,Dahlgren and Thorne 1984
Olinia_vanguerioides,Fleshy,Drupe,Dahlgren and Thorne 1984
Olinia_radiata,Fleshy,Drupe,Dahlgren and Thorne 1984
Olinia_capensis,Fleshy,Drupe,Dahlgren and Thorne 1984
Olinia_cymosa,Fleshy,Drupe,Dahlgren and Thorne 1984
Olinia_ventosa,Fleshy,Drupe,Dahlgren and Thorne 1984
Rhynchocalyx_lawsonioides,Dry,Capsule,Dahlgren and Thorne 1984
Glischrocolla_formosa,Dry,Capsule,Dahlgren and Thorne 1984
Endonema_lateriflora,Dry,Capsule,Dahlgren and Thorne 1984
Endonema_retzioides,Dry,Capsule,Dahlgren and Thorne 1984
Brachysiphon_acutus,Dry,Capsule,Dahlgren and Thorne 1984
Stylapterus_micranthus,Dry,Capsule,Dahlgren and Thorne 1984
Saltera_sarcocolla,Dry,Capsule,Dahlgren and Thorne 1984
Sonderothamnus_petraeus,Dry,Capsule,Dahlgren and Thorne 1984
Sonderothamnus_speciosus,Dry,Capsule,Dahlgren and Thorne 1984
Brachysiphon_mundii,Dry,Capsule,Dahlgren and Thorne 1984
Brachysiphon_rupestris,Dry,Capsule,Dahlgren and Thorne 1984
Stylapterus_fruticulosus,Dry,Capsule,Dahlgren and Thorne 1984
Brachysiphon_fucatus,Dry,Capsule,Dahlgren and Thorne 1984
Stylapterus_ericoides,Dry,Capsule,Dahlgren and Thorne 1984
Brachysiphon_microphyllus,Dry,Capsule,Dahlgren and Thorne 1984
Penaea_mucronata,Dry,Capsule,Dahlgren and Thorne 1984
Penaea_acutifolia,Dry,Capsule,Dahlgren and Thorne 1984
Penaea_dahlgrenii,Dry,Capsule,Dahlgren and Thorne 1984