Species,Fruit_type,Fruit_type_and_notes,Notes,References
Porteranthus_stipulatus,Dry,"""Follicles""",,Gormley (1915)
Spiraea_trifoliata,Dry,Follicetum,,Xiang et al. (2016)
Gillenia_trifoliata,Dry,Follicetum,,Xiang et al. (2016)
Gillenia_stipulata,Dry,Follicetum,,Xiang et al. (2016)
Lindleya_mespiloides,Dry,"""Capsular dry fruits""",,Henrickson (2012)
Vauquelinia_corymbosa,Dry,Coccetum,,Xiang et al. (2016)
Vauquelinia_californica,Dry,Coccetum,,Xiang et al. (2016)
Sorbus_thomsonii,Fleshy,Pome,,Xiang et al. (2016)
Sorbus_caloneura,Fleshy,Pome,,Xiang et al. (2016)
Sorbus_dunnii,Fleshy,Pome,,Xiang et al. (2016)
Sorbus_folgneri,Fleshy,Pome,,Xiang et al. (2016)
Sorbus_yuana,Fleshy,Pome,,Xiang et al. (2016)
Aria_alnifolia,Fleshy,Pome,Note: Sorbus alnifolia (Basionym),Xiang et al. (2016); Tropicos accessed on Dec.2020
Sorbus_hemsleyi,Fleshy,Pome,,Xiang et al. (2016)
Sorbus_tsinlingensis,Fleshy,Pome,,Xiang et al. (2016)
Sorbus_coronata,Fleshy,Pome,,Xiang et al. (2016)
Photinia_hirsuta,Fleshy,Pome,,Xiang et al. (2016)
Photinia_impressivena,Fleshy,Pome,,Xiang et al. (2016)
Photinia_sorbifolia,Fleshy,Pome,,Xiang et al. (2016)
Photinia_schneideriana,Fleshy,Pome,,Xiang et al. (2016)
Photinia_benthamiana,Fleshy,Pome,,Xiang et al. (2016)
Photinia_fokienensis,Fleshy,Pome,,Xiang et al. (2016)
Photinia_parvifolia,Fleshy,Pome,,Xiang et al. (2016)
Photinia_villosa,Fleshy,Pome,,Xiang et al. (2016)
Photinia_komarovii,Fleshy,Pome,,Xiang et al. (2016)
Photinia_tsaii,Fleshy,Pome,,Xiang et al. (2016)
Photinia_beauverdiana,Fleshy,Pome,,Xiang et al. (2016)
Rhaphiolepis_umbellata,Fleshy,Pome,,Xiang et al. (2016)
Photinia_stenophylla,Fleshy,Pome,,Xiang et al. (2016)
Cotoneaster_verruculosus,Fleshy,Drupe-like pome,,Lu and Brach (2003); Fryer and Hylmo_ (2011)
Cotoneaster_nitidus,Fleshy,Drupe-like pome,,Lu and Brach (2003); Fryer and Hylmo_ (2011)
Cotoneaster_morrisonensis,Fleshy,Drupe-like pome,,Lu and Brach (2003); Fryer and Hylmo_ (2011)
Cotoneaster_assamensis,Fleshy,Drupe-like pome,,Lu and Brach (2003); Fryer and Hylmo_ (2011)
Cotoneaster_roseus,Fleshy,Drupe-like pome,,Lu and Brach (2003); Fryer and Hylmo_ (2011)
Cotoneaster_melanocarpus,Fleshy,Drupe-like pome,,Lu and Brach (2003); Fryer and Hylmo_ (2011)
Cotoneaster_integerrimus,Fleshy,Drupe-like pome,,Lu and Brach (2003); Fryer and Hylmo_ (2011)
Cotoneaster_armenus,Fleshy,Drupe-like pome,,Lu and Brach (2003); Fryer and Hylmo_ (2011)
Cotoneaster_niger,Fleshy,Drupe-like pome,,Lu and Brach (2003); Fryer and Hylmo_ (2011)
Cotoneaster_cambricus,Fleshy,Drupe-like pome,,Lu and Brach (2003); Fryer and Hylmo_ (2011)
Cotoneaster_racemiflorus,Fleshy,Drupe-like pome,,Lu and Brach (2003); Fryer and Hylmo_ (2011)
Cotoneaster_mongolicus,Fleshy,Drupe-like pome,,Lu and Brach (2003); Fryer and Hylmo_ (2011)
Cotoneaster_multiflorus,Fleshy,Drupe-like pome,,Lu and Brach (2003); Fryer and Hylmo_ (2011)
Cotoneaster_przewalskii,Fleshy,Drupe-like pome,,Lu and Brach (2003); Fryer and Hylmo_ (2011)
Cotoneaster_bullatus,Fleshy,Drupe-like pome,,Lu and Brach (2003); Fryer and Hylmo_ (2011)
Cotoneaster_sylvestrii,Fleshy,Drupe-like pome,,Lu and Brach (2003); Fryer and Hylmo_ (2011)
Cotoneaster_oliganthus,Fleshy,Drupe-like pome,,Lu and Brach (2003); Fryer and Hylmo_ (2011)
Cotoneaster_hebephyllus,Fleshy,Drupe-like pome,,Lu and Brach (2003); Fryer and Hylmo_ (2011)
Cotoneaster_submultiflorus,Fleshy,Drupe-like pome,,Lu and Brach (2003); Fryer and Hylmo_ (2011)
Cotoneaster_dammeri,Fleshy,Drupe-like pome,,Lu and Brach (2003); Fryer and Hylmo_ (2011)
Cotoneaster_coriaceus,Fleshy,Drupe-like pome,,Lu and Brach (2003); Fryer and Hylmo_ (2011)
Cotoneaster_turbinatus,Fleshy,Drupe-like pome,,Lu and Brach (2003); Fryer and Hylmo_ (2011)
Cotoneaster_giraldii,Fleshy,Drupe-like pome,,Lu and Brach (2003); Fryer and Hylmo_ (2011)
Cotoneaster_conspicuus,Fleshy,Drupe-like pome,,Lu and Brach (2003); Fryer and Hylmo_ (2011)
Cotoneaster_poluninii,Fleshy,Drupe-like pome,,Lu and Brach (2003); Fryer and Hylmo_ (2011)
Cotoneaster_procumbens,Fleshy,Drupe-like pome,,Lu and Brach (2003); Fryer and Hylmo_ (2011)
Cotoneaster_buxifolius,Fleshy,Drupe-like pome,,Lu and Brach (2003); Fryer and Hylmo_ (2011)
Cotoneaster_frigidus,Fleshy,Drupe-like pome,,Lu and Brach (2003); Fryer and Hylmo_ (2011)
Cotoneaster_monopyrenus,Fleshy,Drupe-like pome,,Lu and Brach (2003); Fryer and Hylmo_ (2011)
Cotoneaster_songaricus,Fleshy,Drupe-like pome,,Lu and Brach (2003); Fryer and Hylmo_ (2011)
Cotoneaster_glomerulatus,Fleshy,Drupe-like pome,,Lu and Brach (2003); Fryer and Hylmo_ (2011)
Cotoneaster_reticulatus,Fleshy,Drupe-like pome,,Lu and Brach (2003); Fryer and Hylmo_ (2011)
Cotoneaster_dielsianus,Fleshy,Drupe-like pome,,Lu and Brach (2003); Fryer and Hylmo_ (2011)
Cotoneaster_divaricatus,Fleshy,Drupe-like pome,,Lu and Brach (2003); Fryer and Hylmo_ (2011)
Cotoneaster_obscurus,Fleshy,Drupe-like pome,,Lu and Brach (2003); Fryer and Hylmo_ (2011)
Cotoneaster_adpressus,Fleshy,Drupe-like pome,,Lu and Brach (2003); Fryer and Hylmo_ (2011)
Cotoneaster_sternianus,Fleshy,Drupe-like pome,,Lu and Brach (2003); Fryer and Hylmo_ (2011)
Cotoneaster_wardii,Fleshy,Drupe-like pome,,Lu and Brach (2003); Fryer and Hylmo_ (2011)
Cotoneaster_acuminatus,Fleshy,Drupe-like pome,,Lu and Brach (2003); Fryer and Hylmo_ (2011)
Cotoneaster_atropurpureus,Fleshy,Drupe-like pome,,Lu and Brach (2003); Fryer and Hylmo_ (2011)
Cotoneaster_moupinensis,Fleshy,Drupe-like pome,,Lu and Brach (2003); Fryer and Hylmo_ (2011)
Cotoneaster_taoensis,Fleshy,Drupe-like pome,,Lu and Brach (2003); Fryer and Hylmo_ (2011)
Cotoneaster_microphyllus,Fleshy,Drupe-like pome,,Lu and Brach (2003); Fryer and Hylmo_ (2011)
Cotoneaster_perpusillus,Fleshy,Drupe-like pome,,Lu and Brach (2003); Fryer and Hylmo_ (2011)
Cotoneaster_salicifolius,Fleshy,Drupe-like pome,,Lu and Brach (2003); Fryer and Hylmo_ (2011)
Cotoneaster_ambiguus,Fleshy,Drupe-like pome,,Lu and Brach (2003); Fryer and Hylmo_ (2011)
Cotoneaster_foveolatus,Fleshy,Drupe-like pome,,Lu and Brach (2003); Fryer and Hylmo_ (2011)
Cotoneaster_franchetii,Fleshy,Drupe-like pome,,Lu and Brach (2003); Fryer and Hylmo_ (2011)
Cotoneaster_subadpressus,Fleshy,Drupe-like pome,,Lu and Brach (2003); Fryer and Hylmo_ (2011)
Cotoneaster_glaucophyllus,Fleshy,Drupe-like pome,,Lu and Brach (2003); Fryer and Hylmo_ (2011)
Cotoneaster_rotundifolius,Fleshy,Drupe-like pome,,Lu and Brach (2003); Fryer and Hylmo_ (2011)
Cotoneaster_acutifolius,Fleshy,Drupe-like pome,,Lu and Brach (2003); Fryer and Hylmo_ (2011)
Cotoneaster_nitens,Fleshy,Drupe-like pome,,Lu and Brach (2003); Fryer and Hylmo_ (2011)
Cotoneaster_sp,Fleshy,Drupe-like pome,,Lu and Brach (2003); Fryer and Hylmo_ (2011)
Cotoneaster_pannosus,Fleshy,Drupe-like pome,,Lu and Brach (2003); Fryer and Hylmo_ (2011)
Cotoneaster_apiculatus,Fleshy,Drupe-like pome,,Lu and Brach (2003); Fryer and Hylmo_ (2011)
Cotoneaster_rehderi,Fleshy,Drupe-like pome,,Lu and Brach (2003); Fryer and Hylmo_ (2011)
Cotoneaster_horizontalis,Fleshy,Drupe-like pome,,Lu and Brach (2003); Fryer and Hylmo_ (2011)
Cotoneaster_harrysmithii,Fleshy,Drupe-like pome,,Lu and Brach (2003); Fryer and Hylmo_ (2011)
Photinia_berberidifolia,Fleshy,Pome,,Xiang et al. (2016)
Stranvaesia_davidiana,Fleshy,Pome,,Xiang et al. (2016)
Photinia_davidiana,Fleshy,Pome,,Xiang et al. (2016)
Photinia_integrifolia,Fleshy,Pome,,Xiang et al. (2016)
Photinia_prionophylla,Fleshy,Pome,,Xiang et al. (2016)
Cormus_domestica,Fleshy,Pome,note: Basionym Sorbus domestica,Xiang et al. (2016)
Sorbus_domestica,Fleshy,Pome,,Xiang et al. (2016)
Chamaemespilus_alpina,Fleshy,Pome,"note: "" Often included in Sorbus s.""",Robertson et al. 1991
Sorbus_cambrensis,Fleshy,Pome,,Xiang et al. (2016)
Sorbus_porrigentiformis,Fleshy,Pome,,Xiang et al. (2016)
Sorbus_eminentiformis,Fleshy,Pome,,Xiang et al. (2016)
Sorbus_stenophylla,Fleshy,Pome,,Xiang et al. (2016)
Sorbus_rupicola,Fleshy,Pome,,Xiang et al. (2016)
Sorbus_aria,Fleshy,Pome,,Xiang et al. (2016)
Sorbus_whiteana,Fleshy,Pome,,Xiang et al. (2016)
Sorbus_hibernica,Fleshy,Pome,,Xiang et al. (2016)
Sorbus_leptophylla,Fleshy,Pome,,Xiang et al. (2016)
Sorbus_stirtoniana,Fleshy,Pome,,Xiang et al. (2016)
Sorbus_saxicola,Fleshy,Pome,,Xiang et al. (2016)
Sorbus_eminens,Fleshy,Pome,,Xiang et al. (2016)
Torminalis_sp,Fleshy,Pome,note: segragated from Sorbus,Robertson et al. 1991
Torminalis_clusii,Fleshy,Pome,note: segragated from Sorbus,Robertson et al. 1991
Sorbus_torminalis,Fleshy,Pome,,Xiang et al. (2016)
Pyracantha_angustifolia,Fleshy,Pome,,Robertson et al. 1991
Pyracantha_crenulata,Fleshy,Pome,,Robertson et al. 1991
Pyracantha_fortuneana,Fleshy,Pome,,Robertson et al. 1991
Pyracantha_coccinea,Fleshy,Pome,,Robertson et al. 1991
Eriobotrya_deflexa,Fleshy,Pome,,Xiang et al. (2016)
Eriobotrya_fragrans,Fleshy,Pome,,Xiang et al. (2016)
Eriobotrya_japonica,Fleshy,Pome,,Xiang et al. (2016)
Eriobotrya_bengalensis,Fleshy,Pome,,Xiang et al. (2016)
Eriobotrya_tengyuehensis,Fleshy,Pome,,Xiang et al. (2016)
Eriobotrya_prinoides,Fleshy,Pome,,Xiang et al. (2016)
Eriobotrya_seguinii,Fleshy,Pome,,Xiang et al. (2016)
Eriobotrya_malipoensis,Fleshy,Pome,,Xiang et al. (2016)
Rhaphiolepis_indica,Fleshy,Pome,,Xiang et al. (2016)
Dichotomanthes_tristaniicarpa,Fleshy,Pome,"note: ""The flesh of the fruit is of hypanthial origin, unlike the drupe of Prunus, which comes from ovarian tissue""",Robertson et al. 1991
Osteomeles_schwerinae,Fleshy,Pome,,"Rohrer et al., 1991"
Osteomeles_anthyllidifolia,Fleshy,Pome,,"Rohrer et al., 1991"
Photinia_bodinieri,Fleshy,Pome,,Xiang et al. (2016)
Stranvaesia_nussia,Fleshy,Pome,,Xiang et al. (2016)
Stranvaesia_oblanceolata,Fleshy,Pome,,Xiang et al. (2016)
Eriobotrya_cavaleriei,Fleshy,Pome,,Xiang et al. (2016)
Pyrus_ussuriensis,Fleshy,Pome,,Xiang et al. (2016)
Pyrus_korshinskyi,Fleshy,Pome,,Xiang et al. (2016)
Pyrus_hopeiensis,Fleshy,Pome,,Xiang et al. (2016)
Pyrus_syriaca,Fleshy,Pome,,Xiang et al. (2016)
Pyrus_spinosa,Fleshy,Pome,,Xiang et al. (2016)
Pyrus_elaeagnifolia,Fleshy,Pome,,Xiang et al. (2016)
Pyrus_amygdaliformis,Fleshy,Pome,,Xiang et al. (2016)
Pyrus_communis,Fleshy,Pome,,Xiang et al. (2016)
Pyrus_elaeagrifolia,Fleshy,Pome,,Xiang et al. (2016)
Pyrus_cossonii,Fleshy,Pome,,Xiang et al. (2016)
Pyrus_salicifolia,Fleshy,Pome,,Xiang et al. (2016)
Pyrus_sinkiangensis,Fleshy,Pome,,Xiang et al. (2016)
Pyrus_pashia,Fleshy,Pome,,Xiang et al. (2016)
Pyrus_pseudopashia,Fleshy,Pome,,Xiang et al. (2016)
Pyrus_fauriei,Fleshy,Pome,,Xiang et al. (2016)
Pyrus_betulifolia,Fleshy,Pome,,Xiang et al. (2016)
Pyrus_serrulata,Fleshy,Pome,,Xiang et al. (2016)
Pyrus_dimorphophylla,Fleshy,Pome,,Xiang et al. (2016)
Pyrus_phaeocarpa,Fleshy,Pome,,Xiang et al. (2016)
Pyrus_calleryana,Fleshy,Pome,,Xiang et al. (2016)
Pyrus_pyrifolia,Fleshy,Pome,,Xiang et al. (2016)
Chaenomeles_sinensis,Fleshy,polyprenous drupe,,Xiang et al. (2016)
Cydonia_oblonga,Fleshy,Pome,,Xiang et al. (2016)
Crataegus_columbiana,Fleshy,polyprenous drupe,,Xiang et al. (2016)
Photinia_serratifolia,Fleshy,Pome,,Xiang et al. (2016)
Photinia_glomerata,Fleshy,Pome,,Xiang et al. (2016)
Photinia_chihsiniana,Fleshy,Pome,,Xiang et al. (2016)
Photinia_lochengensis,Fleshy,Pome,,Xiang et al. (2016)
Photinia_tushanensis,Fleshy,Pome,,Xiang et al. (2016)
Photinia_prunifolia,Fleshy,Pome,,Xiang et al. (2016)
Photinia_glabra,Fleshy,Pome,,Xiang et al. (2016)
Photinia_raupingensis,Fleshy,Pome,,Xiang et al. (2016)
Heteromeles_arbutifolia,Fleshy,Pome,,Xiang et al. (2016)
Malus_doumeri,Fleshy,Pome,,Xiang et al. (2016)
Malus_leiocalyca,Fleshy,Pome,,Xiang et al. (2016)
Chamaemeles_coriacea,Fleshy,Pome,,Rohrer et al. (1991)
Docyniopsis_tschonoskii,Fleshy,Pome,,Rohrer et al. (1991)
Malus_tschonoskii,Fleshy,Pome,,Xiang et al. (2016)
Malus_spectabilis,Fleshy,Pome,,Xiang et al. (2016)
Docynia_indica,Fleshy,Pome,,Rohrer et al. (1991)
Docynia_delavayi,Fleshy,Pome,,Rohrer et al. (1991)
Malus_florentina,Fleshy,Pome,,Xiang et al. (2016)
Malus_brevipes,Fleshy,Pome,,Xiang et al. (2016)
Malus_prattii,Fleshy,Pome,,Xiang et al. (2016)
Malus_honanensis,Fleshy,Pome,,Xiang et al. (2016)
Malus_fusca,Fleshy,Pome,,Xiang et al. (2016)
Malus_kansuensis,Fleshy,Pome,,Xiang et al. (2016)
Malus_yunnanensis,Fleshy,Pome,,Xiang et al. (2016)
Malus_toringoides,Fleshy,Pome,,Xiang et al. (2016)
Malus_ombrophila,Fleshy,Pome,,Xiang et al. (2016)
Malus_sieversii,Fleshy,Pome,,Xiang et al. (2016)
Malus_asiatica,Fleshy,Pome,,Xiang et al. (2016)
Malus_denticulata,Fleshy,Pome,,Xiang et al. (2016)
Malus_niedzwetzkyana,Fleshy,Pome,,Xiang et al. (2016)
Malus_orientalis,Fleshy,Pome,,Xiang et al. (2016)
Malus_ringo,Fleshy,Pome,,Xiang et al. (2016)
Malus_caspiriensis,Fleshy,Pome,,Xiang et al. (2016)
Malus_sylvestris,Fleshy,Pome,,Xiang et al. (2016)
Malus_domestica,Fleshy,Pome,,Xiang et al. (2016)
Malus_transitoria,Fleshy,Pome,,Xiang et al. (2016)
Malus_baccata,Fleshy,Pome,,Xiang et al. (2016)
Malus_rockii,Fleshy,Pome,,Xiang et al. (2016)
Malus_hupehensis,Fleshy,Pome,,Xiang et al. (2016)
Malus_halliana,Fleshy,Pome,,Xiang et al. (2016)
Malus_carolinensis,Fleshy,Pome,,Xiang et al. (2016)
Malus_sargentii,Fleshy,Pome,,Xiang et al. (2016)
Malus_prunifolia,Fleshy,Pome,,Xiang et al. (2016)
Malus_zumi,Fleshy,Pome,,Xiang et al. (2016)
Malus_pallasiana,Fleshy,Pome,,Xiang et al. (2016)
Malus_pumila,Fleshy,Pome,,Xiang et al. (2016)
Malus_micromalus,Fleshy,Pome,,Xiang et al. (2016)
Malus_floribunda,Fleshy,Pome,,Xiang et al. (2016)
Malus_mandshurica,Fleshy,Pome,,Xiang et al. (2016)
Malus_sieboldii,Fleshy,Pome,,Xiang et al. (2016)
Malus_sikkimensis,Fleshy,Pome,,Xiang et al. (2016)
Malus_trilobata,Fleshy,Pome,,Xiang et al. (2016)
Malus_coronaria,Fleshy,Pome,,Xiang et al. (2016)
Malus_angustifolia,Fleshy,Pome,,Xiang et al. (2016)
Malus_ioensis,Fleshy,Pome,,Xiang et al. (2016)
Pseudocydonia_sinensis,Fleshy,Pome,,Xiang et al. (2016)
Chaenomeles_speciosa,Fleshy,polyprenous drupe,,Xiang et al. (2016)
Chaenomeles_japonica,Fleshy,polyprenous drupe,,Xiang et al. (2016)
Chaenomeles_cathayensis,Fleshy,polyprenous drupe,,Xiang et al. (2016)
Photinia_oblongifolia,Fleshy,Pome,,Xiang et al. (2016)
Crataegus_meyeri,Fleshy,polyprenous drupe,,Xiang et al. (2016)
Crataegus_rhipidophylla,Fleshy,polyprenous drupe,,Xiang et al. (2016)
Crataegus_nevadensis,Fleshy,polyprenous drupe,,Xiang et al. (2016)
Crataegus_pseudoheterophylla,Fleshy,polyprenous drupe,,Xiang et al. (2016)
Crataegus_orientalis,Fleshy,polyprenous drupe,,Xiang et al. (2016)
Crataegus_pycnoloba,Fleshy,polyprenous drupe,,Xiang et al. (2016)
Crataegus_phaenopyrum,Fleshy,polyprenous drupe,,Xiang et al. (2016)
Crataegus_marshallii,Fleshy,polyprenous drupe,,Xiang et al. (2016)
Crataegus_almaatensis,Fleshy,polyprenous drupe,,Xiang et al. (2016)
Crataegus_douglasii,Fleshy,polyprenous drupe,,Xiang et al. (2016)
Crataegus_castlegarensis,Fleshy,polyprenous drupe,,Xiang et al. (2016)
Crataegus_suksdorfii,Fleshy,polyprenous drupe,,Xiang et al. (2016)
Crataegus_sanguinea,Fleshy,polyprenous drupe,,Xiang et al. (2016)
Crataegus_chlorosarca,Fleshy,polyprenous drupe,,Xiang et al. (2016)
Crataegus_wattiana,Fleshy,polyprenous drupe,,Xiang et al. (2016)
Crataegus_russanovii,Fleshy,polyprenous drupe,,Xiang et al. (2016)
Crataegus_dahurica,Fleshy,polyprenous drupe,,Xiang et al. (2016)
Crataegus_kansuensis,Fleshy,polyprenous drupe,,Xiang et al. (2016)
Crataegus_maximowiczii,Fleshy,polyprenous drupe,,Xiang et al. (2016)
Crataegus_wilsonii,Fleshy,polyprenous drupe,,Xiang et al. (2016)
Crataegus_nigra,Fleshy,polyprenous drupe,,Xiang et al. (2016)
Crataegus_saligna,Fleshy,polyprenous drupe,,Xiang et al. (2016)
Crataegus_erythropoda,Fleshy,polyprenous drupe,,Xiang et al. (2016)
Crataegus_rivularis,Fleshy,polyprenous drupe,,Xiang et al. (2016)
Crataegus_calpodendron,Fleshy,polyprenous drupe,,Xiang et al. (2016)
Crataegus_succulenta,Fleshy,polyprenous drupe,,Xiang et al. (2016)
Crataegus_macracantha,Fleshy,polyprenous drupe,,Xiang et al. (2016)
Crataegus_sp,remove,remove,,remove
Crataegus_submollis,Fleshy,polyprenous drupe,,Xiang et al. (2016)
Crataegus_mollis,Fleshy,polyprenous drupe,,Xiang et al. (2016)
Crataegus_aestivalis,Fleshy,polyprenous drupe,,Xiang et al. (2016)
Crataegus_rufula,Fleshy,polyprenous drupe,,Xiang et al. (2016)
Crataegus_flabellata,Fleshy,polyprenous drupe,,Xiang et al. (2016)
Crataegus_irrasa,Fleshy,polyprenous drupe,,Xiang et al. (2016)
Crataegus_engelmannii,Fleshy,polyprenous drupe,,Xiang et al. (2016)
Crataegus_crux,Fleshy,polyprenous drupe,,Xiang et al. (2016)
Crataegus_collina,Fleshy,polyprenous drupe,,Xiang et al. (2016)
Crataegus_okennonii,Fleshy,polyprenous drupe,,Xiang et al. (2016)
Crataegus_chrysocarpa,Fleshy,polyprenous drupe,,Xiang et al. (2016)
Crataegus_agrestina,Fleshy,polyprenous drupe,,Xiang et al. (2016)
Crataegus_lassa,Fleshy,polyprenous drupe,,Xiang et al. (2016)
Crataegus_munda,Fleshy,polyprenous drupe,,Xiang et al. (2016)
Crataegus_triflora,Fleshy,polyprenous drupe,,Xiang et al. (2016)
Crataegus_punctata,Fleshy,polyprenous drupe,,Xiang et al. (2016)
Crataegus_enderbyensis,Fleshy,polyprenous drupe,,Xiang et al. (2016)
Crataegus_dodgei,Fleshy,polyprenous drupe,,Xiang et al. (2016)
Crataegus_crus-galli,Fleshy,polyprenous drupe,,Xiang et al. (2016)
Crataegus_compacta,Fleshy,polyprenous drupe,,Xiang et al. (2016)
Crataegus_harbisonii,Fleshy,polyprenous drupe,,Xiang et al. (2016)
Crataegus_ashei,Fleshy,polyprenous drupe,,Xiang et al. (2016)
Crataegus_viridis,Fleshy,polyprenous drupe,,Xiang et al. (2016)
Crataegus_sargentii,Fleshy,polyprenous drupe,,Xiang et al. (2016)
Crataegus_opaca,Fleshy,polyprenous drupe,,Xiang et al. (2016)
Crataegus_uniflora,Fleshy,polyprenous drupe,,Xiang et al. (2016)
Crataegus_grossidentata,Fleshy,polyprenous drupe,,Xiang et al. (2016)
Crataegus_laevigata,Fleshy,polyprenous drupe,,Xiang et al. (2016)
Crataegus_heldreichii,Fleshy,polyprenous drupe,,Xiang et al. (2016)
Crataegus_babakhanloui,Fleshy,polyprenous drupe,,Xiang et al. (2016)
Crataegus_monogyna,Fleshy,polyprenous drupe,,Xiang et al. (2016)
Crataegus_songarica,Fleshy,polyprenous drupe,,Xiang et al. (2016)
Crataegus_pinnatifida,Fleshy,polyprenous drupe,,Xiang et al. (2016)
Crataegus_pentagyna,Fleshy,polyprenous drupe,,Xiang et al. (2016)
Crataegus_hupehensis,Fleshy,polyprenous drupe,,Xiang et al. (2016)
Crataegus_spathulata,Fleshy,polyprenous drupe,,Xiang et al. (2016)
Mespilus_canescens,Fleshy,polyprenous drupe,,Xiang et al. (2016)
Mespilus_germanica,Fleshy,polyprenous drupe,,Xiang et al. (2016)
Crataegus_brachyacantha,Fleshy,polyprenous drupe,,Xiang et al. (2016)
Hesperomeles_latifolia,Fleshy,Pome,,Rohrer et al. (1991)
Hesperomeles_palcensis,Fleshy,Pome,,Xiang et al. (2016)
Malacomeles_denticulata,Fleshy,Pome,,Xiang et al. (2016)
Amelanchier_alnifolia,Fleshy,Pome,,Xiang et al. (2016)
Amelanchier_sanguinea,Fleshy,Pome,,Xiang et al. (2016)
Amelanchier_cusickii,Fleshy,Pome,,Xiang et al. (2016)
Amelanchier_utahensis,Fleshy,Pome,,Xiang et al. (2016)
Amelanchier_pumila,Fleshy,Pome,,Xiang et al. (2016)
Amelanchier_spicata,Fleshy,Pome,,Xiang et al. (2016)
Amelanchier_ovalis,Fleshy,Pome,,Xiang et al. (2016)
Amelanchier_interior,Fleshy,Pome,,Xiang et al. (2016)
Amelanchier_arborea,Fleshy,Pome,,Xiang et al. (2016)
Amelanchier_bartramiana,Fleshy,Pome,,Xiang et al. (2016)
Amelanchier_quinti-martii,Fleshy,Pome,,Xiang et al. (2016)
Amelanchier_intermedia,Fleshy,Pome,,Xiang et al. (2016)
Amelanchier_nantucketensis,Fleshy,Pome,,Xiang et al. (2016)
Amelanchier_canadensis,Fleshy,Pome,,Xiang et al. (2016)
Amelanchier_fernaldii,Fleshy,Pome,,Xiang et al. (2016)
Amelanchier_stolonifera,Fleshy,Pome,,Xiang et al. (2016)
Amelanchier_laevis,Fleshy,Pome,,Xiang et al. (2016)
Amelanchier_lamarckii,Fleshy,Pome,,Xiang et al. (2016)
Amelanchier_asiatica,Fleshy,Pome,,Xiang et al. (2016)
Peraphyllum_ramosissimum,Fleshy,Pome,,Rohrer et al. (1991)
Sorbus_randaiensis,Fleshy,Pome,,Xiang et al. (2016)
Sorbus_forrestii,Fleshy,Pome,,Xiang et al. (2016)
Sorbus_discolor,Fleshy,Pome,,Xiang et al. (2016)
Sorbus_koehneana,Fleshy,Pome,,Xiang et al. (2016)
Sorbus_aronioides,Fleshy,Pome,,Xiang et al. (2016)
Sorbus_prattii,Fleshy,Pome,,Xiang et al. (2016)
Sorbus_glomerulata,Fleshy,Pome,,Xiang et al. (2016)
Sorbus_tianschanica,Fleshy,Pome,,Xiang et al. (2016)
Sorbus_commixta,Fleshy,Pome,,Xiang et al. (2016)
Sorbus_intermedia,Fleshy,Pome,,Xiang et al. (2016)
Sorbus_scopulina,Fleshy,Pome,,Xiang et al. (2016)
Sorbus_vilmorinii,Fleshy,Pome,,Xiang et al. (2016)
Sorbus_decora,Fleshy,Pome,,Xiang et al. (2016)
Sorbus_leyana,Fleshy,Pome,,Xiang et al. (2016)
Sorbus_cuneifolia,Fleshy,Pome,,Xiang et al. (2016)
Sorbus_aucuparia,Fleshy,Pome,,Xiang et al. (2016)
Sorbus_anglica,Fleshy,Pome,,Xiang et al. (2016)
Sorbus_minima,Fleshy,Pome,,Xiang et al. (2016)
Sorbus_americana,Fleshy,Pome,,Xiang et al. (2016)
Sorbus_californica,Fleshy,Pome,,Xiang et al. (2016)
Sorbus_sambucifolia,Fleshy,Pome,,Xiang et al. (2016)
Aronia_melanocarpa,Fleshy,Pome,,Rohrer et al. (1991)
Aronia_arbutifolia,Fleshy,Pome,,Rohrer et al. (1991)
Aronia_sp,remove,remove,,
Aronia_prunifolia,Fleshy,Pome,,Rohrer et al. (1991)
Lindleyella_schiedeana,Dry,Capsule,"note: ""Obose, loculicidally dehiscent woody capsule""",Henrickson (2012)
Kageneckia_oblonga,Dry,Follicetum,,Xiang et al. (2016)
Kageneckia_angustifolia,Dry,Follicetum,,Xiang et al. (2016)
Prunus_hypoleuca,Fleshy,Drupe,,Xiang et al. (2016)
Prunus_incisoserrata,Fleshy,Drupe,,Xiang et al. (2016)
Prunus_lusitanica,Fleshy,Drupe,,Xiang et al. (2016)
Prunus_azorica,Fleshy,Drupe,,Xiang et al. (2016)
Prunus_laurocerasus,Fleshy,Drupe,,Xiang et al. (2016)
Prunus_undulata,Fleshy,Drupe,,Xiang et al. (2016)
Prunus_perulata,Fleshy,Drupe,,Xiang et al. (2016)
Prunus_buergeriana,Fleshy,Drupe,,Xiang et al. (2016)
Prunus_virginiana,Fleshy,Drupe,,Xiang et al. (2016)
Prunus_padus,Fleshy,Drupe,,Xiang et al. (2016)
Prunus_obtusata,Fleshy,Drupe,,Xiang et al. (2016)
Prunus_brachypoda,Fleshy,Drupe,,Xiang et al. (2016)
Prunus_fordiana,Fleshy,Drupe,,Xiang et al. (2016)
Prunus_phaeosticta,Fleshy,Drupe,,Xiang et al. (2016)
Prunus_occidentalis,Fleshy,Drupe,,Xiang et al. (2016)
Prunus_ilicifolia,Fleshy,Drupe,,Xiang et al. (2016)
Prunus_alabamensis,Fleshy,Drupe,,Xiang et al. (2016)
Prunus_serotina,Fleshy,Drupe,,Xiang et al. (2016)
Prunus_skutchii,Fleshy,Drupe,,Xiang et al. (2016)
Prunus_andersonii,Fleshy,Drupe,,Xiang et al. (2016)
Prunus_africana,Fleshy,Drupe,,Xiang et al. (2016)
Prunus_javanica,Fleshy,Drupe,,Xiang et al. (2016)
Laurocerasus_sp,Fleshy,Drupe,Note: Laurocerasus is included in Prunus,Kalkman (1965) 
Prunus_zippeliana,Fleshy,Drupe,,Xiang et al. (2016)
Prunus_grayana,Fleshy,Drupe,,Xiang et al. (2016)
Prunus_oblonga,Fleshy,Drupe,,Xiang et al. (2016)
Prunus_lancilimba,Fleshy,Drupe,,Xiang et al. (2016)
Prunus_oocarpa,Fleshy,Drupe,,Xiang et al. (2016)
Prunus_grisea,Fleshy,Drupe,,Xiang et al. (2016)
Prunus_debilis,Fleshy,Drupe,,Xiang et al. (2016)
Pygeum_ceylanica,Fleshy,Drupe,,Xiang et al. (2016)
Prunus_malayana,Fleshy,Drupe,,Xiang et al. (2016)
Prunus_polystachya,Fleshy,Drupe,,Xiang et al. (2016)
Pygeum_topengii,Fleshy,Drupe,,Xiang et al. (2016)
Prunus_henryi,Fleshy,Drupe,,Xiang et al. (2016)
Prunus_ceylanica,Fleshy,Drupe,,Xiang et al. (2016)
Prunus_stipulacea,Fleshy,Drupe,,Xiang et al. (2016)
Prunus_schlechteri,Fleshy,Drupe,,Xiang et al. (2016)
Prunus_oligantha,Fleshy,Drupe,,Xiang et al. (2016)
Prunus_costata,Fleshy,Drupe,,Xiang et al. (2016)
Prunus_dolichobotrys,Fleshy,Drupe,,Xiang et al. (2016)
Prunus_pullei,Fleshy,Drupe,,Xiang et al. (2016)
Prunus_gazelle-peninsulae,Fleshy,Drupe,,Xiang et al. (2016)
Prunus_annularis,Fleshy,Drupe,,Xiang et al. (2016)
Prunus_brachybotrya,Fleshy,Drupe,,Xiang et al. (2016)
Prunus_myrtifolia,Fleshy,Drupe,,Xiang et al. (2016)
Prunus_ovalis,Fleshy,Drupe,,Xiang et al. (2016)
Prunus_brittoniana,Fleshy,Drupe,,Xiang et al. (2016)
Prunus_amplifolia,Fleshy,Drupe,,Xiang et al. (2016)
Prunus_integrifolia,Fleshy,Drupe,,Xiang et al. (2016)
Prunus_tucumanensis,Fleshy,Drupe,,Xiang et al. (2016)
Prunus_caroliniana,Fleshy,Drupe,,Xiang et al. (2016)
Prunus_reflexa,Fleshy,Drupe,,Xiang et al. (2016)
Prunus_oleifolia,Fleshy,Drupe,,Xiang et al. (2016)
Prunus_wilsonii,Fleshy,Drupe,,Xiang et al. (2016)
Prunus_napaulensis,Fleshy,Drupe,,Xiang et al. (2016)
Prunus_mahaleb,Fleshy,Drupe,,Xiang et al. (2016)
Prunus_maackii,Fleshy,Drupe,,Xiang et al. (2016)
Prunus_avium,Fleshy,Drupe,,Xiang et al. (2016)
Prunus_pseudocerasus,Fleshy,Drupe,,Xiang et al. (2016)
Prunus_choreiana,Fleshy,Drupe,,Xiang et al. (2016)
Prunus_hallasenensis,Fleshy,Drupe,,Xiang et al. (2016)
Prunus_spinulosa,Fleshy,Drupe,,Xiang et al. (2016)
Prunus_nipponica,Fleshy,Drupe,,Xiang et al. (2016)
Prunus_emarginata,Fleshy,Drupe,,Xiang et al. (2016)
Prunus_subhirtella,Fleshy,Drupe,,Xiang et al. (2016)
Prunus_leveilleana,Fleshy,Drupe,,Xiang et al. (2016)
Prunus_maximowiczii,Fleshy,Drupe,,Xiang et al. (2016)
Prunus_cyclamina,Fleshy,Drupe,,Xiang et al. (2016)
Prunus_longistyla,Fleshy,Drupe,,Xiang et al. (2016)
Prunus_serrulata,Fleshy,Drupe,,Xiang et al. (2016)
Prunus_incisa,Fleshy,Drupe,,Xiang et al. (2016)
Prunus_apetala,Fleshy,Drupe,,Xiang et al. (2016)
Prunus_sp,remove,remove,,Xiang et al. (2016)
Prunus_dielsiana,Fleshy,Drupe,,Xiang et al. (2016)
Prunus_schneideriana,Fleshy,Drupe,,Xiang et al. (2016)
Prunus_discoidea,Fleshy,Drupe,,Xiang et al. (2016)
Prunus_cerasoides,Fleshy,Drupe,,Xiang et al. (2016)
Prunus_pensylvanica,Fleshy,Drupe,,Xiang et al. (2016)
Prunus_arborea,Fleshy,Drupe,,Xiang et al. (2016)
Prunus_pleiocerasus,Fleshy,Drupe,,Xiang et al. (2016)
Prunus_takesimensis,Fleshy,Drupe,,Xiang et al. (2016)
Cerasus_jamasakura,Fleshy,Drupe,note: Prunus subg. Cerasus,Tropicos
Prunus_sargentii,Fleshy,Drupe,,Xiang et al. (2016)
Cerasus_sp,remove,remove,,
Prunus_serrula,Fleshy,Drupe,,Xiang et al. (2016)
Prunus_clarofolia,Fleshy,Drupe,,Xiang et al. (2016)
Armeniaca_zhengheensis,Fleshy,Drupe,note: Prunus zhengheensis,"Tong and Xia, 2016"
Prunus_mume,Fleshy,Drupe,,Xiang et al. (2016)
Prunus_persica,Fleshy,Drupe,,Xiang et al. (2016)
Prunus_ussuriensis,Fleshy,Drupe,,Xiang et al. (2016)
Prunus_salicina,Fleshy,Drupe,,Xiang et al. (2016)
Prunus_japonica,Fleshy,Drupe,,Xiang et al. (2016)
Prunus_glandulosa,Fleshy,Drupe,,Xiang et al. (2016)
Prunus_tomentosa,Fleshy,Drupe,,Xiang et al. (2016)
Prunus_geniculata,Fleshy,Drupe,,Xiang et al. (2016)
Prunus_maritima,Fleshy,Drupe,,Xiang et al. (2016)
Prunus_munsoniana,Fleshy,Drupe,,Xiang et al. (2016)
Prunus_angustifolia,Fleshy,Drupe,,Xiang et al. (2016)
Prunus_alleghaniensis,Fleshy,Drupe,,Xiang et al. (2016)
Prunus_umbellata,Fleshy,Drupe,,Xiang et al. (2016)
Prunus_gracilis,Fleshy,Drupe,,Xiang et al. (2016)
Prunus_rivularis,Fleshy,Drupe,,Xiang et al. (2016)
Prunus_nigra,Fleshy,Drupe,,Xiang et al. (2016)
Prunus_hortulana,Fleshy,Drupe,,Xiang et al. (2016)
Prunus_mexicana,Fleshy,Drupe,,Xiang et al. (2016)
Prunus_americana,Fleshy,Drupe,,Xiang et al. (2016)
Prunus_texana,Fleshy,Drupe,,Xiang et al. (2016)
Prunus_cerasus,Fleshy,Drupe,,Xiang et al. (2016)
Prunus_domestica,Fleshy,Drupe,,Xiang et al. (2016)
Prunus_orthosepala,Fleshy,Drupe,,Xiang et al. (2016)
Prunus_bokhariensis,Fleshy,Drupe,,Xiang et al. (2016)
Prunus_cerasifera,Fleshy,Drupe,,Xiang et al. (2016)
Prunus_brigantina,Fleshy,Drupe,,Xiang et al. (2016)
Prunus_consociiflora,Fleshy,Drupe,,Xiang et al. (2016)
Prunus_simonii,Fleshy,Drupe,,Xiang et al. (2016)
Prunus_ferganica,Fleshy,Drupe,,Xiang et al. (2016)
Prunus_subcordata,Fleshy,Drupe,,Xiang et al. (2016)
Prunus_triloba,Fleshy,Drupe,,Xiang et al. (2016)
Prunus_armeniaca,Fleshy,Drupe,,Xiang et al. (2016)
Prunus_mandshurica,Fleshy,Drupe,,Xiang et al. (2016)
Prunus_pumila,Fleshy,Drupe,,Xiang et al. (2016)
Prunus_sibirica,Fleshy,Drupe,,Xiang et al. (2016)
Prunus_fasciculata,Fleshy,Drupe,,Xiang et al. (2016)
Prunus_pedunculata,Fleshy,Drupe,,Xiang et al. (2016)
Prunus_bifrons,Fleshy,Drupe,,Xiang et al. (2016)
Prunus_prostrata,Fleshy,Drupe,,Xiang et al. (2016)
Prunus_spinosa,Fleshy,Drupe,,Xiang et al. (2016)
Prunus_speciosa,Fleshy,Drupe,,Xiang et al. (2016)
Amygdalus_orazii,Fleshy,Drupe,note: Prunus subg. Amygdalus,Tropicos
Prunus_cocomilia,Fleshy,Drupe,,Xiang et al. (2016)
Prunus_korshinskyi,Fleshy,Drupe,,Xiang et al. (2016)
Amygdalus_pabotii,Fleshy,Drupe,note: Prunus subg. Amygdalus,Tropicos
Prunus_kotschyi,Fleshy,Drupe,,Xiang et al. (2016)
Prunus_kuramica,Fleshy,Drupe,,Xiang et al. (2016)
Amygdalus_nairica,Fleshy,Drupe,note: Prunus subg. Amygdalus,Tropicos
Prunus_lycioides,Fleshy,Drupe,,Xiang et al. (2016)
Prunus_haussknechtii,Fleshy,Drupe,,Xiang et al. (2016)
Prunus_trichamygdalus,Fleshy,Drupe,,Xiang et al. (2016)
Prunus_carduchorum,Fleshy,Drupe,,Xiang et al. (2016)
Prunus_bucharica,Fleshy,Drupe,,Xiang et al. (2016)
Amygdalus_reticulata,Fleshy,Drupe,note: Prunus subg. Amygdalus,Tropicos
Amygdalus_wendelboi,Fleshy,Drupe,note: Prunus subg. Amygdalus,Tropicos
Prunus_argentea,Fleshy,Drupe,,Xiang et al. (2016)
Prunus_leiocarpa,Fleshy,Drupe,,Xiang et al. (2016)
Prunus_scoparia,Fleshy,Drupe,,Xiang et al. (2016)
Prunus_arabica,Fleshy,Drupe,,Xiang et al. (2016)
Prunus_turcomanica,Fleshy,Drupe,,Xiang et al. (2016)
Prunus_glauca,Fleshy,Drupe,,Xiang et al. (2016)
Prunus_webbii,Fleshy,Drupe,,Xiang et al. (2016)
Prunus_elaeagnifolia,Fleshy,Drupe,,Xiang et al. (2016)
Prunus_dulcis,Fleshy,Drupe,,Xiang et al. (2016)
Prunus_spinosissima,Fleshy,Drupe,,Xiang et al. (2016)
Prunus_eburnea,Fleshy,Drupe,,Xiang et al. (2016)
Prunus_fenzliana,Fleshy,Drupe,,Xiang et al. (2016)
Amygdalus_kurdistanica,Fleshy,Drupe,note: Prunus subg. Amygdalus,Tropicos
Prunus_orientalis,Fleshy,Drupe,,Xiang et al. (2016)
Prunus_tenella,Fleshy,Drupe,,Xiang et al. (2016)
Prunus_petunnikowii,Fleshy,Drupe,,Xiang et al. (2016)
Prunus_kansuensis,Fleshy,Drupe,,Xiang et al. (2016)
Prunus_tangutica,Fleshy,Drupe,,Xiang et al. (2016)
Prunus_mira,Fleshy,Drupe,,Xiang et al. (2016)
Prunus_ferganensis,Fleshy,Drupe,,Xiang et al. (2016)
Prunus_davidiana,Fleshy,Drupe,,Xiang et al. (2016)
Adenostoma_fasciculatum,Dry,Achene,,Xiang et al. (2016)
Adenostoma_sparsifolium,Dry,Achene,,Xiang et al. (2016)
Sorbaria_kirilowii,Dry,Follicetum,"apparently a dry, capsule-like follicetum",Xiang et al. (2016)
Sorbaria_arborea,Dry,Follicetum,"apparently a dry, capsule-like follicetum",Xiang et al. (2016)
Chamaebatiaria_millefolium,Dry,Follicetum,"apparently a dry, capsule-like follicetum",Xiang et al. (2016); dendro.cnre.vt.edu
Sorbaria_sorbifolia,Dry,Follicetum,"apparently a dry, capsule-like follicetum",Xiang et al. (2016)
Xerospiraea_hartwegiana,Dry,"""follicular fruits""",,Henrickson (1985)
Holodiscus_discolor,Dry,Achenetum,,Xiang et al. (2016); plantdatabase.kpu.ca
Aruncus_dioicus,Dry,Follicetum,,Xiang et al. (2016)
Aruncus_aethusifolius,Dry,Follicetum,,Xiang et al. (2016)
Luetkea_pectinata,Dry,Follicetum,,Xiang et al. (2016)
Physocarpus_insularis,Dry,"""follicular fruits""",,Henrickson (1985)
Spiraea_trilobata,Dry,Follicetum,,Xiang et al. (2016)
Spiraea_cantoniensis,Dry,Follicetum,,Xiang et al. (2016)
Spiraea_pubescens,Dry,Follicetum,,Xiang et al. (2016)
Spiraea_nervosa,Dry,Follicetum,,Xiang et al. (2016)
Spiraea_blumei,Dry,Follicetum,,Xiang et al. (2016)
Spiraea_hypericifolia,Dry,Follicetum,,Xiang et al. (2016)
Spiraea_nipponica,Dry,Follicetum,,Xiang et al. (2016)
Spiraea_dahurica,Dry,Follicetum,,Xiang et al. (2016)
Spiraea_schneideriana,Dry,Follicetum,,Xiang et al. (2016)
Spiraea_canescens,Dry,Follicetum,,Xiang et al. (2016)
Spiraea_longigemmis,Dry,Follicetum,,Xiang et al. (2016)
Spiraea_crenata,Dry,Follicetum,,Xiang et al. (2016)
Spiraea_mollifolia,Dry,Follicetum,,Xiang et al. (2016)
Spiraea_sublobata,Dry,Follicetum,,Xiang et al. (2016)
Spiraea_lasiocarpa,Dry,Follicetum,,Xiang et al. (2016)
Spiraea_sp,remove,remove,,Xiang et al. (2016)
Padus_sp,remove,remove,Tropicos,note: Padus is included in Prunus; this is probably a misidentification - to exclude
Spiraea_mongolica,Dry,Follicetum,,Xiang et al. (2016)
Spiraea_veitchii,Dry,Follicetum,,Xiang et al. (2016)
Spiraea_betulifolia,Dry,Follicetum,,Xiang et al. (2016)
Spiraea_trichocarpa,Dry,Follicetum,,Xiang et al. (2016)
Spiraea_media,Dry,Follicetum,,Xiang et al. (2016)
Spiraea_thunbergii,Dry,Follicetum,,Xiang et al. (2016)
Spiraea_prunifolia,Dry,Follicetum,,Xiang et al. (2016)
Spiraea_alpina,Dry,Follicetum,,Xiang et al. (2016)
Spiraea_chinensis,Dry,Follicetum,,Xiang et al. (2016)
Spiraea_chamaedryfolia,Dry,Follicetum,,Xiang et al. (2016)
Spiraea_virginiana,Dry,Follicetum,,Xiang et al. (2016)
Spiraea_alba,Dry,Follicetum,,Xiang et al. (2016)
Spiraea_salicifolia,Dry,Follicetum,,Xiang et al. (2016)
Spiraea_miyabei,Dry,Follicetum,,Xiang et al. (2016)
Spiraea_japonica,Dry,Follicetum,,Xiang et al. (2016)
Spiraea_formosana,Dry,Follicetum,,Xiang et al. (2016)
Spiraea_douglasii,Dry,Follicetum,,Xiang et al. (2016)
Spiraea_densiflora,Dry,Follicetum,,Xiang et al. (2016)
Spiraea_rosthornii,Dry,Follicetum,,Xiang et al. (2016)
Spiraea_laeta,Dry,Follicetum,,Xiang et al. (2016)
Spiraea_purpurea,Dry,Follicetum,,Xiang et al. (2016)
Spiraea_decumbens,Dry,Follicetum,,Xiang et al. (2016)
Kelseya_uniflora,Dry,Follicetum,note: segregated from Spiraea,Tropicos
Petrophytum_caespitosum,Dry,Follicetum,,Xiang et al. (2016); dendro.cnre.vt.edu
Petrophytum_hendersonii,Dry,Follicetum,,Xiang et al. (2016)
Sibiraea_laevigata,Dry,Follicetum,,Xiang et al. (2016)
Pentactina_rupicola,Dry,Capsule,note: data from species' protologue,Tropicos
Neillia_gracilis,Dry,Follicetum,,Xiang et al. (2016)
Neillia_sparsiflora,Dry,Follicetum,,Xiang et al. (2016)
Neillia_thyrsiflora,Dry,Follicetum,,Xiang et al. (2016)
Neillia_serratisepala,Dry,Follicetum,,Xiang et al. (2016)
Neillia_sinensis,Dry,Follicetum,,Xiang et al. (2016)
Neillia_uekii,Dry,Follicetum,,Xiang et al. (2016)
Neillia_tanakae,Dry,Follicetum,,Xiang et al. (2016)
Neillia_affinis,Dry,Follicetum,,Xiang et al. (2016)
Neillia_thibetica,Dry,Follicetum,,Xiang et al. (2016)
Stephanandra_tanakae,Dry,Follicetum,,Xiang et al. (2016)
Neillia_hanceana,Dry,Follicetum,,Xiang et al. (2016)
Neillia_incisa,Dry,Follicetum,,Xiang et al. (2016)
Physocarpus_alternans,Dry,Follicetum,,Xiang et al. (2016)
Physocarpus_amurensis,Dry,Follicetum,,Xiang et al. (2016)
Physocarpus_opulifolius,Dry,Follicetum,,Xiang et al. (2016)
Physocarpus_monogynus,Dry,Follicetum,,Xiang et al. (2016)
Physocarpus_capitatus,Dry,Follicetum,,Xiang et al. (2016)
Physocarpus_malvaceus,Dry,Follicetum,,Xiang et al. (2016)
Rhodotypos_scandens,Fleshy,Nuculanium,,Xiang et al. (2016)
Coleogyne_ramosissima,Fleshy,Nuculanium,note: presumably dispersed by rodents,Jones (2012)
Neviusia_alabamensis,doubtful,Achenetum,note: difficult to say,
Kerria_japonica,doubtful,Nuculanium,note: difficult to say,
Exochorda_giraldii,Dry,Coccetum,,Xiang et al. (2016)
Exochorda_serratifolia,Dry,Coccetum,,Xiang et al. (2016)
Oemleria_cerasiformis,Fleshy,Drupetum,,Xiang et al. (2016)
Prinsepia_sinensis,Fleshy,Drupe,,Xiang et al. (2016)
Prinsepia_uniflora,Fleshy,Drupe,,Xiang et al. (2016)
Exochorda_racemosa,Dry,Coccetum,,Xiang et al. (2016)
Lyonothamnus_floribundus,Dry,Follicetum,,Xiang et al. (2016)
Filipendula_multijuga,Dry,Achene,,Baker and Baker (1967)
Filipendula_purpurea,Dry,Achene,,Baker and Baker (1967)
Filipendula_ulmaria,Dry,Achene,,Baker and Baker (1967)
Filipendula_vulgaris,Dry,Achene,,Baker and Baker (1967)
Agrimonia_eupatoria,Dry,Achene,,Xiang et al. (2016)
Agrimonia_procera,Dry,Achene,,Xiang et al. (2016)
Agrimonia_nipponica,Dry,Achene,,Xiang et al. (2016)
Agrimonia_gryposepala,Dry,Achene,,Xiang et al. (2016)
Agrimonia_parviflora,Dry,Achene,,Xiang et al. (2016)
Agrimonia_pilosa,Dry,Achene,,Xiang et al. (2016)
Leucosidea_sericea,Dry,Achene,,Xiang et al. (2016)
Sanguisorba_sitchensis,Dry,Achene,,Xiang et al. (2016)
Sanguisorba_japonensis,Dry,Achene,,Xiang et al. (2016)
Sanguisorba_hakusanensis,Dry,Achene,,Xiang et al. (2016)
Sanguisorba_albiflora,Dry,Achene,,Xiang et al. (2016)
Sanguisorba_stipulata,Dry,Achene,,Xiang et al. (2016)
Sanguisorba_obtusa,Dry,Achene,,Xiang et al. (2016)
Sanguisorba_canadensis,Dry,Achene,,Xiang et al. (2016)
Sanguisorba_officinalis,Dry,Achene,,Xiang et al. (2016)
Sanguisorba_tenuifolia,Dry,Achene,,Xiang et al. (2016)
Sanguisorba_filiformis,Dry,Achene,,Xiang et al. (2016)
Tetraglochin_cristatum,Dry,Achene,,Acosta et al. (2016)
Acaena_cylindristachya,Dry,Achene,,Xiang et al. (2016)
Acaena_magellanica,Dry,Achene,,Xiang et al. (2016)
Polylepis_tomentella,Dry,Achene,,Xiang et al. (2016)
Polylepis_hieronymi,Dry,Achene,,Xiang et al. (2016)
Polylepis_sericea,Dry,Achene,,Xiang et al. (2016)
Cliffortia_sp,remove,remove,remove,remove
Acaena_sp,remove,remove,remove,remove
Cliffortia_ferruginea,Dry,Achene,,Whitehouse (2002); Xiang et al. (2016)
Cliffortia_ramosissima,Dry,Achene,,Whitehouse (2002); Xiang et al. (2016)
Cliffortia_arcuata,Dry,Achene,,Whitehouse (2002); Xiang et al. (2016)
Cliffortia_castanea,Dry,Achene,,Whitehouse (2002); Xiang et al. (2016)
Cliffortia_montana,Dry,Achene,,Whitehouse (2002); Xiang et al. (2016)
Cliffortia_esterhuyseniae,Dry,Achene,,Whitehouse (2002); Xiang et al. (2016)
Cliffortia_weimarckii,Dry,Achene,,Whitehouse (2002); Xiang et al. (2016)
Cliffortia_dispar,Dry,Achene,,Whitehouse (2002); Xiang et al. (2016)
Cliffortia_eriocephalina,Dry,Achene,,Whitehouse (2002); Xiang et al. (2016)
Cliffortia_stricta,Dry,Achene,,Whitehouse (2002); Xiang et al. (2016)
Cliffortia_graminea,Dry,Achene,,Whitehouse (2002); Xiang et al. (2016)
Cliffortia_setifolia,Dry,Achene,,Whitehouse (2002); Xiang et al. (2016)
Cliffortia_rigida,Dry,Achene,,Whitehouse (2002); Xiang et al. (2016)
Cliffortia_brevifolia,Dry,Achene,,Whitehouse (2002); Xiang et al. (2016)
Cliffortia_cervicornu,Dry,Achene,,Whitehouse (2002); Xiang et al. (2016)
Cliffortia_complanata,Dry,Achene,,Whitehouse (2002); Xiang et al. (2016)
Cliffortia_propinqua,Dry,Achene,,Whitehouse (2002); Xiang et al. (2016)
Cliffortia_filicaulis,Dry,Achene,,Whitehouse (2002); Xiang et al. (2016)
Acaena_latebrosa,doubtful,"A dry fruit, but there's suggestion of ectozoochory",doubtful,"Lee et al., 2001"
Cliffortia_hantamensis,Dry,Achene,,Whitehouse (2002); Xiang et al. (2016)
Cliffortia_dracomontana,Dry,Achene,,Whitehouse (2002); Xiang et al. (2016)
Cliffortia_spathulata,Dry,Achene,,Whitehouse (2002); Xiang et al. (2016)
Cliffortia_crassinervis,Dry,Achene,,Whitehouse (2002); Xiang et al. (2016)
Cliffortia_micrantha,Dry,Achene,,Whitehouse (2002); Xiang et al. (2016)
Cliffortia_gracillima,Dry,Achene,,Whitehouse (2002); Xiang et al. (2016)
Cliffortia_dentata,Dry,Achene,,Whitehouse (2002); Xiang et al. (2016)
Cliffortia_browniana,Dry,Achene,,Whitehouse (2002); Xiang et al. (2016)
Cliffortia_monophylla,Dry,Achene,,Whitehouse (2002); Xiang et al. (2016)
Cliffortia_filicauloides,Dry,Achene,,Whitehouse (2002); Xiang et al. (2016)
Cliffortia_serpyllifolia,Dry,Achene,,Whitehouse (2002); Xiang et al. (2016)
Cliffortia_subsetacea,Dry,Achene,,Whitehouse (2002); Xiang et al. (2016)
Cliffortia_paucistaminea,Dry,Achene,,Whitehouse (2002); Xiang et al. (2016)
Cliffortia_curvifolia,Dry,Achene,,Whitehouse (2002); Xiang et al. (2016)
Cliffortia_linearifolia,Dry,Achene,,Whitehouse (2002); Xiang et al. (2016)
Cliffortia_anthospermoides,Dry,Achene,,Whitehouse (2002); Xiang et al. (2016)
Cliffortia_cristata,Dry,Achene,,Whitehouse (2002); Xiang et al. (2016)
Cliffortia_hexandra,Dry,Achene,,Whitehouse (2002); Xiang et al. (2016)
Cliffortia_polygonifolia,Dry,Achene,,Whitehouse (2002); Xiang et al. (2016)
Cliffortia_sericea,Dry,Achene,,Whitehouse (2002); Xiang et al. (2016)
Cliffortia_tenuis,Dry,Achene,,Whitehouse (2002); Xiang et al. (2016)
Cliffortia_marginata,Dry,Achene,,Whitehouse (2002); Xiang et al. (2016)
Cliffortia_phyllanthoides,Dry,Achene,,Whitehouse (2002); Xiang et al. (2016)
Cliffortia_obcordata,Dry,Achene,,Whitehouse (2002); Xiang et al. (2016)
Cliffortia_carinata,Dry,Achene,,Whitehouse (2002); Xiang et al. (2016)
Cliffortia_crenata,Dry,Achene,,Whitehouse (2002); Xiang et al. (2016)
Polylepis_tarapacana,Dry,Achene,,Whitehouse (2002); Xiang et al. (2016)
Cliffortia_incana,Dry,Achene,,Whitehouse (2002); Xiang et al. (2016)
Cliffortia_hirta,Dry,Achene,,Whitehouse (2002); Xiang et al. (2016)
Cliffortia_amplexistipula,Dry,Achene,,Whitehouse (2002); Xiang et al. (2016)
Cliffortia_glauca,Dry,Achene,,Whitehouse (2002); Xiang et al. (2016)
Cliffortia_pulchella,Dry,Achene,,Whitehouse (2002); Xiang et al. (2016)
Cliffortia_polita,Dry,Achene,,Whitehouse (2002); Xiang et al. (2016)
Cliffortia_obovata,Dry,Achene,,Whitehouse (2002); Xiang et al. (2016)
Cliffortia_varians,Dry,Achene,,Whitehouse (2002); Xiang et al. (2016)
Cliffortia_teretifolia,Dry,Achene,,Whitehouse (2002); Xiang et al. (2016)
Cliffortia_burgersii,Dry,Achene,,Whitehouse (2002); Xiang et al. (2016)
Cliffortia_alata,Dry,Achene,,Whitehouse (2002); Xiang et al. (2016)
Cliffortia_nivenioides,Dry,Achene,,Whitehouse (2002); Xiang et al. (2016)
Cliffortia_aculeata,Dry,Achene,,Whitehouse (2002); Xiang et al. (2016)
Cliffortia_longifolia,Dry,Achene,,Whitehouse (2002); Xiang et al. (2016)
Cliffortia_strobilifera,Dry,Achene,,Whitehouse (2002); Xiang et al. (2016)
Cliffortia_filifolia,Dry,Achene,,Whitehouse (2002); Xiang et al. (2016)
Cliffortia_erectisepala,Dry,Achene,,Whitehouse (2002); Xiang et al. (2016)
Cliffortia_burchellii,Dry,Achene,,Whitehouse (2002); Xiang et al. (2016)
Cliffortia_repens,Dry,Achene,,Whitehouse (2002); Xiang et al. (2016)
Cliffortia_tricuspidata,Dry,Achene,,Whitehouse (2002); Xiang et al. (2016)
Cliffortia_ericifolia,Dry,Achene,,Whitehouse (2002); Xiang et al. (2016)
Cliffortia_pterocarpa,Dry,Achene,,Whitehouse (2002); Xiang et al. (2016)
Cliffortia_multiformis,Dry,Achene,,Whitehouse (2002); Xiang et al. (2016)
Cliffortia_dodecandra,Dry,Achene,,Whitehouse (2002); Xiang et al. (2016)
Cliffortia_arborea,Dry,Achene,,Whitehouse (2002); Xiang et al. (2016)
Cliffortia_conifera,Dry,Achene,,Whitehouse (2002); Xiang et al. (2016)
Cliffortia_dichotoma,Dry,Achene,,Whitehouse (2002); Xiang et al. (2016)
Cliffortia_tuberculata,Dry,Achene,,Whitehouse (2002); Xiang et al. (2016)
Cliffortia_cruciata,Dry,Achene,,Whitehouse (2002); Xiang et al. (2016)
Cliffortia_atrata,Dry,Achene,,Whitehouse (2002); Xiang et al. (2016)
Cliffortia_densa,Dry,Achene,,Whitehouse (2002); Xiang et al. (2016)
Cliffortia_nitidula,Dry,Achene,,Whitehouse (2002); Xiang et al. (2016)
Cliffortia_cuneata,Dry,Achene,,Whitehouse (2002); Xiang et al. (2016)
Cliffortia_ruscifolia,Dry,Achene,,Whitehouse (2002); Xiang et al. (2016)
Cliffortia_ferricola,Dry,Achene,,Whitehouse (2002); Xiang et al. (2016)
Cliffortia_cymbifolia,Dry,Achene,,Whitehouse (2002); Xiang et al. (2016)
Cliffortia_hirsuta,Dry,Achene,,Whitehouse (2002); Xiang et al. (2016)
Cliffortia_recurvata,Dry,Achene,,Whitehouse (2002); Xiang et al. (2016)
Cliffortia_intermedia,Dry,Achene,,Whitehouse (2002); Xiang et al. (2016)
Cliffortia_oligodonta,Dry,Achene,,Whitehouse (2002); Xiang et al. (2016)
Cliffortia_strigosa,Dry,Achene,,Whitehouse (2002); Xiang et al. (2016)
Cliffortia_virgata,Dry,Achene,,Whitehouse (2002); Xiang et al. (2016)
Cliffortia_ovalis,Dry,Achene,,Whitehouse (2002); Xiang et al. (2016)
Cliffortia_denticulata,Dry,Achene,,Whitehouse (2002); Xiang et al. (2016)
Cliffortia_prionota,Dry,Achene,,Whitehouse (2002); Xiang et al. (2016)
Cliffortia_heterophylla,Dry,Achene,,Whitehouse (2002); Xiang et al. (2016)
Cliffortia_robusta,Dry,Achene,,Whitehouse (2002); Xiang et al. (2016)
Cliffortia_lanceolata,Dry,Achene,,Whitehouse (2002); Xiang et al. (2016)
Cliffortia_integerrima,Dry,Achene,,Whitehouse (2002); Xiang et al. (2016)
Cliffortia_theodorifriesii,Dry,Achene,,Whitehouse (2002); Xiang et al. (2016)
Cliffortia_dregeana,Dry,Achene,,Whitehouse (2002); Xiang et al. (2016)
Cliffortia_ceresana,Dry,Achene,,Whitehouse (2002); Xiang et al. (2016)
Cliffortia_acanthophylla,Dry,Achene,,Whitehouse (2002); Xiang et al. (2016)
Cliffortia_phillipsii,Dry,Achene,,Whitehouse (2002); Xiang et al. (2016)
Cliffortia_pungens,Dry,Achene,,Whitehouse (2002); Xiang et al. (2016)
Cliffortia_schlechteri,Dry,Achene,,Whitehouse (2002); Xiang et al. (2016)
Cliffortia_ilicifolia,Dry,Achene,,Whitehouse (2002); Xiang et al. (2016)
Cliffortia_grandifolia,Dry,Achene,,Whitehouse (2002); Xiang et al. (2016)
Cliffortia_reniformis,Dry,Achene,,Whitehouse (2002); Xiang et al. (2016)
Cliffortia_scandens,Dry,Achene,,Whitehouse (2002); Xiang et al. (2016)
Cliffortia_baccans,Dry,Achene,,Whitehouse (2002); Xiang et al. (2016)
Cliffortia_neglecta,Dry,Achene,,Whitehouse (2002); Xiang et al. (2016)
Cliffortia_acutifolia,Dry,Achene,,Whitehouse (2002); Xiang et al. (2016)
Cliffortia_odorata,Dry,Achene,,Whitehouse (2002); Xiang et al. (2016)
Cliffortia_viridis,Dry,Achene,,Whitehouse (2002); Xiang et al. (2016)
Cliffortia_pilifera,Dry,Achene,,Whitehouse (2002); Xiang et al. (2016)
Cliffortia_reticulata,Dry,Achene,,Whitehouse (2002); Xiang et al. (2016)
Cliffortia_juniperina,Dry,Achene,,Whitehouse (2002); Xiang et al. (2016)
Cliffortia_uncinata,Dry,Achene,,Whitehouse (2002); Xiang et al. (2016)
Cliffortia_falcata,Dry,Achene,,Whitehouse (2002); Xiang et al. (2016)
Cliffortia_apiculata,Dry,Achene,,Whitehouse (2002); Xiang et al. (2016)
Cliffortia_triloba,Dry,Achene,,Whitehouse (2002); Xiang et al. (2016)
Cliffortia_pedunculata,Dry,Achene,,Whitehouse (2002); Xiang et al. (2016)
Cliffortia_lepida,Dry,Achene,,Whitehouse (2002); Xiang et al. (2016)
Cliffortia_exilifolia,Dry,Achene,,Whitehouse (2002); Xiang et al. (2016)
Cliffortia_drepanoides,Dry,Achene,,Whitehouse (2002); Xiang et al. (2016)
Acaena_caesiglauca,doubtful,"A dry fruit, but there's suggestion of ectozoochory",doubtful,Lee et al. (2001)
Bencomia_sphaerocarpa,Fleshy,Achene,"""spongy and globular or ovoid""",Helfgott et al. (2000); Paz (2004)
Dendriopoterium_menendezii,Dry,Achene,"""dry and angled""",Helfgott et al. (2000); Paz (2004)
Bencomia_caudata,Fleshy,Achene,"""spongy and globular or ovoid""",Helfgott et al. (2000); Paz (2004)
Dendriopoterium_pulidoi,Dry,Achene,"""dry and angled""",Helfgott et al. (2000); Paz (2004)
Bencomia_exstipulata,Fleshy,Achene,"""spongy and globular or ovoid""",Helfgott et al. (2000); Paz (2004)
Bencomia_brachystachya,Fleshy,Achene,"""spongy and globular or ovoid""",Helfgott et al. (2000); Paz (2004)
Marcetella_maderensis,Dry,Achene,"""dry and two winged""",Helfgott et al. (2000); Paz (2004)
Marcetella_moquiniana,Dry,Achene,"""dry and two winged""",Helfgott et al. (2000); Paz (2004)
Sanguisorba_minor,Dry,Achene,,Purohit and Panigrahi (1984)
Sanguisorba_ancistroides,Dry,Achene,,Purohit and Panigrahi (1984)
Sarcopoterium_spinosum,Dry,Achene,"note: ""dispersal is often hydrochorous""",Kalkman (2004)
Sanguisorba_annua,Dry,Achene,,Purohit and Panigrahi (1984)
Hagenia_abyssinica,Dry,?,"""Fruit small, dry, winged""",Kalkman (2004); AgroForestryTree Database
Rosa_persica,Fleshy,Achenetum,"""hypanthium fleshy when fruiting""",Kalkman (2004); Xiang et al. (2016)
Rosa_zhongdianensis,Fleshy,Achenetum,"""hypanthium fleshy when fruiting""",Kalkman (2004); Xiang et al. (2016)
Rosa_sikangensis,Fleshy,Achenetum,"""hypanthium fleshy when fruiting""",Kalkman (2004); Xiang et al. (2016)
Rosa_mairei,Fleshy,Achenetum,"""hypanthium fleshy when fruiting""",Kalkman (2004); Xiang et al. (2016)
Rosa_omeiensis,Fleshy,Achenetum,"""hypanthium fleshy when fruiting""",Kalkman (2004); Xiang et al. (2016)
Rosa_sericea,Fleshy,Achenetum,"""hypanthium fleshy when fruiting""",Kalkman (2004); Xiang et al. (2016)
Rosa_ecae,Fleshy,Achenetum,"""hypanthium fleshy when fruiting""",Kalkman (2004); Xiang et al. (2016)
Rosa_primula,Fleshy,Achenetum,"""hypanthium fleshy when fruiting""",Kalkman (2004); Xiang et al. (2016)
Rosa_laxa,Fleshy,Achenetum,"""hypanthium fleshy when fruiting""",Kalkman (2004); Xiang et al. (2016)
Rosa_xanthina,Fleshy,Achenetum,"""hypanthium fleshy when fruiting""",Kalkman (2004); Xiang et al. (2016)
Rosa_clinophylla,Fleshy,Achenetum,"""hypanthium fleshy when fruiting""",Kalkman (2004); Xiang et al. (2016)
Rosa_bracteata,Fleshy,Achenetum,"""hypanthium fleshy when fruiting""",Kalkman (2004); Xiang et al. (2016)
Rosa_banksiae,Fleshy,Achenetum,"""hypanthium fleshy when fruiting""",Kalkman (2004); Xiang et al. (2016)
Rosa_cymosa,Fleshy,Achenetum,"""hypanthium fleshy when fruiting""",Kalkman (2004); Xiang et al. (2016)
Rosa_foetida,Fleshy,Achenetum,"""hypanthium fleshy when fruiting""",Kalkman (2004); Xiang et al. (2016)
Rosa_roxburghii,Fleshy,Achenetum,"""hypanthium fleshy when fruiting""",Kalkman (2004); Xiang et al. (2016)
Rosa_hirtula,Fleshy,Achenetum,"""hypanthium fleshy when fruiting""",Kalkman (2004); Xiang et al. (2016)
Rosa_laevigata,Fleshy,Achenetum,"""hypanthium fleshy when fruiting""",Kalkman (2004); Xiang et al. (2016)
Rosa_chinensis,Fleshy,Achenetum,"""hypanthium fleshy when fruiting""",Kalkman (2004); Xiang et al. (2016)
Rosa_brunonii,Fleshy,Achenetum,"""hypanthium fleshy when fruiting""",Kalkman (2004); Xiang et al. (2016)
Rosa_moschata,Fleshy,Achenetum,"""hypanthium fleshy when fruiting""",Kalkman (2004); Xiang et al. (2016)
Rosa_setigera,Fleshy,Achenetum,"""hypanthium fleshy when fruiting""",Kalkman (2004); Xiang et al. (2016)
Rosa_arvensis,Fleshy,Achenetum,"""hypanthium fleshy when fruiting""",Kalkman (2004); Xiang et al. (2016)
Rosa_corymbifera,Fleshy,Achenetum,"""hypanthium fleshy when fruiting""",Kalkman (2004); Xiang et al. (2016)
Rosa_gallica,Fleshy,Achenetum,"""hypanthium fleshy when fruiting""",Kalkman (2004); Xiang et al. (2016)
Rosa_villosa,Fleshy,Achenetum,"""hypanthium fleshy when fruiting""",Kalkman (2004); Xiang et al. (2016)
Rosa_phoenicia,Fleshy,Achenetum,"""hypanthium fleshy when fruiting""",Kalkman (2004); Xiang et al. (2016)
Rosa_sempervirens,Fleshy,Achenetum,"""hypanthium fleshy when fruiting""",Kalkman (2004); Xiang et al. (2016)
Rosa_columnifera,Fleshy,Achenetum,"""hypanthium fleshy when fruiting""",Kalkman (2004); Xiang et al. (2016)
Rosa_subcanina,Fleshy,Achenetum,"""hypanthium fleshy when fruiting""",Kalkman (2004); Xiang et al. (2016)
Rosa_abietina,Fleshy,Achenetum,"""hypanthium fleshy when fruiting""",Kalkman (2004); Xiang et al. (2016)
Rosa_montana,Fleshy,Achenetum,"""hypanthium fleshy when fruiting""",Kalkman (2004); Xiang et al. (2016)
Rosa_pseudoscabriuscula,Fleshy,Achenetum,"""hypanthium fleshy when fruiting""",Kalkman (2004); Xiang et al. (2016)
Rosa_canina,Fleshy,Achenetum,"""hypanthium fleshy when fruiting""",Kalkman (2004); Xiang et al. (2016)
Rosa_obtusifolia,Fleshy,Achenetum,"""hypanthium fleshy when fruiting""",Kalkman (2004); Xiang et al. (2016)
Rosa_stylosa,Fleshy,Achenetum,"""hypanthium fleshy when fruiting""",Kalkman (2004); Xiang et al. (2016)
Rosa_lichiangensis,Fleshy,Achenetum,"""hypanthium fleshy when fruiting""",Kalkman (2004); Xiang et al. (2016)
Rosa_longicuspis,Fleshy,Achenetum,"""hypanthium fleshy when fruiting""",Kalkman (2004); Xiang et al. (2016)
Rosa_tonquinensis,Fleshy,Achenetum,"""hypanthium fleshy when fruiting""",Kalkman (2004); Xiang et al. (2016)
Rosa_maximowicziana,Fleshy,Achenetum,"""hypanthium fleshy when fruiting""",Kalkman (2004); Xiang et al. (2016)
Rosa_lucieae,Fleshy,Achenetum,"""hypanthium fleshy when fruiting""",Kalkman (2004); Xiang et al. (2016)
Rosa_rubus,Fleshy,Achenetum,"""hypanthium fleshy when fruiting""",Kalkman (2004); Xiang et al. (2016)
Rosa_sambucina,Fleshy,Achenetum,"""hypanthium fleshy when fruiting""",Kalkman (2004); Xiang et al. (2016)
Rosa_helenae,Fleshy,Achenetum,"""hypanthium fleshy when fruiting""",Kalkman (2004); Xiang et al. (2016)
Rosa_henryi,Fleshy,Achenetum,"""hypanthium fleshy when fruiting""",Kalkman (2004); Xiang et al. (2016)
Rosa_weisiensis,Fleshy,Achenetum,"""hypanthium fleshy when fruiting""",Kalkman (2004); Xiang et al. (2016)
Rosa_tunquinensis,Fleshy,Achenetum,"""hypanthium fleshy when fruiting""",Kalkman (2004); Xiang et al. (2016)
Rosa_multiflora,Fleshy,Achenetum,"""hypanthium fleshy when fruiting""",Kalkman (2004); Xiang et al. (2016)
Rosa_sp,Fleshy,Achenetum,"""hypanthium fleshy when fruiting""",Kalkman (2004); Xiang et al. (2016)
Rosa_tomentosa,Fleshy,Achenetum,"""hypanthium fleshy when fruiting""",Kalkman (2004); Xiang et al. (2016)
Rosa_sherardii,Fleshy,Achenetum,"""hypanthium fleshy when fruiting""",Kalkman (2004); Xiang et al. (2016)
Rosa_agrestis,Fleshy,Achenetum,"""hypanthium fleshy when fruiting""",Kalkman (2004); Xiang et al. (2016)
Rosa_mollis,Fleshy,Achenetum,"""hypanthium fleshy when fruiting""",Kalkman (2004); Xiang et al. (2016)
Rosa_eglanteria,Fleshy,Achenetum,"""hypanthium fleshy when fruiting""",Kalkman (2004); Xiang et al. (2016)
Rosa_rubiginosa,Fleshy,Achenetum,"""hypanthium fleshy when fruiting""",Kalkman (2004); Xiang et al. (2016)
Rosa_glauca,Fleshy,Achenetum,"""hypanthium fleshy when fruiting""",Kalkman (2004); Xiang et al. (2016)
Rosa_marginata,Fleshy,Achenetum,"""hypanthium fleshy when fruiting""",Kalkman (2004); Xiang et al. (2016)
Rosa_subcollina,Fleshy,Achenetum,"""hypanthium fleshy when fruiting""",Kalkman (2004); Xiang et al. (2016)
Rosa_micrantha,Fleshy,Achenetum,"""hypanthium fleshy when fruiting""",Kalkman (2004); Xiang et al. (2016)
Rosa_odorata,Fleshy,Achenetum,"""hypanthium fleshy when fruiting""",Kalkman (2004); Xiang et al. (2016)
Rosa_soulieana,Fleshy,Achenetum,"""hypanthium fleshy when fruiting""",Kalkman (2004); Xiang et al. (2016)
Rosa_transmorrisonensis,Fleshy,Achenetum,"""hypanthium fleshy when fruiting""",Kalkman (2004); Xiang et al. (2016)
Rosa_davidii,Fleshy,Achenetum,"""hypanthium fleshy when fruiting""",Kalkman (2004); Xiang et al. (2016)
Rosa_caudata,Fleshy,Achenetum,"""hypanthium fleshy when fruiting""",Kalkman (2004); Xiang et al. (2016)
Rosa_praelucens,Fleshy,Achenetum,"""hypanthium fleshy when fruiting""",Kalkman (2004); Xiang et al. (2016)
Rosa_abyssinica,Fleshy,Achenetum,"""hypanthium fleshy when fruiting""",Kalkman (2004); Xiang et al. (2016)
Rosa_persetosa,Fleshy,Achenetum,"""hypanthium fleshy when fruiting""",Kalkman (2004); Xiang et al. (2016)
Rosa_acicularis,Fleshy,Achenetum,"""hypanthium fleshy when fruiting""",Kalkman (2004); Xiang et al. (2016)
Rosa_majalis,Fleshy,Achenetum,"""hypanthium fleshy when fruiting""",Kalkman (2004); Xiang et al. (2016)
Rosa_spinosissima,Fleshy,Achenetum,"""hypanthium fleshy when fruiting""",Kalkman (2004); Xiang et al. (2016)
Rosa_macrophylla,Fleshy,Achenetum,"""hypanthium fleshy when fruiting""",Kalkman (2004); Xiang et al. (2016)
Rosa_platyacantha,Fleshy,Achenetum,"""hypanthium fleshy when fruiting""",Kalkman (2004); Xiang et al. (2016)
Rosa_moyesii,Fleshy,Achenetum,"""hypanthium fleshy when fruiting""",Kalkman (2004); Xiang et al. (2016)
Rosa_willmottiae,Fleshy,Achenetum,"""hypanthium fleshy when fruiting""",Kalkman (2004); Xiang et al. (2016)
Rosa_bella,Fleshy,Achenetum,"""hypanthium fleshy when fruiting""",Kalkman (2004); Xiang et al. (2016)
Rosa_nipponensis,Fleshy,Achenetum,"""hypanthium fleshy when fruiting""",Kalkman (2004); Xiang et al. (2016)
Rosa_pendulina,Fleshy,Achenetum,"""hypanthium fleshy when fruiting""",Kalkman (2004); Xiang et al. (2016)
Rosa_woodsii,Fleshy,Achenetum,"""hypanthium fleshy when fruiting""",Kalkman (2004); Xiang et al. (2016)
Rosa_beggeriana,Fleshy,Achenetum,"""hypanthium fleshy when fruiting""",Kalkman (2004); Xiang et al. (2016)
Rosa_caesia,Fleshy,Achenetum,"""hypanthium fleshy when fruiting""",Kalkman (2004); Xiang et al. (2016)
Rosa_palustris,Fleshy,Achenetum,"""hypanthium fleshy when fruiting""",Kalkman (2004); Xiang et al. (2016)
Rosa_davurica,Fleshy,Achenetum,"""hypanthium fleshy when fruiting""",Kalkman (2004); Xiang et al. (2016)
Rosa_sertata,Fleshy,Achenetum,"""hypanthium fleshy when fruiting""",Kalkman (2004); Xiang et al. (2016)
Rosa_virginiana,Fleshy,Achenetum,"""hypanthium fleshy when fruiting""",Kalkman (2004); Xiang et al. (2016)
Rosa_sicula,Fleshy,Achenetum,"""hypanthium fleshy when fruiting""",Kalkman (2004); Xiang et al. (2016)
Rosa_californica,Fleshy,Achenetum,"""hypanthium fleshy when fruiting""",Kalkman (2004); Xiang et al. (2016)
Rosa_blanda,Fleshy,Achenetum,"""hypanthium fleshy when fruiting""",Kalkman (2004); Xiang et al. (2016)
Rosa_nitida,Fleshy,Achenetum,"""hypanthium fleshy when fruiting""",Kalkman (2004); Xiang et al. (2016)
Rosa_arkansana,Fleshy,Achenetum,"""hypanthium fleshy when fruiting""",Kalkman (2004); Xiang et al. (2016)
Rosa_rugosa,Fleshy,Achenetum,"""hypanthium fleshy when fruiting""",Kalkman (2004); Xiang et al. (2016)
Rosa_marretii,Fleshy,Achenetum,"""hypanthium fleshy when fruiting""",Kalkman (2004); Xiang et al. (2016)
Rosa_carolina,Fleshy,Achenetum,"""hypanthium fleshy when fruiting""",Kalkman (2004); Xiang et al. (2016)
Rosa_foliolosa,Fleshy,Achenetum,"""hypanthium fleshy when fruiting""",Kalkman (2004); Xiang et al. (2016)
Rosa_multibracteata,Fleshy,Achenetum,"""hypanthium fleshy when fruiting""",Kalkman (2004); Xiang et al. (2016)
Rosa_stellata,Fleshy,Achenetum,"""hypanthium fleshy when fruiting""",Kalkman (2004); Xiang et al. (2016)
Sibbaldia_procumbons,Dry,Achenetum,,Kalkman (2004); Xiang et al. (2016)
Potentilla_miyabei,Dry,Achenetum,,Kalkman (2004); Xiang et al. (2016)
Sibbaldianthe_bifurca,Dry,Achenetum,,Kalkman (2004); Xiang et al. (2016)
Sibbaldia_adpressa,Dry,Achenetum,,Kalkman (2004); Xiang et al. (2016)
Sibbaldia_parviflora,Dry,Achenetum,,Kalkman (2004); Xiang et al. (2016)
Sibbaldia_cuneata,Dry,Achenetum,,Kalkman (2004); Xiang et al. (2016)
Sibbaldia_procumbens,Dry,Achenetum,,Kalkman (2004); Xiang et al. (2016)
Alchemilla_rothii,Dry,Achenetum,"""a dry achene""",Kalkman (2004); Xiang et al. (2016)
Alchemilla_rutenbergii,Dry,Achenetum,"""a dry achene""",Kalkman (2004); Xiang et al. (2016)
Alchemilla_colura,Dry,Achenetum,"""a dry achene""",Kalkman (2004); Xiang et al. (2016)
Alchemilla_elongata,Dry,Achenetum,"""a dry achene""",Kalkman (2004); Xiang et al. (2016)
Alchemilla_woodii,Dry,Achenetum,"""a dry achene""",Kalkman (2004); Xiang et al. (2016)
Alchemilla_granvikii,Dry,Achenetum,"""a dry achene""",Kalkman (2004); Xiang et al. (2016)
Alchemilla_hildebrandtii,Dry,Achenetum,"""a dry achene""",Kalkman (2004); Xiang et al. (2016)
Alchemilla_ellenbeckii,Dry,Achenetum,"""a dry achene""",Kalkman (2004); Xiang et al. (2016)
Alchemilla_volkensii,Dry,Achenetum,"""a dry achene""",Kalkman (2004); Xiang et al. (2016)
Alchemilla_kiwuensis,Dry,Achenetum,"""a dry achene""",Kalkman (2004); Xiang et al. (2016)
Alchemilla_microbetula,Dry,Achenetum,"""a dry achene""",Kalkman (2004); Xiang et al. (2016)
Alchemilla_schizophylla,Dry,Achenetum,"""a dry achene""",Kalkman (2004); Xiang et al. (2016)
Alchemilla_triphylla,Dry,Achenetum,"""a dry achene""",Kalkman (2004); Xiang et al. (2016)
Alchemilla_argyrophylla,Dry,Achenetum,"""a dry achene""",Kalkman (2004); Xiang et al. (2016)
Alchemilla_subnivalis,Dry,Achenetum,"""a dry achene""",Kalkman (2004); Xiang et al. (2016)
Alchemilla_stuhlmannii,Dry,Achenetum,"""a dry achene""",Kalkman (2004); Xiang et al. (2016)
Alchemilla_elgonensis,Dry,Achenetum,"""a dry achene""",Kalkman (2004); Xiang et al. (2016)
Alchemilla_cryptantha,Dry,Achenetum,"""a dry achene""",Kalkman (2004); Xiang et al. (2016)
Alchemilla_haumanii,Dry,Achenetum,"""a dry achene""",Kalkman (2004); Xiang et al. (2016)
Alchemilla_fischeri,Dry,Achenetum,"""a dry achene""",Kalkman (2004); Xiang et al. (2016)
Alchemilla_abyssinica,Dry,Achenetum,"""a dry achene""",Kalkman (2004); Xiang et al. (2016)
Alchemilla_hageniae,Dry,Achenetum,"""a dry achene""",Kalkman (2004); Xiang et al. (2016)
Alchemilla_gracilipes,Dry,Achenetum,"""a dry achene""",Kalkman (2004); Xiang et al. (2016)
Alchemilla_johnstonii,Dry,Achenetum,"""a dry achene""",Kalkman (2004); Xiang et al. (2016)
Alchemilla_pedata,Dry,Achenetum,"""a dry achene""",Kalkman (2004); Xiang et al. (2016)
Alchemilla_dewildemanii,Dry,Achenetum,"""a dry achene""",Kalkman (2004); Xiang et al. (2016)
Alchemilla_roccatii,Dry,Achenetum,"""a dry achene""",Kalkman (2004); Xiang et al. (2016)
Alchemilla_andringitrensis,Dry,Achenetum,"""a dry achene""",Kalkman (2004); Xiang et al. (2016)
Alchemilla_aphanoides,Dry,Achenetum,"""a dry achene""",Kalkman (2004); Xiang et al. (2016)
Alchemilla_vulcanica,Dry,Achenetum,"""a dry achene""",Kalkman (2004); Xiang et al. (2016)
Alchemilla_jamesonii,Dry,Achenetum,"""a dry achene""",Kalkman (2004); Xiang et al. (2016)
Alchemilla_hirta,Dry,Achenetum,"""a dry achene""",Kalkman (2004); Xiang et al. (2016)
Alchemilla_procumbens,Dry,Achenetum,"""a dry achene""",Kalkman (2004); Xiang et al. (2016)
Alchemilla_heptagona,Dry,Achenetum,"""a dry achene""",Kalkman (2004); Xiang et al. (2016)
Alchemilla_flabellata,Dry,Achenetum,"""a dry achene""",Kalkman (2004); Xiang et al. (2016)
Alchemilla_aranica,Dry,Achenetum,"""a dry achene""",Kalkman (2004); Xiang et al. (2016)
Alchemilla_mollis,Dry,Achenetum,"""a dry achene""",Kalkman (2004); Xiang et al. (2016)
Alchemilla_fissa,Dry,Achenetum,"""a dry achene""",Kalkman (2004); Xiang et al. (2016)
Alchemilla_retinervis,Dry,Achenetum,"""a dry achene""",Kalkman (2004); Xiang et al. (2016)
Alchemilla_incisa,Dry,Achenetum,"""a dry achene""",Kalkman (2004); Xiang et al. (2016)
Alchemilla_indivisa,Dry,Achenetum,"""a dry achene""",Kalkman (2004); Xiang et al. (2016)
Alchemilla_tenerifolia,Dry,Achenetum,"""a dry achene""",Kalkman (2004); Xiang et al. (2016)
Alchemilla_epipsila,Dry,Achenetum,"""a dry achene""",Kalkman (2004); Xiang et al. (2016)
Alchemilla_catachnoa,Dry,Achenetum,"""a dry achene""",Kalkman (2004); Xiang et al. (2016)
Alchemilla_fallax,Dry,Achenetum,"""a dry achene""",Kalkman (2004); Xiang et al. (2016)
Alchemilla_coriacea,Dry,Achenetum,"""a dry achene""",Kalkman (2004); Xiang et al. (2016)
Alchemilla_vetteri,Dry,Achenetum,"""a dry achene""",Kalkman (2004); Xiang et al. (2016)
Alchemilla_erythropoda,Dry,Achenetum,"""a dry achene""",Kalkman (2004); Xiang et al. (2016)
Alchemilla_oscensis,Dry,Achenetum,"""a dry achene""",Kalkman (2004); Xiang et al. (2016)
Alchemilla_colorata,Dry,Achenetum,"""a dry achene""",Kalkman (2004); Xiang et al. (2016)
Alchemilla_xanthochlora,Dry,Achenetum,"""a dry achene""",Kalkman (2004); Xiang et al. (2016)
Alchemilla_montserratii,Dry,Achenetum,"""a dry achene""",Kalkman (2004); Xiang et al. (2016)
Alchemilla_plicata,Dry,Achenetum,"""a dry achene""",Kalkman (2004); Xiang et al. (2016)
Alchemilla_schmidelyana,Dry,Achenetum,"""a dry achene""",Kalkman (2004); Xiang et al. (2016)
Alchemilla_longana,Dry,Achenetum,"""a dry achene""",Kalkman (2004); Xiang et al. (2016)
Alchemilla_tenuis,Dry,Achenetum,"""a dry achene""",Kalkman (2004); Xiang et al. (2016)
Alchemilla_hispanica,Dry,Achenetum,"""a dry achene""",Kalkman (2004); Xiang et al. (2016)
Alchemilla_hybrida,Dry,Achenetum,"""a dry achene""",Kalkman (2004); Xiang et al. (2016)
Alchemilla_crinita,Dry,Achenetum,"""a dry achene""",Kalkman (2004); Xiang et al. (2016)
Alchemilla_ilerdensis,Dry,Achenetum,"""a dry achene""",Kalkman (2004); Xiang et al. (2016)
Alchemilla_glabra,Dry,Achenetum,"""a dry achene""",Kalkman (2004); Xiang et al. (2016)
Alchemilla_japonica,Dry,Achenetum,"""a dry achene""",Kalkman (2004); Xiang et al. (2016)
Alchemilla_filicaulis,Dry,Achenetum,"""a dry achene""",Kalkman (2004); Xiang et al. (2016)
Alchemilla_transiens,Dry,Achenetum,"""a dry achene""",Kalkman (2004); Xiang et al. (2016)
Alchemilla_saxatilis,Dry,Achenetum,"""a dry achene""",Kalkman (2004); Xiang et al. (2016)
Alchemilla_sp,Dry,Achenetum,"""a dry achene""",Kalkman (2004); Xiang et al. (2016)
Alchemilla_faeroensis,Dry,Achenetum,"""a dry achene""",Kalkman (2004); Xiang et al. (2016)
Alchemilla_grenieri,Dry,Achenetum,"""a dry achene""",Kalkman (2004); Xiang et al. (2016)
Alchemilla_angustata,Dry,Achenetum,"""a dry achene""",Kalkman (2004); Xiang et al. (2016)
Alchemilla_alpina,Dry,Achenetum,"""a dry achene""",Kalkman (2004); Xiang et al. (2016)
Alchemilla_charbonneliana,Dry,Achenetum,"""a dry achene""",Kalkman (2004); Xiang et al. (2016)
Alchemilla_atriuscula,Dry,Achenetum,"""a dry achene""",Kalkman (2004); Xiang et al. (2016)
Alchemilla_glacialis,Dry,Achenetum,"""a dry achene""",Kalkman (2004); Xiang et al. (2016)
Alchemilla_subsericea,Dry,Achenetum,"""a dry achene""",Kalkman (2004); Xiang et al. (2016)
Alchemilla_decumbens,Dry,Achenetum,"""a dry achene""",Kalkman (2004); Xiang et al. (2016)
Alchemilla_pentaphyllea,Dry,Achenetum,"""a dry achene""",Kalkman (2004); Xiang et al. (2016)
Aphanes_microcarpa,Dry,Achene or achenetum,,Feng et al. (2017)
Aphanes_minutiflora,Dry,Achene or achenetum,,Feng et al. (2017)
Aphanes_arvensis,Dry,Achene or achenetum,,Feng et al. (2017)
Aphanes_sp,Dry,Achene or achenetum,,Feng et al. (2017)
Aphanes_cornucopioides,Dry,Achene or achenetum,,Feng et al. (2017)
Aphanes_australis,Dry,Achene or achenetum,,Feng et al. (2017)
Alchemilla_polylepis,Dry,Achenetum,"""a dry achene""",Kalkman (2004); Xiang et al. (2016)
Alchemilla_ocreata,Dry,Achenetum,"""a dry achene""",Kalkman (2004); Xiang et al. (2016)
Alchemilla_splendens,Dry,Achenetum,"""a dry achene""",Kalkman (2004); Xiang et al. (2016)
Alchemilla_sprucei,Dry,Achenetum,"""a dry achene""",Kalkman (2004); Xiang et al. (2016)
Alchemilla_hispidula,Dry,Achenetum,"""a dry achene""",Kalkman (2004); Xiang et al. (2016)
Alchemilla_nivalis,Dry,Achenetum,"""a dry achene""",Kalkman (2004); Xiang et al. (2016)
Lachemilla_holmgrenii,Dry,Achene or achenetum,,Feng et al. (2017)
Lachemilla_llanganatensis,Dry,Achene or achenetum,,Feng et al. (2017)
Alchemilla_galioides,Dry,Achenetum,"""a dry achene""",Kalkman (2004); Xiang et al. (2016)
Alchemilla_holosericea,Dry,Achenetum,"""a dry achene""",Kalkman (2004); Xiang et al. (2016)
Alchemilla_verticillata,Dry,Achenetum,"""a dry achene""",Kalkman (2004); Xiang et al. (2016)
Lachemilla_angustata,Dry,Achene or achenetum,,Feng et al. (2017)
Alchemilla_tanacetifolia,Dry,Achenetum,"""a dry achene""",Kalkman (2004); Xiang et al. (2016)
Alchemilla_pinnata,Dry,Achenetum,"""a dry achene""",Kalkman (2004); Xiang et al. (2016)
Alchemilla_mandoniana,Dry,Achenetum,"""a dry achene""",Kalkman (2004); Xiang et al. (2016)
Lachemilla_uniflora,Dry,Achene or achenetum,,Feng et al. (2017)
Alchemilla_diplophylla,Dry,Achenetum,"""a dry achene""",Kalkman (2004); Xiang et al. (2016)
Alchemilla_pectinata,Dry,Achenetum,"""a dry achene""",Kalkman (2004); Xiang et al. (2016)
Alchemilla_fulvescens,Dry,Achenetum,"""a dry achene""",Kalkman (2004); Xiang et al. (2016)
Alchemilla_propinqua,Dry,Achenetum,"""a dry achene""",Kalkman (2004); Xiang et al. (2016)
Alchemilla_rupestris,Dry,Achenetum,"""a dry achene""",Kalkman (2004); Xiang et al. (2016)
Comarum_salesovianum,Dry,Achenetum,Note: receptacle is somewhat spongy,Kalkman (2004); Xiang et al. (2016)
Comarum_palustre,Dry,Achenetum,Note: receptacle is somewhat spongy,Kalkman (2004); Xiang et al. (2016)
Fragaria_chiloensis,Fleshy,Achenetum,note: enlarged torus,Kalkman (2004)
Fragaria_virginiana,Fleshy,Achenetum,note: enlarged torus,Kalkman (2004)
Fragaria_moschata,Fleshy,Achenetum,note: enlarged torus,Kalkman (2004)
Fragaria_mandshurica,Fleshy,Achenetum,note: enlarged torus,Kalkman (2004)
Fragaria_vesca,Fleshy,Achenetum,note: enlarged torus,Kalkman (2004)
Fragaria_sp,Fleshy,Achenetum,note: enlarged torus,Kalkman (2004)
Fragaria_daltoniana,Fleshy,Achenetum,note: enlarged torus,Kalkman (2004)
Fragaria_nilgerrensis,Fleshy,Achenetum,note: enlarged torus,Kalkman (2004)
Fragaria_tibetica,Fleshy,Achenetum,note: enlarged torus,Kalkman (2004)
Fragaria_orientalis,Fleshy,Achenetum,note: enlarged torus,Kalkman (2004)
Fragaria_nipponica,Fleshy,Achenetum,note: enlarged torus,Kalkman (2004)
Fragaria_moupinensis,Fleshy,Achenetum,note: enlarged torus,Kalkman (2004)
Fragaria_pentaphylla,Fleshy,Achenetum,note: enlarged torus,Kalkman (2004)
Fragaria_nubicola,Fleshy,Achenetum,note: enlarged torus,Kalkman (2004)
Fragaria_viridis,Fleshy,Achenetum,note: enlarged torus,Kalkman (2004)
Fragaria_hayatae,Fleshy,Achenetum,note: enlarged torus,Kalkman (2004)
Fragaria_iinumae,Fleshy,Achenetum,note: enlarged torus,Kalkman (2004)
Potaninia_mongolica,Dry,Achene,,Xiang et al. (2016)
Potentilla_parvifolia,Dry,Achenetum,,Xiang et al. (2016)
Dasiphora_phyllocalyx,Dry,Achenetum,,Xiang et al. (2016)
Dasiphora_davurica,Dry,Achenetum,,Xiang et al. (2016)
Dasiphora_fruticosa,Dry,Achenetum,,Xiang et al. (2016)
Chamaecallis_perpusillodes,Dry,Achene or achenetum,,Feng et al. (2017)
Drymocallis_pseudorupestris,Dry,Achenetum,,Xiang et al. (2016)
Drymocallis_glutinosa,Dry,Achenetum,,Xiang et al. (2016)
Potentilla_drummondii,Dry,Achenetum,,Xiang et al. (2016)
Drymocallis_corsica,Dry,Achenetum,,Xiang et al. (2016)
Drymocallis_rupestris,Dry,Achenetum,,Xiang et al. (2016)
Drymocallis_arguta,Dry,Achenetum,,Xiang et al. (2016)
Drymocallis_poteriifolia,Dry,Achenetum,,Xiang et al. (2016)
Chamaerhodos_mongholica,Dry,Achenetum,,Xiang et al. (2016)
Chamaerhodos_nuttallii,Dry,Achenetum,,Xiang et al. (2016)
Chamaerhodos_sabulosa,Dry,Achenetum,,Xiang et al. (2016)
Potentilla_tapetodes,Dry,Achenetum,,Xiang et al. (2016)
Potentilla_microphylla,Dry,Achenetum,,Xiang et al. (2016)
Potentilla_stenophylla,Dry,Achenetum,,Xiang et al. (2016)
Potentilla_glabriuscula,Dry,Achenetum,,Xiang et al. (2016)
Potentilla_songzhuensis,Dry,Achenetum,,Xiang et al. (2016)
Potentilla_peduncularis,Dry,Achenetum,,Xiang et al. (2016)
Potentilla_leuconota,Dry,Achenetum,,Xiang et al. (2016)
Potentilla_turfosa,Dry,Achenetum,,Xiang et al. (2016)
Sibbaldia_micropetala,Dry,Achenetum,,Xiang et al. (2016)
Sibbaldia_phanerophlebia,Dry,Achenetum,,Xiang et al. (2016)
Potentilla_polyphylla,Dry,Achenetum,,Xiang et al. (2016)
Potentilla_lignosa,Dry,Achenetum,,Xiang et al. (2016)
Potentilla_egedei,Dry,Achenetum,,Xiang et al. (2016)
Potentilla_anserina,Dry,Achenetum,,Xiang et al. (2016)
Potentilla_sterilis,Dry,Achenetum,,Xiang et al. (2016)
Potentilla_simulatrix,Dry,Achenetum,,Xiang et al. (2016)
Potentilla_centigrana,Dry,Achenetum,,Xiang et al. (2016)
Duchesnea_indica,Fleshy,Achene or achenetum,Note: enlarged receptacle as in Fragaria ,Kalkman (2004); Feng et al. (2017)
Potentilla_indica,remove,remove,note: synonym of Duchesnea indica,
Duchesnea_chrysantha,Fleshy,Achene or achenetum,Note: enlarged receptacle as in Fragaria ,Kalkman (2004); Feng et al. (2017)
Potentilla_erecta,Dry,Achenetum,,Xiang et al. (2016)
Potentilla_anglica,Dry,Achenetum,,Xiang et al. (2016)
Potentilla_reptans,Dry,Achenetum,,Xiang et al. (2016)
Potentilla_stolonifera,Dry,Achenetum,,Xiang et al. (2016)
Potentilla_fragarioides,Dry,Achenetum,,Xiang et al. (2016)
Horkeliella_purpurascens,Dry,Achene or achenetum,,Feng et al. (2017)
Horkelia_bolanderi,Dry,Achenetum,,Xiang et al. (2016)
Potentilla_sp,remove,remove,,Xiang et al. (2016)
Potentilla_norvegica,Dry,Achenetum,,Xiang et al. (2016)
Ivesia_kingii,Dry,Achene or achenetum,,Feng et al. (2017)
Ivesia_multifoliolata,Dry,Achene or achenetum,,Feng et al. (2017)
Potentilla_supina,Dry,Achenetum,,Panigrahi and Dikshit (1985); Xiang et al. (2016)
Potentilla_dombeyi,Dry,Achenetum,,Panigrahi and Dikshit (1985); Xiang et al. (2016)
Potentilla_speciosa,Dry,Achenetum,,Panigrahi and Dikshit (1985); Xiang et al. (2016)
Potentilla_subvahliana,Dry,Achenetum,,Panigrahi and Dikshit (1985); Xiang et al. (2016)
Potentilla_fragiformis,Dry,Achenetum,,Panigrahi and Dikshit (1985); Xiang et al. (2016)
Potentilla_elegans,Dry,Achenetum,,Panigrahi and Dikshit (1985); Xiang et al. (2016)
Potentilla_pulchella,Dry,Achenetum,,Panigrahi and Dikshit (1985); Xiang et al. (2016)
Potentilla_rubricaulis,Dry,Achenetum,,Panigrahi and Dikshit (1985); Xiang et al. (2016)
Potentilla_multifida,Dry,Achenetum,,Panigrahi and Dikshit (1985); Xiang et al. (2016)
Potentilla_petraea,Dry,Achenetum,,Panigrahi and Dikshit (1985); Xiang et al. (2016)
Potentilla_pannosa,Dry,Achenetum,,Panigrahi and Dikshit (1985); Xiang et al. (2016)
Potentilla_villosula,Dry,Achenetum,,Panigrahi and Dikshit (1985); Xiang et al. (2016)
Potentilla_persica,Dry,Achenetum,,Panigrahi and Dikshit (1985); Xiang et al. (2016)
Potentilla_kurdica,Dry,Achenetum,,Panigrahi and Dikshit (1985); Xiang et al. (2016)
Potentilla_grandiflora,Dry,Achenetum,,Panigrahi and Dikshit (1985); Xiang et al. (2016)
Potentilla_radiata,Dry,Achenetum,,Panigrahi and Dikshit (1985); Xiang et al. (2016)
Potentilla_tanacetifolia,Dry,Achenetum,,Panigrahi and Dikshit (1985); Xiang et al. (2016)
Potentilla_thuringiaca,Dry,Achenetum,,Panigrahi and Dikshit (1985); Xiang et al. (2016)
Potentilla_neumanniana,Dry,Achenetum,,Panigrahi and Dikshit (1985); Xiang et al. (2016)
Potentilla_chrysantha,Dry,Achenetum,,Panigrahi and Dikshit (1985); Xiang et al. (2016)
Potentilla_montenegrina,Dry,Achenetum,,Panigrahi and Dikshit (1985); Xiang et al. (2016)
Potentilla_nepalensis,Dry,Achenetum,,Panigrahi and Dikshit (1985); Xiang et al. (2016)
Potentilla_argentea,Dry,Achenetum,,Panigrahi and Dikshit (1985); Xiang et al. (2016)
Potentilla_flabellifolia,Dry,Achenetum,,Panigrahi and Dikshit (1985); Xiang et al. (2016)
Potentilla_pensylvanica,Dry,Achenetum,,Panigrahi and Dikshit (1985); Xiang et al. (2016)
Potentilla_atrosanguinea,Dry,Achenetum,,Panigrahi and Dikshit (1985); Xiang et al. (2016)
Potentilla_neumaniana,Dry,Achenetum,,Panigrahi and Dikshit (1985); Xiang et al. (2016)
Potentilla_adscharica,Dry,Achenetum,,Panigrahi and Dikshit (1985); Xiang et al. (2016)
Potentilla_recta,Dry,Achenetum,,Panigrahi and Dikshit (1985); Xiang et al. (2016)
Potentilla_crantzii,Dry,Achenetum,,Panigrahi and Dikshit (1985); Xiang et al. (2016)
Potentilla_pimpinelloides,Dry,Achenetum,,Panigrahi and Dikshit (1985); Xiang et al. (2016)
Potentilla_hyparctica,Dry,Achenetum,,Panigrahi and Dikshit (1985); Xiang et al. (2016)
Potentilla_concinna,Dry,Achenetum,,Panigrahi and Dikshit (1985); Xiang et al. (2016)
Potentilla_hippiana,Dry,Achenetum,,Panigrahi and Dikshit (1985); Xiang et al. (2016)
Potentilla_diversifolia,Dry,Achenetum,,Panigrahi and Dikshit (1985); Xiang et al. (2016)
Potentilla_gracilis,Dry,Achenetum,,Panigrahi and Dikshit (1985); Xiang et al. (2016)
Potentilla_nivea,Dry,Achenetum,,Panigrahi and Dikshit (1985); Xiang et al. (2016)
Potentilla_tollii,Dry,Achenetum,,Panigrahi and Dikshit (1985); Xiang et al. (2016)
Potentilla_multicaulis,Dry,Achenetum,,Panigrahi and Dikshit (1985); Xiang et al. (2016)
Potentilla_discolor,Dry,Achenetum,,Panigrahi and Dikshit (1985); Xiang et al. (2016)
Potentilla_chinensis,Dry,Achenetum,,Panigrahi and Dikshit (1985); Xiang et al. (2016)
Potentilla_stipularis,Dry,Achenetum,,Panigrahi and Dikshit (1985); Xiang et al. (2016)
Potentilla_kleiniana,Dry,Achenetum,,Panigrahi and Dikshit (1985); Xiang et al. (2016)
Potentilla_thurberi,Dry,Achenetum,,Panigrahi and Dikshit (1985); Xiang et al. (2016)
Potentilla_pulvinaris,Dry,Achenetum,,Panigrahi and Dikshit (1985); Xiang et al. (2016)
Potentilla_villosa,Dry,Achenetum,,Panigrahi and Dikshit (1985); Xiang et al. (2016)
Potentilla_bimundorum,Dry,Achenetum,,Panigrahi and Dikshit (1985); Xiang et al. (2016)
Potentilla_bipinnatifida,Dry,Achenetum,,Panigrahi and Dikshit (1985); Xiang et al. (2016)
Potentilla_uniflora,Dry,Achenetum,,Panigrahi and Dikshit (1985); Xiang et al. (2016)
Potentilla_biennis,Dry,Achenetum,,Panigrahi and Dikshit (1985); Xiang et al. (2016)
Ivesia_saxosa,Dry,Achene or achenetum,,Feng et al. (2017)
Ivesia_lycopodioides,Dry,Achene or achenetum,,Feng et al. (2017)
Sibbaldia_tetrandra,Dry,Achenetum,,Panigrahi and Dikshit (1985); Xiang et al. (2016)
Potentilla_clandestina,Dry,Achenetum,,Panigrahi and Dikshit (1985); Xiang et al. (2016)
Sibbaldia_purpurea,Dry,Achenetum,,Panigrahi and Dikshit (1985); Xiang et al. (2016)
Potentilla_griffithii,Dry,Achenetum,,Panigrahi and Dikshit (1985); Xiang et al. (2016)
Potentilla_articulata,Dry,Achenetum,,Panigrahi and Dikshit (1985); Xiang et al. (2016)
Potentilla_biflora,Dry,Achenetum,,Panigrahi and Dikshit (1985); Xiang et al. (2016)
Potentilla_curviseta,Dry,Achenetum,,Panigrahi and Dikshit (1985); Xiang et al. (2016)
Potentilla_ancistrifolia,Dry,Achenetum,,Panigrahi and Dikshit (1985); Xiang et al. (2016)
Potentilla_nitida,Dry,Achenetum,,Panigrahi and Dikshit (1985); Xiang et al. (2016)
Potentilla_divina,Dry,Achenetum,,Panigrahi and Dikshit (1985); Xiang et al. (2016)
Potentilla_clusiana,Dry,Achenetum,,Panigrahi and Dikshit (1985); Xiang et al. (2016)
Potentilla_micrantha,Dry,Achenetum,,Panigrahi and Dikshit (1985); Xiang et al. (2016)
Potentilla_grammopetala,Dry,Achenetum,,Panigrahi and Dikshit (1985); Xiang et al. (2016)
Potentilla_alchemilloides,Dry,Achenetum,,Panigrahi and Dikshit (1985); Xiang et al. (2016)
Potentilla_valderia,Dry,Achenetum,,Panigrahi and Dikshit (1985); Xiang et al. (2016)
Potentilla_tabernaemontani,Dry,Achenetum,,Panigrahi and Dikshit (1985); Xiang et al. (2016)
Potentilla_alba,Dry,Achenetum,,Panigrahi and Dikshit (1985); Xiang et al. (2016)
Potentilla_caulescens,Dry,Achenetum,,Panigrahi and Dikshit (1985); Xiang et al. (2016)
Fallugia_paradoxa,Dry,Achenetum,,Kalkman (2004); Xiang et al. (2016)
Sieversia_pusilla,Dry,Achenetum,"Note: related to Geum, probably same fruit type",Panigrahi and Purohit (1979)
Geum_pentapetalum,Dry,Achenetum,Note: probably wind dispersed,Kalkman (2004); Xiang et al. (2016)
Geum_glaciale,Dry,Achenetum,Note: probably wind dispersed,Kalkman (2004); Xiang et al. (2016)
Geum_bulgaricum,Dry,Achenetum,Note: probably wind dispersed,Kalkman (2004); Xiang et al. (2016)
Geum_andicola,Dry,Achenetum,Note: probably wind dispersed,Kalkman (2004); Xiang et al. (2016)
Geum_vernum,Dry,Achenetum,Note: probably wind dispersed,Kalkman (2004); Xiang et al. (2016)
Geum_chiloense,Dry,Achenetum,Note: probably wind dispersed,Kalkman (2004); Xiang et al. (2016)
Geum_macrophyllum,Dry,Achenetum,Note: probably wind dispersed,Kalkman (2004); Xiang et al. (2016)
Geum_reptans,Dry,Achenetum,Note: probably wind dispersed,Kalkman (2004); Xiang et al. (2016)
Geum_montanum,Dry,Achenetum,Note: probably wind dispersed,Kalkman (2004); Xiang et al. (2016)
Geum_canadense,Dry,Achenetum,Note: probably wind dispersed,Kalkman (2004); Xiang et al. (2016)
Geum_urbanum,Dry,Achenetum,Note: probably wind dispersed,Kalkman (2004); Xiang et al. (2016)
Geum_rivale,Dry,Achenetum,Note: probably wind dispersed,Kalkman (2004); Xiang et al. (2016)
Geum_geniculatum,Dry,Achenetum,Note: probably wind dispersed,Kalkman (2004); Xiang et al. (2016)
Geum_speciosum,Dry,Achenetum,Note: probably wind dispersed,Kalkman (2004); Xiang et al. (2016)
Geum_aleppicum,Dry,Achenetum,Note: probably wind dispersed,Kalkman (2004); Xiang et al. (2016)
Geum_rossii,Dry,Achenetum,Note: probably wind dispersed,Kalkman (2004); Xiang et al. (2016)
Geum_triflorum,Dry,Achenetum,Note: probably wind dispersed,Kalkman (2004); Xiang et al. (2016)
Coluria_elegans,Dry,Achenetum,,Xiang et al. (2016)
Coluria_geoides,Dry,Achenetum,,Xiang et al. (2016)
Acomastylis_elata,Dry,Achenetum,,Xiang et al. (2016)
Geum_sikkimense,Dry,Achenetum,,Kalkman (2004); Xiang et al. (2016)
Geum_heterocarpum,Dry,Achenetum,,Kalkman (2004); Xiang et al. (2016)
Geum_calthifolium,Dry,Achenetum,,Kalkman (2004); Xiang et al. (2016)
Taihangia_rupestris,Dry,Achenetum,,Kalkman (2004); Xiang et al. (2016)
Geum_fragarioides,Dry,Achenetum,,Kalkman (2004); Xiang et al. (2016)
Geum_waldsteiniae,Dry,Achenetum,,Kalkman (2004); Xiang et al. (2016)
Geum_leiospermum,Dry,Achenetum,,Kalkman (2004); Xiang et al. (2016)
Geum_cockaynei,Dry,Achenetum,,Kalkman (2004); Xiang et al. (2016)
Rubus_lasiostylus,Fleshy,Drupetum,,Xiang et al. (2016)
Rubus_innominatus,Fleshy,Drupetum,,Xiang et al. (2016)
Rubus_pungens,Fleshy,Drupetum,,Xiang et al. (2016)
Rubus_acaulis,Fleshy,Drupetum,,Xiang et al. (2016)
Rubus_subtibetanus,Fleshy,Drupetum,,Xiang et al. (2016)
Rubus_coreanus,Fleshy,Drupetum,,Xiang et al. (2016)
Rubus_inopertus,Fleshy,Drupetum,,Xiang et al. (2016)
Rubus_mesogaeus,Fleshy,Drupetum,,Xiang et al. (2016)
Rubus_parvifolius,Fleshy,Drupetum,,Xiang et al. (2016)
Rubus_subinopertus,Fleshy,Drupetum,,Xiang et al. (2016)
Rubus_idaeus,Fleshy,Drupetum,,Xiang et al. (2016)
Rubus_phoenicolasius,Fleshy,Drupetum,,Xiang et al. (2016)
Rubus_stans,Fleshy,Drupetum,,Xiang et al. (2016)
Rubus_hoffmeisterianus,Fleshy,Drupetum,,Xiang et al. (2016)
Rubus_biflorus,Fleshy,Drupetum,,Xiang et al. (2016)
Rubus_alexeterius,Fleshy,Drupetum,,Xiang et al. (2016)
Rubus_niveus,Fleshy,Drupetum,,Xiang et al. (2016)
Rubus_ursinus,Fleshy,Drupetum,,Xiang et al. (2016)
Rubus_macraei,Fleshy,Drupetum,,Xiang et al. (2016)
Rubus_arizonensis,Fleshy,Drupetum,,Xiang et al. (2016)
Rubus_discolor,Fleshy,Drupetum,,Xiang et al. (2016)
Rubus_parvus,Fleshy,Drupetum,,Xiang et al. (2016)
Rubus_canescens,Fleshy,Drupetum,,Xiang et al. (2016)
Rubus_geoides,Fleshy,Drupetum,,Xiang et al. (2016)
Rubus_gunnianus,Fleshy,Drupetum,,Xiang et al. (2016)
Rubus_moorei,Fleshy,Drupetum,,Xiang et al. (2016)
Rubus_nivalis,Fleshy,Drupetum,,Xiang et al. (2016)
Rubus_roseus,Fleshy,Drupetum,,Xiang et al. (2016)
Rubus_glabratus,Fleshy,Drupetum,,Xiang et al. (2016)
Rubus_nubigenus,Fleshy,Drupetum,,Xiang et al. (2016)
Rubus_urticifolius,Fleshy,Drupetum,,Xiang et al. (2016)
Rubus_praecox,Fleshy,Drupetum,,Xiang et al. (2016)
Rubus_alpinus,Fleshy,Drupetum,,Xiang et al. (2016)
Rubus_trivialis,Fleshy,Drupetum,,Xiang et al. (2016)
Rubus_plicatus,Fleshy,Drupetum,,Xiang et al. (2016)
Rubus_canadensis,Fleshy,Drupetum,,Xiang et al. (2016)
Rubus_setosus,Fleshy,Drupetum,,Xiang et al. (2016)
Rubus_pensilvanicus,Fleshy,Drupetum,,Xiang et al. (2016)
Rubus_hispidus,Fleshy,Drupetum,,Xiang et al. (2016)
Rubus_flagellaris,Fleshy,Drupetum,,Xiang et al. (2016)
Rubus_argutus,Fleshy,Drupetum,,Xiang et al. (2016)
Rubus_cuneifolius,Fleshy,Drupetum,,Xiang et al. (2016)
Rubus_nessensis,Fleshy,Drupetum,,Xiang et al. (2016)
Rubus_sapidus,Fleshy,Drupetum,,Xiang et al. (2016)
Rubus_hochstetterorum,Fleshy,Drupetum,,Xiang et al. (2016)
Rubus_glaucus,Fleshy,Drupetum,,Xiang et al. (2016)
Rubus_allegheniensis,Fleshy,Drupetum,,Xiang et al. (2016)
Rubus_divaricatus,Fleshy,Drupetum,,Xiang et al. (2016)
Rubus_vigorosus,Fleshy,Drupetum,,Xiang et al. (2016)
Rubus_ulmifolius,Fleshy,Drupetum,,Xiang et al. (2016)
Rubus_sanctus,Fleshy,Drupetum,,Xiang et al. (2016)
Rubus_bifrons,Fleshy,Drupetum,,Xiang et al. (2016)
Rubus_sulcatus,Fleshy,Drupetum,,Xiang et al. (2016)
Rubus_caesius,Fleshy,Drupetum,,Xiang et al. (2016)
Rubus_pedemontanus,Fleshy,Drupetum,,Xiang et al. (2016)
Rubus_caucasicus,Fleshy,Drupetum,,Xiang et al. (2016)
Rubus_fruticosus,Fleshy,Drupetum,,Xiang et al. (2016)
Rubus_arcticus,Fleshy,Drupetum,,Xiang et al. (2016)
Rubus_pubescens,Fleshy,Drupetum,,Xiang et al. (2016)
Rubus_ellipticus,Fleshy,Drupetum,,Xiang et al. (2016)
Rubus_wallichianus,Fleshy,Drupetum,,Xiang et al. (2016)
Rubus_humulifolius,Fleshy,Drupetum,,Xiang et al. (2016)
Rubus_pectinellus,Fleshy,Drupetum,,Xiang et al. (2016)
Rubus_trianthus,Fleshy,Drupetum,,Xiang et al. (2016)
Rubus_crataegifolius,Fleshy,Drupetum,,Xiang et al. (2016)
Rubus_trifidus,Fleshy,Drupetum,,Xiang et al. (2016)
Rubus_macilentus,Fleshy,Drupetum,,Xiang et al. (2016)
Rubus_eustephanos,Fleshy,Drupetum,,Xiang et al. (2016)
Rubus_sumatranus,Fleshy,Drupetum,,Xiang et al. (2016)
Rubus_rosifolius,Fleshy,Drupetum,,Xiang et al. (2016)
Rubus_tsangii,Fleshy,Drupetum,,Xiang et al. (2016)
Rubus_amabilis,Fleshy,Drupetum,,Xiang et al. (2016)
Rubus_hirsutus,Fleshy,Drupetum,,Xiang et al. (2016)
Rubus_hongnoensis,Fleshy,Drupetum,,Xiang et al. (2016)
Rubus_croceacanthus,Fleshy,Drupetum,,Xiang et al. (2016)
Rubus_illecebrosus,Fleshy,Drupetum,,Xiang et al. (2016)
Rubus_ribisoideus,Fleshy,Drupetum,,Xiang et al. (2016)
Rubus_longisepalus,Fleshy,Drupetum,,Xiang et al. (2016)
Rubus_palmatus,Fleshy,Drupetum,,Xiang et al. (2016)
Rubus_corchorifolius,Fleshy,Drupetum,,Xiang et al. (2016)
Rubus_chingii,Fleshy,Drupetum,,Xiang et al. (2016)
Rubus_idaeopsis,Fleshy,Drupetum,,Xiang et al. (2016)
Rubus_saxatilis,Fleshy,Drupetum,,Xiang et al. (2016)
Rubus_leucodermis,Fleshy,Drupetum,,Xiang et al. (2016)
Rubus_occidentalis,Fleshy,Drupetum,,Xiang et al. (2016)
Rubus_lineatus,Fleshy,Drupetum,,Xiang et al. (2016)
Rubus_calophyllus,Fleshy,Drupetum,,Xiang et al. (2016)
Rubus_amphidasys,Fleshy,Drupetum,,Xiang et al. (2016)
Rubus_rufus,Fleshy,Drupetum,,Xiang et al. (2016)
Rubus_pluribracteatus,Fleshy,Drupetum,,Xiang et al. (2016)
Rubus_hunanensis,Fleshy,Drupetum,,Xiang et al. (2016)
Rubus_irenaeus,Fleshy,Drupetum,,Xiang et al. (2016)
Rubus_cochinchinensis,Fleshy,Drupetum,,Xiang et al. (2016)
Rubus_lambertianus,Fleshy,Drupetum,,Xiang et al. (2016)
Rubus_caudifolius,Fleshy,Drupetum,,Xiang et al. (2016)
Rubus_buergeri,Fleshy,Drupetum,,Xiang et al. (2016)
Rubus_assamensis,Fleshy,Drupetum,,Xiang et al. (2016)
Rubus_parkeri,Fleshy,Drupetum,,Xiang et al. (2016)
Rubus_ichangensis,Fleshy,Drupetum,,Xiang et al. (2016)
Rubus_tricolor,Fleshy,Drupetum,,Xiang et al. (2016)
Rubus_faberi,Fleshy,Drupetum,,Xiang et al. (2016)
Rubus_setchuenensis,Fleshy,Drupetum,,Xiang et al. (2016)
Rubus_yiwuanus,Fleshy,Drupetum,,Xiang et al. (2016)
Rubus_pirifolius,Fleshy,Drupetum,,Xiang et al. (2016)
Rubus_tephrodes,Fleshy,Drupetum,,Xiang et al. (2016)
Rubus_swinhoei,Fleshy,Drupetum,,Xiang et al. (2016)
Rubus_treutleri,Fleshy,Drupetum,,Xiang et al. (2016)
Rubus_pinnatisepalus,Fleshy,Drupetum,,Xiang et al. (2016)
Rubus_pentagonus,Fleshy,Drupetum,,Xiang et al. (2016)
Rubus_phengodes,Fleshy,Drupetum,,Xiang et al. (2016)
Rubus_fockeanus,Fleshy,Drupetum,,Xiang et al. (2016)
Rubus_pectinarioides,Fleshy,Drupetum,,Xiang et al. (2016)
Rubus_calycinus,Fleshy,Drupetum,,Xiang et al. (2016)
Rubus_sengorensis,Fleshy,Drupetum,,Xiang et al. (2016)
Rubus_thomsonii,Fleshy,Drupetum,,Xiang et al. (2016)
Rubus_hawaiensis,Fleshy,Drupetum,,Xiang et al. (2016)
Rubus_spectabilis,Fleshy,Drupetum,,Xiang et al. (2016)
Rubus_repens,Fleshy,Drupetum,,Xiang et al. (2016)
Rubus_chamaemorus,Fleshy,Drupetum,,Xiang et al. (2016)
Rubus_lasiococcus,Fleshy,Drupetum,,Xiang et al. (2016)
Rubus_pedatus,Fleshy,Drupetum,,Xiang et al. (2016)
Rubus_odoratus,Fleshy,Drupetum,,Xiang et al. (2016)
Rubus_parviflorus,Fleshy,Drupetum,,Xiang et al. (2016)
Rubus_deliciosus,Fleshy,Drupetum,,Xiang et al. (2016)
Rubus_neomexicanus,Fleshy,Drupetum,,Xiang et al. (2016)
Rubus_trilobus,Fleshy,Drupetum,,Xiang et al. (2016)
Geum_sp,remove,remove,note: indet species,
Dryas_drummondii,Dry,Achenetum,note: probably wind dispersed,Lawrence et al (1967); Xiang et al. (2016)
Dryas_octopetala,Dry,Achenetum,note: probably wind dispersed,Lawrence et al (1967); Xiang et al. (2016)
Cercocarpus_montanus,Dry,Achene,note: probably wind dispersed,Xiang et al. (2016); dendro.cnre.vt.edu
Cercocarpus_betuloides,Dry,Achene,note: probably wind dispersed,Xiang et al. (2016); dendro.cnre.vt.edu
Chamaebatia_foliolosa,Dry,Achene,,Xiang et al. (2016)
Cercocarpus_ledifolius,Dry,Achene,note: probably wind dispersed,Xiang et al. (2016); dendro.cnre.vt.edu
Purshia_stansburyana,Dry,Achene,,Xiang et al. (2016)
Purshia_tridentata,Dry,Achene,,Xiang et al. (2016)