"","species","mean_temp","se_temp","within_sp_var_temp","mean_prec","se_prec","within_sp_var_prec","mean_pet","se_pet","within_sp_var_pet","mean_aridity","se_aridity","within_sp_var_aridity","Fruit_type"
"1","Acrotriche_affinis",5.66233,0.000716,7e-06,6.393061,0.066588,0.007377,7.376387,0.029302,0.001787,8.14835,0.089771,0.00699,"Fleshy"
"2","Acrotriche_divaricata",5.670965,0.002747,6.6e-05,6.968441,0.097179,0.066394,7.352348,0.030896,0.014298,8.828573,0.14492,0.055921,"Fleshy"
"3","Acrotriche_rigida",5.668499,0.001838,1.8e-05,6.486163,0.03938,0.018107,7.478758,0.029607,0.0039,8.272852,0.053956,0.015251,"Fleshy"
"4","Acrotriche_serrulata",5.659388,0.000803,4e-06,6.644755,0.041788,0.003906,7.276321,0.018325,0.000913,8.623342,0.056711,0.003569,"Fleshy"
"5","Agapetes_hosseana",5.67761,NA,0.000198,7.385231,NA,0.199182,7.393878,NA,0.042895,8.826147,NA,0.167764,"Fleshy"
"6","Agarista_salicifolia",5.674026,0.001192,3e-06,7.421503,0.045287,0.00332,7.277396,0.018523,0.000715,9.231456,0.040159,0.002796,"Dry"
"7","Allotropa_virgata",5.639465,0.002263,5e-06,7.153796,0.091529,0.00498,6.999644,0.041122,0.001072,9.422492,0.116144,0.004194,"Dry"
"8","Andersonia_sprengelioides",5.666729,0.000448,2.5e-05,6.44591,0.178378,0.024898,7.424974,0.034779,0.005362,8.24876,0.214044,0.02097,"Dry"
"9","Andromeda_polifolia",5.625268,0.000581,1e-06,6.541247,0.019277,0.000524,6.492529,0.009641,0.000116,9.285604,0.019778,0.000455,"Fleshy"
"10","Androstoma_empetrifolia",5.640759,0.001832,9e-06,7.382986,0.120269,0.009054,6.934149,0.017223,0.00195,9.823614,0.092174,0.007626,"Fleshy"
"11","Anthopterus_wardii",5.683887,0.005165,1.7e-05,8.182086,0.102237,0.016599,7.22129,0.038008,0.003575,9.980016,0.143288,0.01398,"Fleshy"
"12","Arbutus_canariensis",5.656834,0.005661,6.6e-05,6.049462,0.158189,0.066394,7.484236,0.032822,0.014298,7.773405,0.061072,0.055921,"Fleshy"
"13","Arbutus_menziesii",5.653528,0.00115,5e-06,6.942527,0.060363,0.004858,7.178798,0.036157,0.001129,9.061093,0.083234,0.004302,"Fleshy"
"14","Archeria_comberi",5.633181,NA,0.000198,7.055313,NA,0.199182,6.71174,NA,0.042895,9.887917,NA,0.167764,"Dry"
"15","Arctostaphylos_pungens",5.661406,0.001125,2e-06,6.256309,0.048415,0.001509,7.557126,0.014308,0.000325,7.935191,0.052336,0.001271,"Fleshy"
"16","Astroloma_ciliatum",5.670563,0.001285,2e-05,6.725912,0.075827,0.019918,7.571975,0.037339,0.005362,8.329005,0.126837,0.02097,"Fleshy"
"17","Astroloma_glaucescens",5.680567,0.001194,3.3e-05,6.156299,0.087246,0.033197,7.733259,0.016806,0.007149,7.637871,0.084753,0.027961,"Fleshy"
"18","Astroloma_humifusum",5.662798,0.00078,2e-06,6.408057,0.045948,0.002343,7.391851,0.022795,0.000523,8.243855,0.065995,0.002046,"Fleshy"
"19","Astroloma_microdonta",5.680204,0.001082,4e-05,6.212963,0.076485,0.039836,7.737267,0.011473,0.008579,7.687052,0.077603,0.033553,"Fleshy"
"20","Astroloma_pallidum",5.670296,0.001306,1e-05,6.438461,0.087293,0.009959,7.541612,0.036395,0.002258,8.050575,0.106033,0.00883,"Fleshy"
"21","Astroloma_pinifolium",5.653737,0.006676,5e-05,6.932073,0.098532,0.049796,7.146898,0.057656,0.010724,9.038831,0.071438,0.041941,"Fleshy"
"22","Astroloma_prostratum",5.667495,0.000958,2e-05,6.24001,0.048633,0.019918,7.455383,0.022747,0.004289,7.963306,0.058478,0.016776,"Fleshy"
"23","Astroloma_serratifolium",5.675373,0.001226,7e-06,5.943625,0.051047,0.006639,7.68525,0.022705,0.00143,7.443062,0.060886,0.005592,"Fleshy"
"24","Astroloma_xerophyllum",5.678919,0.00081,3.3e-05,6.293576,0.071465,0.033197,7.715359,0.014216,0.007149,7.805448,0.086263,0.027961,"Fleshy"
"25","Bejaria_aestuans",5.671705,0.001435,2e-06,7.277153,0.066419,0.002053,7.232086,0.012436,0.000442,9.15608,0.071892,0.00173,"Dry"
"26","Bejaria_racemosa",5.68723,0.0012,1.8e-05,7.18895,0.00754,0.018107,7.454754,0.013541,0.0039,8.923327,0.026079,0.015251,"Dry"
"27","Bejaria_resinosa",5.654144,0.001941,6e-06,7.306087,0.057744,0.006036,7.074243,0.019621,0.0013,9.341928,0.054354,0.005084,"Dry"
"28","Brachyloma_mogin",5.665767,0.001012,4e-05,6.063162,0.04373,0.039836,7.509575,0.032893,0.008579,7.688695,0.068496,0.033553,"Fleshy"
"29","Brachyloma_preissii",5.671509,0.001233,1.7e-05,6.51561,0.128421,0.016599,7.589047,0.037552,0.0039,8.037905,0.17016,0.015251,"Fleshy"
"30","Brachyloma_saxicola",5.666002,0.004622,6.6e-05,6.929325,0.101296,0.066394,7.366847,0.021001,0.014298,8.724753,0.140913,0.055921,"Fleshy"
"31","Brachyloma_scortechinii",5.684699,0.001169,4e-05,7.241655,0.078209,0.039836,7.468701,0.017482,0.008579,9.033111,0.043985,0.033553,"Fleshy"
"32","Bryanthus_gmelinii",5.59544,0.008209,2.8e-05,6.754576,0.198325,0.028455,6.235887,0.068194,0.006128,9.734164,0.152731,0.023966,"Dry"
"33","Cassiope_fastigiata",5.624509,0.003187,6e-06,6.846175,0.086784,0.006425,7.033244,0.028858,0.001384,8.786564,0.074791,0.005412,"Dry"
"34","Cassiope_pectinata",5.636255,0.005863,4e-05,6.509334,0.243864,0.039836,6.941066,0.083705,0.008579,9.031414,0.089,0.033553,"Dry"
"35","Cassiope_selaginoides",5.636962,0.00382,8e-06,6.77932,0.107026,0.007967,6.849612,0.049424,0.001716,9.105023,0.063344,0.006711,"Dry"
"36","Cavendishia_martii",5.662646,0.004659,1.2e-05,7.186464,0.150048,0.012449,7.251107,0.024194,0.002681,9.110115,0.136924,0.010485,"Fleshy"
"37","Ceratiola_ericoides",5.685176,0.001269,1.2e-05,7.238168,0.021355,0.011717,7.441234,0.013844,0.002681,8.991687,0.033264,0.010485,"Fleshy"
"38","Ceratostema_megabracteatum",5.665561,NA,0.000198,7.857868,NA,0.199182,6.981006,NA,0.042895,9.985897,NA,0.167764,"Fleshy"
"39","Ceratostema_silvicola",5.682048,NA,0.000198,7.947679,NA,0.199182,7.015712,NA,0.042895,10.368416,NA,0.167764,"Fleshy"
"40","Chamaedaphne_calyculata",5.617461,0.000808,0,6.432528,0.019056,0.000338,6.583098,0.010541,7.3e-05,9.073824,0.01492,0.000285,"Dry"
"41","Coleanthera_myrtoides",5.66867,0.001119,2.8e-05,6.075398,0.09805,0.028455,7.500871,0.036191,0.006128,7.74699,0.126425,0.023966,"Fleshy"
"42","Comarostaphylis_arbutoides",5.665549,0.002887,1.3e-05,7.429617,0.113469,0.013279,7.32758,0.039933,0.00286,9.104315,0.14202,0.011184,"Fleshy"
"43","Conostephium_pendulum",5.675892,0.0013,2.8e-05,6.49763,0.110542,0.028455,7.652682,0.028775,0.006128,8.065362,0.127875,0.023966,"Fleshy"
"44","Conostephium_preissii",5.677802,0.000992,2.8e-05,6.422739,0.124334,0.028455,7.693062,0.020019,0.006128,7.928473,0.140213,0.023966,"Fleshy"
"45","Corema_album",5.672383,0.001043,2.2e-05,6.514255,0.069422,0.022131,7.305505,0.054993,0.005362,8.298728,0.110952,0.02097,"Fleshy"
"46","Cosmelia_rubra",5.667291,2e-04,6.6e-05,6.952491,0.094965,0.066394,7.326466,NA,0.042895,9.004914,NA,0.167764,"Dry"
"47","Costera_endertii",5.684456,0.009314,6.6e-05,8.001841,0.109185,0.066394,7.246686,0.058846,0.014298,9.945704,0.099451,0.055921,"Fleshy"
"48","Craibiodendron_yunnanense",5.663616,0.002162,2.8e-05,6.962634,0.136797,0.028455,7.159254,0.027737,0.006128,9.063656,0.109395,0.023966,"Dry"
"49","Cyathodes_glauca",5.646141,0.001895,2.5e-05,6.865483,0.147176,0.024898,6.942213,0.018191,0.005362,9.301151,0.127286,0.02097,"Fleshy"
"50","Cyathodes_straminea",5.634656,0.003664,4e-05,7.56017,0.103639,0.039836,6.766469,0.047958,0.008579,10.007892,0.073547,0.033553,"Fleshy"
"51","Dimorphanthera_dekockii",5.677822,0.016078,9.9e-05,7.96882,0.137997,0.099591,7.21437,0.119306,0.021447,10.131267,0.051895,0.083882,"Fleshy"
"52","Dimorphanthera_kempteriana",5.677622,0.005253,2e-05,8.001241,0.11769,0.019918,7.228733,0.0408,0.004766,9.92199,0.065826,0.01864,"Fleshy"
"53","Diogenesia_alstoniana",5.682729,NA,0.000198,8.777864,NA,0.199182,7.000334,NA,0.042895,10.407047,NA,0.167764,"Fleshy"
"54","Diplycosia_acuminata",5.68707,0.007056,5e-05,8.217307,0.084582,0.049796,7.243847,0.024833,0.010724,10.035261,0.106012,0.041941,"Fleshy"
"55","Diplycosia_cinnamomifolia",5.641269,0.014548,9.9e-05,7.938053,0.073633,0.099591,6.558008,0.462183,0.021447,10.472158,0.470864,0.083882,"Fleshy"
"56","Disterigma_alaternoides",5.657634,0.001828,4e-06,7.522325,0.064258,0.003557,7.089324,0.017289,0.000766,9.43001,0.057201,0.002996,"Fleshy"
"57","Disterigma_ovatum",5.668593,0.003226,2.2e-05,7.413482,0.095908,0.022131,7.211304,0.022937,0.004766,9.232895,0.074112,0.01864,"Fleshy"
"58","Dracophyllum_acerosum",5.632525,0.004488,5e-05,7.506568,0.298524,0.049796,7.042079,0.02062,0.010724,9.909419,0.216166,0.041941,"Dry"
"59","Dracophyllum_alticola",5.664868,NA,0.000198,7.793999,NA,0.199182,7.238497,NA,0.042895,9.917243,NA,0.167764,"Dry"
"60","Dracophyllum_arboreum",5.652665,NA,0.000198,6.928538,NA,0.199182,6.830874,NA,0.042895,9.21064,NA,0.167764,"Dry"
"61","Dracophyllum_balansae",5.672464,NA,0.000198,7.939872,NA,0.199182,7.297768,NA,0.042895,10.069807,NA,0.167764,"Dry"
"62","Dracophyllum_cosmelioides",5.687822,NA,0.000198,7.351158,NA,0.199182,7.403061,NA,0.042895,9.272564,NA,0.167764,"Dry"
"63","Dracophyllum_filifolium",5.642456,0.002373,1.2e-05,7.499297,0.095596,0.011717,6.959727,0.017689,0.002523,9.859406,0.121143,0.009868,"Dry"
"64","Dracophyllum_involucratum",5.689853,NA,0.000198,7.609367,NA,0.199182,7.421776,NA,0.042895,9.176784,NA,0.167764,"Dry"
"65","Dracophyllum_kirkii",5.632223,0.002299,2.5e-05,7.806258,0.151173,0.024898,6.94276,0.023759,0.005362,10.276327,0.108268,0.02097,"Dry"
"66","Dracophyllum_latifolium",5.654993,0.002854,2.8e-05,7.538762,0.054079,0.028455,7.006816,0.01317,0.006128,9.779795,0.083268,0.023966,"Dry"
"67","Dracophyllum_macranthum",5.670053,0,9.9e-05,7.434848,0,0.099591,7.339538,0,0.021447,9.216422,0,0.083882,"Dry"
"68","Dracophyllum_menziesii",5.63225,0.00375,2.2e-05,8.1112,0.15569,0.022131,6.910358,0.029798,0.005362,10.308053,0.139448,0.02097,"Dry"
"69","Dracophyllum_milliganii",5.639459,0.00466,6.6e-05,7.963249,0.081641,0.066394,6.819291,0.056677,0.014298,10.211549,0.083679,0.055921,"Dry"
"70","Dracophyllum_minimum",5.636918,0.002849,5e-05,7.686212,0.15775,0.049796,6.779645,0.041094,0.010724,10.08637,0.092376,0.041941,"Dry"
"71","Dracophyllum_muscoides",5.621107,0.002738,3.3e-05,7.07352,0.245593,0.033197,6.955616,0.029729,0.007149,10.029247,0.214922,0.027961,"Dry"
"72","Dracophyllum_oceanicum",5.67212,NA,0.000198,7.229839,NA,0.199182,NA,NA,Inf,NA,NA,Inf,"Dry"
"73","Dracophyllum_ophioliticum",5.64102,0.00071,9.9e-05,7.34226,0.01975,0.099591,6.914729,0.001986,0.021447,9.967914,0.032927,0.083882,"Dry"
"74","Dracophyllum_ouaiemense",5.678977,NA,0.000198,8.075272,NA,0.199182,7.414573,NA,0.042895,9.83569,NA,0.167764,"Dry"
"75","Dracophyllum_patens",5.654062,0.003153,9.9e-05,7.687302,0.003898,0.099591,7.013766,0.034621,0.021447,9.852321,0.067336,0.083882,"Dry"
"76","Dracophyllum_pronum",5.632503,0.00199,1.2e-05,7.40273,0.13337,0.012449,6.964178,0.020381,0.002681,9.97057,0.096531,0.010485,"Dry"
"77","Dracophyllum_ramosum",5.691204,NA,0.000198,7.186144,NA,0.199182,NA,NA,Inf,NA,NA,Inf,"Dry"
"78","Dracophyllum_rosmarinifolium",5.62951,0.00366,1.4e-05,7.498272,0.159435,0.014227,6.925019,0.026524,0.003064,10.091088,0.10199,0.011983,"Dry"
"79","Dracophyllum_sayeri",5.671776,NA,0.000198,8.451481,NA,0.199182,7.288244,NA,0.042895,10.327676,NA,0.167764,"Dry"
"80","Dracophyllum_scoparium",5.646419,0.005369,6.6e-05,7.006659,0.068943,0.066394,6.794536,0.010078,0.021447,9.342439,0.04034,0.083882,"Dry"
"81","Dracophyllum_secundum",5.66681,0.002848,3.3e-05,6.835968,0.100814,0.033197,7.321404,0.033131,0.007149,8.781294,0.080086,0.027961,"Dry"
"82","Dracophyllum_strictum",5.65709,0.001471,2.2e-05,7.224243,0.099061,0.022131,7.025239,0.018693,0.004766,9.491853,0.050915,0.01864,"Dry"
"83","Dracophyllum_townsonii",5.653366,NA,0.000198,8.011023,NA,0.199182,6.942157,NA,0.042895,9.883387,NA,0.167764,"Dry"
"84","Dracophyllum_traversii",5.64586,0.00261,1.2e-05,7.762357,0.111729,0.011717,6.995591,0.014443,0.002523,9.95201,0.106326,0.009868,"Dry"
"86","Dracophyllum_verticillatum",5.688352,0.002423,4e-05,7.335,0.097969,0.039836,7.520971,0.032963,0.008579,9.269876,0.099332,0.033553,"Dry"
"87","Elliottia_bracteata",5.623648,0.002626,9e-06,7.495659,0.057253,0.009485,6.439086,0.069869,0.002043,10.209089,0.103724,0.007989,"Dry"
"88","Elliottia_racemosa",5.668407,0.006012,6.6e-05,7.004172,0.052736,0.066394,7.283419,0.071984,0.014298,8.987829,0.062556,0.055921,"Dry"
"89","Empetrum_eamesii",5.620627,0.001361,5e-06,7.015154,0.03288,0.004632,6.556499,0.021634,0.001159,9.741214,0.030045,0.004534,"Fleshy"
"90","Empetrum_nigrum",5.60956,0.000691,0,6.431929,0.020701,0.000204,6.419347,0.008916,4.7e-05,9.238908,0.017814,0.000184,"Fleshy"
"91","Enkianthus_campanulatus",5.641657,0.003298,1.1e-05,7.549963,0.054221,0.011066,6.781869,0.065139,0.002383,9.892413,0.085925,0.00932,"Dry"
"92","Enkianthus_cernuus",5.651149,0.001983,1.1e-05,7.774621,0.0754,0.011066,6.917745,0.038689,0.002383,10.021829,0.07353,0.00932,"Dry"
"93","Enkianthus_chinensis",5.665591,0.001461,3e-06,6.972325,0.050046,0.003213,7.052049,0.013224,0.000692,9.274243,0.03222,0.002706,"Dry"
"94","Enkianthus_perulatus",5.655866,0.003325,1.2e-05,7.486194,0.079727,0.012449,6.941602,0.069332,0.002681,9.798692,0.092733,0.010485,"Dry"
"95","Enkianthus_quinqueflorus",5.681557,0.001923,9e-06,7.31391,0.059226,0.009485,7.163488,0.017808,0.002043,9.386267,0.044854,0.007989,"Dry"
"96","Enkianthus_subsessilis",5.65561,0.004642,5e-05,7.347874,0.095972,0.049796,7.004484,0.04243,0.010724,9.451971,0.102692,0.041941,"Dry"
"97","Epacris_impressa",5.658388,0.000855,4e-06,6.757188,0.051326,0.003758,7.197745,0.023079,0.000932,8.768105,0.069172,0.003647,"Dry"
"98","Epacris_lanuginosa",5.653205,0.002282,1.1e-05,6.959322,0.08598,0.011066,7.033777,0.032836,0.002523,9.146184,0.112399,0.009868,"Dry"
"99","Erica_arborea",5.660683,0.000869,1e-06,6.593632,0.029399,0.001277,7.237907,0.014219,0.000279,8.51089,0.042756,0.001089,"Dry"
"100","Erica_azorica",5.644563,NA,0.000198,7.275172,NA,0.199182,7.32185,NA,0.042895,9.367686,NA,0.167764,"Dry"
"101","Erica_carnea",5.640305,0.002123,6e-06,6.824104,0.060171,0.005691,6.8048,0.024542,0.001226,9.316646,0.057012,0.004793,"Dry"
"102","Erica_cinerea",5.649166,0.000839,2e-06,6.872923,0.038799,0.002032,6.864821,0.025133,0.000452,9.171233,0.053342,0.001766,"Dry"
"103","Erica_discolor",5.663153,0.002627,2.5e-05,6.329615,0.166783,0.024898,7.408269,0.040162,0.005362,8.188298,0.189237,0.02097,"Dry"
"104","Erica_scoparia",5.65694,0.001063,3e-06,6.614831,0.03677,0.002729,7.167551,0.021569,0.000596,8.616041,0.05518,0.00233,"Dry"
"105","Erica_sicula",5.676922,0.001756,6.6e-05,6.106193,0.188764,0.066394,7.428788,0.12764,0.021447,7.565169,0.50041,0.083882,"Dry"
"106","Erica_tetralix",5.639014,0.000772,1e-06,6.794644,0.030911,0.001253,6.677708,0.014755,0.000286,9.324287,0.038625,0.001118,"Dry"
"107","Eubotrys_racemosa",5.667205,0.002147,7e-06,7.114336,0.020518,0.007114,7.264696,0.023878,0.001532,9.085888,0.023014,0.005992,"Dry"
"108","Eubotrys_recurva",5.646323,0.002604,6.6e-05,7.334423,0.034739,0.066394,7.083308,0.04201,0.014298,9.444856,0.035472,0.055921,"Dry"
"109","Gaultheria_antipoda",5.65043,0.002497,6e-06,7.348283,0.065687,0.006425,7.012354,0.015406,0.00143,9.618098,0.078522,0.005592,"Fleshy"
"110","Gaultheria_borneensis",5.668417,0.010874,2.8e-05,7.745357,0.072445,0.028455,6.974637,0.17521,0.006128,10.180637,0.288223,0.023966,"Fleshy"
"111","Gaultheria_cardiosepala",5.652723,0.00516,1.8e-05,6.694276,0.149128,0.018107,7.081089,0.056479,0.0039,9.027881,0.088521,0.015251,"Fleshy"
"112","Gaultheria_cuneata",5.655193,0.003796,2e-05,6.714594,0.118649,0.019918,6.981545,0.038594,0.004289,9.15974,0.061839,0.016776,"Fleshy"
"113","Gaultheria_dolichopoda",5.65344,0.014197,9.9e-05,7.076284,0.469634,0.099591,7.023492,0.170194,0.021447,9.340671,0.068765,0.083882,"Fleshy"
"114","Gaultheria_dumicola",5.656414,0.003182,5e-05,7.073381,0.123483,0.049796,7.046951,0.05323,0.010724,9.306507,0.04561,0.041941,"Fleshy"
"115","Gaultheria_fragrantissima",5.658513,0.002473,2e-05,6.817783,0.181674,0.019918,7.132675,0.022463,0.004289,9.156908,0.076021,0.016776,"Fleshy"
"116","Gaultheria_griffithiana",5.652427,0.004213,2.5e-05,6.900419,0.170827,0.024898,7.055609,0.041326,0.005362,9.11412,0.080731,0.02097,"Fleshy"
"117","Gaultheria_hookeri",5.658269,0.003457,1.2e-05,6.720558,0.121531,0.011717,7.066682,0.037302,0.002523,9.129302,0.0576,0.009868,"Fleshy"
"118","Gaultheria_hypochlora",5.650889,0.006326,9.9e-05,6.288673,0.106589,0.099591,7.078251,0.013492,0.021447,9.111976,0.185459,0.083882,"Fleshy"
"119","Gaultheria_leucocarpa",5.670622,0.001646,4e-06,7.415235,0.077157,0.00415,7.040826,0.026462,0.000894,9.599922,0.072024,0.003495,"Fleshy"
"120","Gaultheria_nummularioides",5.64932,0.003937,1.2e-05,6.531759,0.128088,0.012449,7.011243,0.046912,0.002681,9.139466,0.068316,0.010485,"Fleshy"
"121","Gaultheria_praticola",5.633181,NA,0.000198,7.669028,NA,0.199182,6.788972,NA,0.042895,9.21044,NA,0.167764,"Fleshy"
"122","Gaultheria_pyrolifolia",5.624661,0.004581,4e-05,7.646412,0.157599,0.039836,6.338989,0.132456,0.008579,10.491063,0.172373,0.033553,"Fleshy"
"123","Gaultheria_shallon",5.648976,0.001433,5e-06,7.233863,0.067747,0.005107,6.955986,0.033342,0.001159,9.555036,0.087631,0.004534,"Fleshy"
"124","Gaultheria_sinensis",5.644579,0.006947,5e-05,7.074676,0.367206,0.049796,6.960898,0.105535,0.010724,9.058212,0.117996,0.041941,"Fleshy"
"125","Gaultheria_tetramera",5.668667,0.002,5e-05,6.871262,0.164235,0.049796,7.179883,0.031886,0.010724,9.253445,0.14079,0.041941,"Fleshy"
"126","Gaultheria_trichophylla",5.62711,0.003682,1e-05,6.993392,0.147794,0.010483,6.916269,0.061008,0.002258,9.047393,0.084898,0.00883,"Fleshy"
"127","Gaultheria_wardii",5.661015,0.004775,5e-05,6.867416,0.358731,0.049796,7.127233,0.029048,0.010724,9.51747,0.093556,0.041941,"Fleshy"
"128","Gaylussacia_dumosa",5.659223,0.00234,3e-06,7.200698,0.016686,0.002521,7.116583,0.035946,0.000564,9.290246,0.039102,0.002207,"Fleshy"
"129","Gonocalyx_costaricensis",5.674182,NA,0.000198,7.945555,NA,0.199182,7.361375,NA,0.042895,9.633383,NA,0.167764,"Fleshy"
"130","Harrimanella_hypnoides",5.609669,0.000842,2e-06,6.645014,0.050518,0.002032,6.224652,0.017485,0.000442,9.659315,0.04234,0.00173,"Dry"
"131","Kalmia_angustifolia",5.627344,0.001148,1e-06,6.902944,0.014539,0.001132,6.718097,0.01615,0.000248,9.42854,0.016488,0.00097,"Dry"
"132","Kalmia_hirsuta",5.680111,0.000753,1.1e-05,7.221712,0.026485,0.011066,7.392976,0.004222,0.002681,9.047638,0.029104,0.010485,"Dry"
"133","Kalmia_latifolia",5.656304,0.001168,2e-06,7.059558,0.020202,0.002213,7.135058,0.014902,0.000482,9.174227,0.017103,0.001885,"Dry"
"134","Kalmia_polifolia",5.620977,0.000798,1e-06,6.734656,0.019675,0.000664,6.677225,0.013684,0.000147,9.29304,0.022489,0.000575,"Dry"
"135","Kalmiopsis_fragrans",5.648446,NA,0.000198,7.037028,NA,0.199182,7.184629,NA,0.042895,9.185945,NA,0.167764,"Dry"
"136","Ledothamnus_guyanensis",5.681879,0.003733,2.2e-05,7.924531,0.066966,0.022131,7.313721,0.036279,0.004766,9.704738,0.072892,0.01864,"Dry"
"137","Ledothamnus_sessiliflorus",5.661744,NA,0.000198,7.739794,NA,0.199182,7.234177,NA,0.042895,9.549167,NA,0.167764,"Dry"
"138","Leucopogon_allittii",5.679735,0.002652,5e-05,6.231007,0.197125,0.049796,7.716084,0.029347,0.010724,7.756091,0.209884,0.041941,"Fleshy"
"139","Leucopogon_alternifolius",5.666423,0.002595,9.9e-05,7.020312,0.039306,0.099591,7.344575,0.117639,0.021447,8.80009,0.133442,0.083882,"Fleshy"
"140","Leucopogon_amplexicaulis",5.672291,0.001204,9.9e-05,7.021981,0.073084,0.099591,7.333009,0.005229,0.021447,8.980726,0.005095,0.083882,"Fleshy"
"141","Leucopogon_blepharolepis",5.665906,0.001731,9.9e-05,6.335767,0.018603,0.099591,7.397864,0.002756,0.021447,8.016901,0.109617,0.083882,"Fleshy"
"142","Leucopogon_concinnus",5.666439,0.000827,1.8e-05,6.234327,0.096785,0.018107,7.487703,0.019074,0.0039,7.927543,0.106579,0.015251,"Fleshy"
"143","Leucopogon_conostephioides",5.67321,0.001158,7e-06,6.124761,0.065559,0.007377,7.629506,0.024039,0.001589,7.67941,0.07608,0.006213,"Fleshy"
"144","Leucopogon_cordatus",5.668741,0.000805,4e-05,6.754495,0.139336,0.039836,7.493147,0.054717,0.008579,8.428109,0.21293,0.033553,"Fleshy"
"145","Leucopogon_cordifolius",5.668611,0.000635,8e-06,5.869186,0.043543,0.008299,7.58205,0.020937,0.001787,7.487173,0.066343,0.00699,"Fleshy"
"146","Leucopogon_corynocarpus",5.662602,0.004689,9.9e-05,6.357805,0.008666,0.099591,7.321342,0.018845,0.021447,8.23672,0.021443,0.083882,"Fleshy"
"147","Leucopogon_crassiflorus",5.679319,NA,0.000198,6.386879,NA,0.199182,7.724447,NA,0.042895,7.818832,NA,0.167764,"Fleshy"
"148","Leucopogon_crassifolius",5.667771,0.001475,4e-05,6.233116,0.035077,0.039836,7.449906,0.032945,0.008579,7.942422,0.039566,0.033553,"Fleshy"
"149","Leucopogon_cymbiformis",5.668493,0.001752,3.3e-05,6.098492,0.077234,0.033197,7.558346,0.053753,0.007149,7.694735,0.144554,0.027961,"Fleshy"
"150","Leucopogon_distans",5.666251,0.001144,4e-05,6.817694,0.185908,0.039836,7.370453,0.03199,0.008579,8.610843,0.179478,0.033553,"Fleshy"
"151","Leucopogon_ericoides",5.66171,0.001015,3e-06,6.780076,0.046363,0.002929,7.277081,0.019448,0.000692,8.713312,0.059323,0.002706,"Fleshy"
"152","Leucopogon_esquamatus",5.661899,0.002779,1.3e-05,6.912668,0.063883,0.013279,7.240805,0.035441,0.003064,8.893189,0.082081,0.011983,"Fleshy"
"153","Leucopogon_glaucifolius",5.671505,0.002853,5e-05,6.119714,0.117293,0.049796,7.578011,0.081347,0.010724,7.711619,0.163139,0.041941,"Fleshy"
"154","Leucopogon_hispidus",5.683296,0.000794,6.6e-05,5.867098,0.047211,0.066394,7.766534,0.004895,0.014298,7.361686,0.030923,0.055921,"Fleshy"
"155","Leucopogon_juniperinus",5.669447,0.001834,7e-06,6.919858,0.046097,0.006868,7.352783,0.020973,0.001479,8.821155,0.040483,0.005785,"Fleshy"
"156","Leucopogon_leptanthus",5.679546,0.000973,6.6e-05,6.169382,0.061521,0.066394,7.736816,0.008547,0.014298,7.67507,0.058806,0.055921,"Fleshy"
"157","Leucopogon_leptospermoides",5.683268,0.00195,1e-05,7.060354,0.069637,0.010483,7.484712,0.022858,0.002383,8.806601,0.07016,0.00932,"Fleshy"
"158","Leucopogon_margarodes",5.682187,0.001472,2.8e-05,7.3705,0.031819,0.028455,7.446893,0.019117,0.006128,9.096249,0.043224,0.023966,"Fleshy"
"159","Leucopogon_microphyllus",5.662226,0.002468,1.4e-05,6.877506,0.073291,0.014227,7.299418,0.028393,0.0033,8.796353,0.079945,0.012905,"Fleshy"
"160","Leucopogon_muticus",5.669331,0.001688,5e-06,6.643559,0.032299,0.005383,7.436899,0.020195,0.001159,8.420302,0.045485,0.004534,"Fleshy"
"161","Leucopogon_nutans",5.670912,0.002239,9.9e-05,6.907935,0.116714,0.099591,7.586522,0.032711,0.021447,8.52769,0.138785,0.083882,"Fleshy"
"162","Leucopogon_obtectus",5.678744,0.002356,6.6e-05,6.071904,0.159124,0.066394,7.717421,0.015085,0.014298,7.555167,0.143442,0.055921,"Fleshy"
"163","Leucopogon_pendulus",5.666336,0.00106,2.5e-05,6.63377,0.122049,0.024898,7.422871,0.024864,0.005362,8.383843,0.115886,0.02097,"Fleshy"
"164","Leucopogon_plumuliflorus",5.678294,NA,0.000198,6.364751,NA,0.199182,7.705262,NA,0.042895,7.835975,NA,0.167764,"Fleshy"
"165","Leucopogon_pogonocalyx",5.664868,NA,0.000198,6.111467,NA,0.199182,7.433667,NA,0.042895,7.889459,NA,0.167764,"Fleshy"
"166","Leucopogon_pubescens",5.667368,0.006185,6.6e-05,6.315865,0.056211,0.066394,7.545747,0.12348,0.014298,7.904143,0.148953,0.055921,"Fleshy"
"167","Leucopogon_racemulosus",5.670542,0.001615,1.8e-05,6.733659,0.091391,0.018107,7.50614,0.044725,0.0039,8.391013,0.113297,0.015251,"Fleshy"
"168","Leucopogon_rotundifolius",5.669364,NA,0.000198,6.267201,NA,0.199182,7.501082,NA,0.042895,7.837554,NA,0.167764,"Fleshy"
"169","Leucopogon_ruscifolius",5.697243,0.00163,1.3e-05,7.300978,0.058943,0.013279,7.605582,0.020732,0.00286,8.838506,0.070893,0.011184,"Fleshy"
"170","Leucopogon_setiger",5.65885,0.003842,5e-05,6.779067,0.109654,0.049796,7.270332,0.055838,0.010724,8.769859,0.15492,0.041941,"Fleshy"
"171","Leucopogon_strictus",5.669708,NA,0.000198,7.01661,NA,0.199182,7.550661,NA,0.042895,8.698181,NA,0.167764,"Fleshy"
"172","Leucopogon_virgatus",5.662286,0.000934,3e-06,6.649624,0.038387,0.002554,7.307846,0.017615,0.000572,8.583781,0.049187,0.002237,"Fleshy"
"173","Leucothoe_davisiae",5.642348,0.00351,2e-05,7.235649,0.118629,0.019918,7.266894,0.047166,0.004289,9.192294,0.116042,0.016776,"Dry"
"174","Leucothoe_keiskei",5.658846,0.00468,4e-05,7.658492,0.128881,0.039836,7.083416,0.048006,0.008579,9.712347,0.071964,0.033553,"Dry"
"175","Lissanthe_brevistyla",5.688161,NA,0.000198,6.817831,NA,0.199182,7.597396,NA,0.042895,8.33639,NA,0.167764,"Fleshy"
"176","Lissanthe_sapida",5.667291,NA,0.000198,6.925595,NA,0.199182,7.334329,NA,0.042895,8.814628,NA,0.167764,"Fleshy"
"177","Lyonia_ferruginea",5.683308,0.001177,1e-05,7.21496,0.017493,0.010483,7.420592,0.010615,0.002258,8.987816,0.027549,0.00883,"Dry"
"178","Lyonia_ligustrina",5.648814,0.001029,4e-06,7.000784,0.016529,0.003984,7.03383,0.015081,0.000875,9.190925,0.020122,0.003424,"Dry"
"179","Lyonia_lucida",5.677436,0.001012,4e-06,7.193552,0.015071,0.003906,7.366804,0.009884,0.000841,9.050111,0.018857,0.003289,"Dry"
"180","Lysinema_ciliatum",5.671953,0.000779,5e-06,6.175827,0.066572,0.00498,7.591641,0.020502,0.001159,7.714658,0.079792,0.004534,"Dry"
"181","Macleania_cordifolia",5.674868,NA,0.000198,7.358194,NA,0.199182,7.111512,NA,0.042895,9.677904,NA,0.167764,"Fleshy"
"182","Macleania_insignis",5.681717,0.00223,9e-06,7.634502,0.080067,0.009054,7.403096,0.016727,0.00195,9.381204,0.076759,0.007626,"Fleshy"
"183","Macleania_rupestris",5.656504,0.002349,4e-06,7.32471,0.071479,0.004065,7.079783,0.023225,0.000875,9.336891,0.073265,0.003424,"Fleshy"
"184","Melichrus_procumbens",5.671977,0.002623,1.4e-05,6.873631,0.077967,0.014227,7.39826,0.030904,0.003064,8.718665,0.08372,0.011983,"Fleshy"
"185","Melichrus_urceolatus",5.672281,0.001264,3e-06,6.563271,0.029405,0.002656,7.49008,0.016867,0.00058,8.285743,0.039468,0.002267,"Fleshy"
"186","Moneses_uniflora",5.620131,0.000523,0,6.487902,0.018563,0.000237,6.609314,0.00835,5.2e-05,9.126283,0.019273,0.000204,"Dry"
"187","Monotoca_aristata",5.666946,NA,0.000198,6.36647,NA,0.199182,7.420579,NA,0.042895,8.079308,NA,0.167764,"Fleshy"
"188","Monotoca_ledifolia",5.668328,NA,0.000198,7.044905,NA,0.199182,7.309881,NA,0.042895,8.998384,NA,0.167764,"Fleshy"
"189","Monotoca_rotundifolia",5.642194,0.002868,6.6e-05,6.74238,0.154243,0.066394,7.076724,0.027711,0.014298,9.001691,0.138136,0.055921,"Fleshy"
"190","Monotoca_scoparia",5.664733,0.001563,3e-06,6.855024,0.035677,0.002729,7.318917,0.021482,0.000622,8.737913,0.045842,0.002431,"Fleshy"
"191","Notopora_schomburgkii",5.682729,0.00403,2.8e-05,7.828274,0.100336,0.028455,7.354504,0.018566,0.006128,9.549346,0.025515,0.023966,"Fleshy"
"192","Oreanthes_glanduliferus",5.670398,NA,0.000198,6.959399,NA,0.199182,7.088409,NA,0.042895,8.815964,NA,0.167764,"Fleshy"
"193","Orthaea_venamensis",5.675897,NA,0.000198,8.15191,NA,0.199182,7.285507,NA,0.042895,9.655475,NA,0.167764,"Fleshy"
"194","Pentachondra_involucrata",5.6452,0.002745,2.5e-05,7.100675,0.118627,0.024898,6.95113,0.027351,0.005362,9.378082,0.137771,0.02097,"Fleshy"
"195","Pentachondra_pumila",5.641021,0.003413,1.2e-05,7.177793,0.119316,0.012449,6.938492,0.057488,0.002681,9.539571,0.160475,0.010485,"Fleshy"
"196","Phyllodoce_aleutica",5.631038,0.004524,1.2e-05,7.472382,0.077788,0.011717,6.490266,0.112208,0.002681,10.163308,0.132573,0.010485,"Dry"
"197","Phyllodoce_nipponica",5.635405,0.011187,5e-05,7.428331,0.116552,0.049796,6.474394,0.146662,0.014298,10.334879,0.216419,0.055921,"Dry"
"198","Pieris_floribunda",5.649042,0.002755,2.2e-05,7.121871,0.088343,0.022131,7.071351,0.031595,0.004766,9.297521,0.083741,0.01864,"Dry"
"199","Pieris_formosa",5.665456,0.001465,2e-06,6.974744,0.045166,0.002371,7.074264,0.00987,0.000511,9.235799,0.032442,0.001997,"Dry"
"200","Pieris_japonica",5.665846,0.001439,4e-06,7.334811,0.055863,0.003689,7.093014,0.016214,0.000809,9.513203,0.047915,0.003165,"Dry"
"201","Plutarchia_ecuadorensis",5.64945,0.0059,5e-05,7.05079,0.09878,0.049796,6.861013,0.048866,0.010724,9.179051,0.206257,0.041941,"Fleshy"
"202","Polyclita_turbinata",5.657113,0.010071,6.6e-05,7.461125,0.244021,0.066394,7.346384,0.026411,0.014298,8.770608,0.200973,0.055921,"Fleshy"
"203","Prionotes_cerinthoides",5.646674,0.001517,2.2e-05,7.419953,0.138717,0.022131,6.926376,0.024074,0.004766,9.776483,0.15296,0.01864,"Dry"
"204","Psammisia_sclerantha",5.675078,0.003773,1.8e-05,7.786446,0.153058,0.018107,7.059246,0.020777,0.0039,9.846481,0.142555,0.015251,"Fleshy"
"205","Psammisia_ulbrichiana",5.676003,0.002034,6e-06,7.547581,0.077995,0.005691,7.174715,0.016868,0.001226,9.571505,0.07705,0.004793,"Fleshy"
"206","Pyrola_elliptica",5.632516,0.000637,1e-06,6.789282,0.017083,0.000881,6.825404,0.01033,0.000191,9.194418,0.021465,0.000749,"Dry"
"207","Pyrola_grandiflora",5.588072,0.000988,1e-06,5.833312,0.032492,0.000615,6.229524,0.016833,0.000142,8.858067,0.028925,0.000554,"Dry"
"208","Pyrola_minor",5.626362,0.000558,1e-06,6.550364,0.019206,0.000503,6.508153,0.010313,0.00011,9.27259,0.020003,0.00043,"Dry"
"209","Pyrola_picta",5.637737,0.001101,2e-06,6.636816,0.067228,0.002032,7.097325,0.027553,0.000442,8.870404,0.076472,0.00173,"Dry"
"210","Pyrola_rotundifolia",5.626439,0.000649,1e-06,6.458757,0.016045,0.000636,6.558448,0.01061,0.000139,9.121991,0.017127,0.000545,"Dry"
"211","Rhododendron_albiflorum",5.622532,0.001957,3e-06,6.783898,0.084333,0.003265,6.802543,0.016327,0.000703,9.31994,0.084134,0.00275,"Dry"
"212","Rhododendron_anthosphaerum",5.649996,0.005415,1.8e-05,6.742752,0.161028,0.018107,7.003969,0.067737,0.0039,9.040881,0.092935,0.015251,"Dry"
"213","Rhododendron_arboreum",5.654321,0.004877,8e-06,7.241462,0.100902,0.008299,7.177497,0.048782,0.001787,9.113232,0.11486,0.00699,"Dry"
"214","Rhododendron_arizelum",5.624538,0.006495,9.9e-05,7.327106,0.245397,0.099591,6.71443,0.043664,0.021447,9.151179,0.047088,0.083882,"Dry"
"215","Rhododendron_auriculatum",5.667331,0.000974,2.5e-05,6.797519,0.047244,0.024898,7.023669,0.0177,0.005362,9.325196,0.06136,0.02097,"Dry"
"216","Rhododendron_beesianum",5.63947,0.004121,1.5e-05,6.580741,0.152549,0.015322,6.946787,0.064413,0.0033,9.000319,0.068012,0.012905,"Dry"
"217","Rhododendron_calophytum",5.644001,0.007744,3.3e-05,6.858095,0.178488,0.033197,6.79514,0.110947,0.007149,9.291456,0.085546,0.027961,"Dry"
"218","Rhododendron_canadense",5.634775,0.001507,1.4e-05,7.044487,0.040037,0.014227,6.848196,0.025549,0.003064,9.43751,0.029104,0.011983,"Dry"
"219","Rhododendron_catawbiense",5.654305,0.001529,8e-06,7.130423,0.042764,0.007967,7.137149,0.017838,0.001716,9.203577,0.043442,0.006711,"Dry"
"220","Rhododendron_cerasinum",5.629759,0.011425,5e-05,6.867011,0.25452,0.049796,6.812681,0.097818,0.010724,9.170082,0.150857,0.041941,"Dry"
"221","Rhododendron_championiae",5.680228,0.001275,1.5e-05,7.245117,0.03844,0.015322,7.155812,0.008974,0.0033,9.421891,0.015279,0.012905,"Dry"
"222","Rhododendron_edgeworthii",5.652595,0.003637,1.3e-05,6.754056,0.143879,0.013279,7.057136,0.042899,0.00286,9.079054,0.063242,0.011184,"Dry"
"223","Rhododendron_farrerae",5.679922,0.001516,7e-06,7.340272,0.043364,0.007114,7.15248,0.016064,0.001532,9.440485,0.036537,0.005992,"Dry"
"224","Rhododendron_ferrugineum",5.632614,0.00322,6e-06,6.905738,0.063291,0.006036,6.828195,0.041007,0.0013,9.328173,0.105911,0.005084,"Dry"
"225","Rhododendron_floccigerum",5.640854,0.003469,4e-05,6.749778,0.270501,0.039836,7.004976,0.044475,0.008579,8.92119,0.102379,0.033553,"Dry"
"226","Rhododendron_forrestii",5.631925,0.007956,6.6e-05,7.259098,0.747022,0.066394,6.818178,0.124926,0.014298,9.341033,0.102295,0.055921,"Dry"
"227","Rhododendron_fortunei",5.671108,0.001223,4e-06,7.12257,0.045554,0.004065,7.10035,0.01235,0.000875,9.314419,0.031254,0.003424,"Dry"
"228","Rhododendron_fulvum",5.655576,0.005486,2e-05,6.666705,0.11891,0.019918,7.103716,0.047099,0.004289,9.070141,0.083385,0.016776,"Dry"
"229","Rhododendron_glischrum",5.639066,0.000889,9.9e-05,7.272921,0.138031,0.099591,6.902744,0.031653,0.021447,9.128437,0.141115,0.083882,"Dry"
"230","Rhododendron_henryi",5.68365,0.001159,1.3e-05,7.294164,0.033815,0.013279,7.202032,0.009844,0.00286,9.406562,0.029694,0.011184,"Dry"
"231","Rhododendron_hippophaeoides",5.64227,0.006617,3.3e-05,6.726112,0.172014,0.033197,7.015855,0.071715,0.007149,8.829892,0.045494,0.027961,"Dry"
"232","Rhododendron_hirsutum",5.627948,0.002991,1.4e-05,7.238436,0.086089,0.014227,6.71889,0.023012,0.003064,9.613007,0.0748,0.011983,"Dry"
"233","Rhododendron_impeditum",5.64511,0.004526,2.2e-05,6.345264,0.102657,0.022131,7.062725,0.036133,0.004766,8.83581,0.051201,0.01864,"Dry"
"234","Rhododendron_indicum",5.671002,0.002048,6e-06,7.386637,0.0691,0.006425,7.200912,0.030296,0.001384,9.442089,0.079609,0.005412,"Dry"
"235","Rhododendron_keleticum",5.633181,NA,0.000198,7.669028,NA,0.199182,6.788972,NA,0.042895,9.21044,NA,0.167764,"Dry"
"236","Rhododendron_lapponicum",5.586728,0.000847,1e-06,5.893724,0.030859,0.000615,6.221713,0.013441,0.000139,8.91828,0.02887,0.000543,"Dry"
"237","Rhododendron_lepidotum",5.610845,0.010013,4e-05,6.833542,0.386704,0.039836,6.747121,0.200398,0.008579,8.720485,0.272573,0.033553,"Dry"
"238","Rhododendron_leptothrium",5.652015,0.004007,2.8e-05,6.975304,0.170986,0.028455,7.053676,0.041935,0.006128,9.135249,0.098314,0.023966,"Dry"
"239","Rhododendron_lukiangense",5.648497,0.003109,4e-05,6.892176,0.267122,0.039836,7.015381,0.053219,0.008579,9.132742,0.097782,0.033553,"Dry"
"240","Rhododendron_mariesii",5.672259,0.001056,2e-06,7.141288,0.035364,0.002189,7.112059,0.009253,0.000471,9.312077,0.029735,0.001844,"Dry"
"241","Rhododendron_maximum",5.648535,0.001057,4e-06,6.962256,0.021925,0.003906,7.026755,0.015304,0.000841,9.209313,0.018766,0.003289,"Dry"
"242","Rhododendron_monanthum",5.625359,0.01424,9.9e-05,7.178731,0.093667,0.099591,6.634895,0.22472,0.021447,9.302626,0.078975,0.083882,"Dry"
"243","Rhododendron_moulmainense",5.675582,0.001136,3e-06,7.194803,0.040565,0.003064,7.140666,0.012388,0.00066,9.351556,0.022242,0.002581,"Dry"
"244","Rhododendron_mucronulatum",5.642705,0.002122,6e-06,7.026939,0.066107,0.005533,6.931898,0.019944,0.001226,9.244921,0.051094,0.004793,"Dry"
"245","Rhododendron_oldhamii",5.671431,NA,0.000198,8.202756,NA,0.199182,7.032624,NA,0.042895,10.167082,NA,0.167764,"Dry"
"246","Rhododendron_ovatum",5.674732,0.000916,3e-06,7.259841,0.031271,0.002656,7.114956,0.01063,0.000572,9.402657,0.024877,0.002237,"Dry"
"247","Rhododendron_racemosum",5.653032,0.002675,7e-06,6.547196,0.082547,0.007114,7.080043,0.023508,0.001532,8.948735,0.048604,0.005992,"Dry"
"248","Rhododendron_roxieanum",5.640282,0.005603,1.8e-05,6.691941,0.070422,0.018107,6.900581,0.08601,0.0039,8.976385,0.06972,0.015251,"Dry"
"249","Rhododendron_rubiginosum",5.650932,0.003502,8e-06,6.632961,0.078204,0.007661,7.020295,0.048209,0.00165,9.033163,0.060084,0.006452,"Dry"
"250","Rhododendron_sinogrande",5.646198,0.005558,4e-05,7.001744,0.18201,0.039836,6.991554,0.073644,0.008579,9.204696,0.078578,0.033553,"Dry"
"251","Rhododendron_tapetiforme",5.622678,0.01229,9.9e-05,6.650272,0.227024,0.099591,6.720155,0.257126,0.021447,8.987507,0.27048,0.083882,"Dry"
"252","Rhododendron_telmateium",5.640375,0.003051,2e-05,6.310923,0.140842,0.019918,7.043964,0.042509,0.004289,8.797465,0.054668,0.016776,"Dry"
"253","Rhododendron_thomsonii",5.624078,0.006892,3.3e-05,6.45013,0.303708,0.033197,6.962485,0.077779,0.007149,8.735891,0.232633,0.027961,"Dry"
"254","Rhododendron_tomentosum",5.62426,0.000907,2e-06,6.339612,0.018262,0.001544,6.444903,0.015109,0.000343,9.141458,0.014169,0.001342,"Dry"
"255","Rhododendron_vaccinioides",5.649604,0.007004,5e-05,6.956531,0.181206,0.049796,7.029312,0.06419,0.010724,9.130892,0.138267,0.041941,"Dry"
"256","Rhododendron_vernicosum",5.644804,0.003177,6e-06,6.365278,0.077402,0.006224,7.023942,0.030234,0.00134,8.890958,0.047373,0.005243,"Dry"
"257","Rhododendron_wardii",5.64147,0.003863,1.7e-05,6.493679,0.132658,0.016599,6.999719,0.040667,0.003575,8.932639,0.066597,0.01398,"Dry"
"258","Rhododendron_williamsianum",5.654303,0.01065,6.6e-05,6.846125,0.488474,0.066394,6.907618,0.09973,0.014298,9.155742,0.191337,0.055921,"Dry"
"259","Rhododendron_xanthostephanum",5.643964,0.010241,5e-05,6.755686,0.381171,0.049796,6.911131,0.154135,0.010724,9.320331,0.124076,0.041941,"Dry"
"260","Rhododendron_yunnanense",5.651454,0.002883,8e-06,6.520842,0.101164,0.007661,7.056021,0.02692,0.00165,8.958683,0.049933,0.006452,"Dry"
"261","Rhododendron_zaleucum",5.658563,0.009765,9.9e-05,7.305362,0.031575,0.099591,7.078932,0.152355,0.021447,9.374393,0.100233,0.083882,"Dry"
"262","Rhodothamnus_chamaecistus",5.624361,0.005624,2.8e-05,7.037618,0.125433,0.028455,6.638081,0.054324,0.006128,9.664317,0.164329,0.023966,"Dry"
"263","Richea_acerosa",5.634432,0.000179,9.9e-05,7.185086,0.116062,0.099591,6.787224,0.010717,0.021447,9.603029,0.270205,0.083882,"Dry"
"264","Richea_alpina",5.639244,NA,0.000198,7.577122,NA,0.199182,6.826545,NA,0.042895,10.027694,NA,0.167764,"Dry"
"265","Richea_continentis",5.637052,0.001379,2.8e-05,7.195658,0.084832,0.028455,7.01097,0.021604,0.006128,9.507109,0.06753,0.023966,"Dry"
"266","Richea_gunnii",5.634665,0.001508,3.3e-05,7.332427,0.114381,0.033197,6.789408,0.025343,0.007149,9.793408,0.16939,0.027961,"Dry"
"267","Richea_milliganii",5.642345,0.001861,5e-05,7.717821,0.087542,0.049796,6.850211,0.028744,0.010724,10.122926,0.080698,0.041941,"Dry"
"268","Richea_pandanifolia",5.637243,0.005403,5e-05,7.470636,0.077109,0.049796,6.795398,0.060544,0.010724,9.952379,0.09706,0.041941,"Dry"
"269","Richea_procera",5.638591,0.002478,4e-05,7.051929,0.21195,0.039836,6.873746,0.034269,0.008579,9.50319,0.167173,0.033553,"Dry"
"270","Richea_scoparia",5.639824,0.003105,2.8e-05,7.354676,0.187633,0.028455,6.849683,0.03934,0.006128,9.715913,0.219658,0.023966,"Dry"
"271","Richea_sprengelioides",5.635554,0.001862,3.3e-05,7.347132,0.176882,0.033197,6.799256,0.03218,0.007149,9.837649,0.151589,0.027961,"Dry"
"272","Richea_victoriana",5.641375,NA,0.000198,7.269617,NA,0.199182,7.005789,NA,0.042895,9.454932,NA,0.167764,"Dry"
"273","Satyria_warszewiczii",5.682873,0.001951,4e-06,7.897861,0.056756,0.004238,7.326202,0.017121,0.000913,9.659423,0.057069,0.003569,"Fleshy"
"274","Semiramisia_speciosa",5.667629,0.002047,4e-05,7.327107,0.163293,0.039836,7.098464,0.019175,0.008579,9.330174,0.06266,0.033553,"Fleshy"
"275","Siphonandra_elliptica",5.649429,0.005388,1.7e-05,7.288034,0.110721,0.016599,7.187757,0.033566,0.003575,8.914383,0.053142,0.01398,"Fleshy"
"276","Sphenotoma_dracophylloides",5.665697,0.001182,4e-05,6.288515,0.186879,0.039836,7.388757,0.034659,0.008579,8.07978,0.18853,0.033553,"Dry"
"277","Sphenotoma_drummondii",5.660701,NA,0.000198,6.705639,NA,0.199182,7.290975,NA,0.042895,8.338784,NA,0.167764,"Dry"
"278","Sphenotoma_gracilis",5.667174,0.000841,3.3e-05,6.877759,0.062554,0.033197,7.407111,0.037857,0.007149,8.68096,0.075809,0.027961,"Dry"
"279","Sphyrospermum_buxifolium",5.679783,0.001616,3e-06,7.703625,0.055463,0.002656,7.213748,0.015989,0.000572,9.596558,0.056271,0.002237,"Fleshy"
"280","Sphyrospermum_cordifolium",5.67607,0.001554,2e-06,7.686962,0.051535,0.002316,7.207809,0.014901,0.000499,9.592784,0.044163,0.001951,"Fleshy"
"281","Sprengelia_incarnata",5.660354,0.001369,4e-06,6.867432,0.049012,0.003906,7.205921,0.024152,0.000858,8.875208,0.058084,0.003355,"Dry"
"282","Styphelia_adscendens",5.658455,0.000821,8e-06,6.655753,0.068267,0.007661,7.187802,0.03142,0.001865,8.702919,0.1022,0.007294,"Fleshy"
"283","Styphelia_exarrhena",5.66361,0.000649,2.5e-05,6.395378,0.072352,0.024898,7.416895,0.021525,0.006128,8.190813,0.110898,0.023966,"Fleshy"
"284","Styphelia_hainesii",5.673345,9e-04,2.8e-05,5.708496,0.108173,0.028455,7.68678,0.035982,0.008579,7.080504,0.097119,0.033553,"Fleshy"
"285","Styphelia_laeta",5.674525,NA,0.000198,6.986566,NA,0.199182,NA,NA,Inf,NA,NA,Inf,"Fleshy"
"286","Styphelia_longifolia",5.674525,NA,0.000198,7.065613,NA,0.199182,7.358831,NA,0.042895,9.021477,NA,0.167764,"Fleshy"
"287","Styphelia_tubiflora",5.654205,0.000931,4e-05,6.964025,0.088056,0.039836,7.218996,0.021523,0.008579,8.968722,0.139809,0.033553,"Fleshy"
"288","Styphelia_viridis",5.671613,0.002039,8e-06,6.781186,0.076128,0.008299,7.432379,0.024463,0.001865,8.569651,0.081253,0.007294,"Fleshy"
"289","Tepuia_cardonae",5.665908,NA,0.000198,8.236421,NA,0.199182,7.336286,NA,0.042895,9.619465,NA,0.167764,"Fleshy"
"290","Tepuia_venusta",5.676493,0.013359,9.9e-05,7.892404,0.125563,0.099591,7.362955,0.035831,0.021447,9.550057,0.046973,0.083882,"Fleshy"
"291","Themistoclesia_costaricensis",5.673596,0.003603,2.2e-05,8.125368,0.102373,0.022131,7.199376,0.045177,0.004766,9.915197,0.096179,0.01864,"Fleshy"
"292","Themistoclesia_epiphytica",5.647707,0.002065,1.2e-05,7.62317,0.078191,0.011717,6.976349,0.027143,0.002523,9.649691,0.069166,0.009868,"Fleshy"
"293","Thibaudia_floribunda",5.660272,0.00248,6e-06,7.475188,0.066159,0.006425,7.076131,0.020415,0.001384,9.446232,0.059159,0.005412,"Fleshy"
"294","Thibaudia_litensis",5.684593,0.003568,9.9e-05,7.692577,0.112898,0.099591,7.049011,0.075467,0.021447,9.700089,0.021997,0.083882,"Fleshy"
"295","Trochocarpa_laurina",5.670959,0.002108,1e-05,7.160449,0.054599,0.009959,7.363,0.021523,0.002383,9.010368,0.060276,0.00932,"Fleshy"
"296","Vaccinium_bracteatum",5.674243,0.000902,1e-06,7.329581,0.030488,0.001328,7.145846,0.008987,0.000298,9.414695,0.025884,0.001165,"Fleshy"
"297","Vaccinium_calycinum",5.673489,0.002092,5e-05,7.524236,0.234663,0.049796,7.245962,0.050696,0.010724,9.434779,0.186506,0.041941,"Fleshy"
"298","Vaccinium_consanguineum",5.643842,0.003742,6.6e-05,8.13084,0.08991,0.066394,6.966624,0.025549,0.014298,9.939624,0.020909,0.055921,"Fleshy"
"299","Vaccinium_meridionale",5.655322,0.003969,1.7e-05,7.448844,0.098932,0.016599,7.15571,0.02318,0.003575,9.290849,0.090431,0.01398,"Fleshy"
"300","Vaccinium_reticulatum",5.665034,0.003985,9.9e-05,7.647424,0.193283,0.099591,7.161212,0.039959,0.021447,9.63882,0.121951,0.083882,"Fleshy"
"301","Zenobia_pulverulenta",5.671114,0.001317,2e-05,7.139332,0.024441,0.019918,7.30593,0.018087,0.004289,9.040021,0.019477,0.016776,"Dry"
