,species,mean_temp,se_temp,within_sp_var_temp,mean_prec,se_prec,within_sp_var_prec,mean_pet,se_pet,within_sp_var_pet,mean_aridity,se_aridity,within_sp_var_aridity,Fruit_type
1,Acaena_cylindristachya,5.654782,0.006354,3.00E-05,7.307476,0.162016,0.030768,7.110063,0.045194,0.006722,9.284618,0.151176,0.032675,Dry
2,Adenostoma_fasciculatum,5.664145,0.002095,8.00E-06,5.993691,0.085364,0.008391,7.511599,0.032816,0.001833,7.68053,0.116622,0.008911,Dry
3,Adenostoma_sparsifolium,5.662088,0.001494,3.60E-05,5.669318,0.20485,0.036922,7.614166,0.033955,0.008067,7.5539,0.088178,0.03921,Dry
4,Agrimonia_gryposepala,5.639827,0.000703,1.00E-06,6.79566,0.019321,0.000998,6.952801,0.012443,0.00022,9.078588,0.023555,0.001071,Dry
5,Agrimonia_nipponica,5.655096,0.001676,6.00E-06,7.462318,0.046637,0.005769,6.983974,0.019882,0.00126,9.683359,0.045962,0.006127,Dry
6,Agrimonia_pilosa,5.644754,0.001156,0,6.633838,0.029508,0.000434,6.950612,0.011259,9.50E-05,8.958031,0.027293,0.000462,Dry
7,Agrimonia_procera,5.639573,0.000628,2.00E-06,6.659282,0.03368,0.001903,6.702002,0.016385,0.000438,9.164428,0.040023,0.002131,Dry
8,Alchemilla_abyssinica,5.65339,0.005034,2.60E-05,7.040775,0.058242,0.026373,7.312811,0.032688,0.005762,8.964802,0.094251,0.028007,Dry
9,Alchemilla_alpina,5.620999,0.001155,2.00E-06,6.840726,0.048218,0.001828,6.389795,0.018309,0.00042,9.688544,0.048048,0.002042,Dry
10,Alchemilla_argyrophylla,5.619857,0.000363,9.10E-05,7.248817,0.096548,0.092305,6.808491,0.046918,0.020167,9.885401,0.11974,0.098026,Dry
11,Alchemilla_atriuscula,5.650206,NA,0.000182,7.160069,NA,0.184609,7.010312,NA,0.040334,9.044168,NA,0.196052,Dry
12,Alchemilla_colura,5.643838,0.004192,6.10E-05,6.784913,0.065905,0.061536,7.284203,0.012679,0.013445,8.658332,0.031429,0.065351,Dry
13,Alchemilla_coriacea,5.633695,0.001425,6.00E-06,7.040176,0.047743,0.006366,6.867213,0.02794,0.001391,9.372943,0.052532,0.00676,Dry
14,Alchemilla_crinita,5.631942,0.002571,1.20E-05,7.119157,0.101686,0.012307,6.673209,0.023711,0.002689,9.54354,0.084063,0.01307,Dry
15,Alchemilla_cryptantha,5.669971,0.002351,6.00E-06,7.246371,0.095146,0.005955,7.29474,0.036615,0.001301,9.095079,0.107064,0.006324,Dry
16,Alchemilla_decumbens,5.615704,0.006052,6.10E-05,7.134765,0.322736,0.061536,6.638122,0.082823,0.013445,9.665344,0.269772,0.065351,Dry
17,Alchemilla_ellenbeckii,5.654624,0.005122,6.10E-05,7.338211,0.243868,0.061536,6.946195,0.027854,0.013445,9.759842,0.067575,0.065351,Dry
18,Alchemilla_epipsila,5.621671,0.004817,3.00E-05,6.752449,0.207725,0.030768,6.857481,0.080249,0.006722,9.165331,0.257316,0.032675,Dry
19,Alchemilla_fallax,5.633931,0.005343,2.30E-05,7.181818,0.08467,0.023076,6.911202,0.040354,0.005042,9.358693,0.125153,0.024507,Dry
20,Alchemilla_filicaulis,5.62535,0.00081,1.00E-06,6.621023,0.030122,0.001073,6.450769,0.012871,0.000239,9.389502,0.030232,0.001167,Dry
21,Alchemilla_fischeri,5.662599,0.004961,3.60E-05,7.532295,0.07118,0.036922,7.291054,0.095891,0.008067,9.309643,0.102036,0.03921,Dry
22,Alchemilla_glabra,5.629658,0.000911,1.00E-06,6.724746,0.036622,0.0013,6.501486,0.014457,0.000292,9.473544,0.041505,0.001421,Dry
23,Alchemilla_heptagona,5.625762,0.000896,4.00E-06,6.38943,0.014032,0.00362,6.553187,0.020814,0.000791,9.070478,0.019556,0.003844,Dry
24,Alchemilla_hispanica,5.642263,0.007595,6.10E-05,7.075828,0.070914,0.061536,6.91867,0.026056,0.013445,9.206568,0.09431,0.065351,Dry
25,Alchemilla_incisa,5.634547,0.003766,1.80E-05,6.961864,0.084116,0.018461,6.86406,0.047677,0.004033,9.357326,0.11528,0.019605,Dry
26,Alchemilla_japonica,5.635434,0.00382,1.30E-05,5.618549,0.174929,0.013186,7.153776,0.04125,0.002881,7.774284,0.222923,0.014004,Dry
27,Alchemilla_johnstonii,5.644944,0.002776,2.60E-05,7.142409,0.072082,0.026373,6.920312,0.040738,0.005762,9.602483,0.096896,0.028007,Dry
28,Alchemilla_kiwuensis,5.666196,0.004173,9.00E-06,7.288454,0.09907,0.008791,7.208988,0.053866,0.001921,9.266964,0.128554,0.009336,Dry
29,Alchemilla_longana,5.621306,NA,0.000182,6.630683,NA,0.184609,6.648985,NA,0.040334,9.439068,NA,0.196052,Dry
30,Alchemilla_microbetula,5.649104,0.012138,4.60E-05,7.194379,0.04109,0.046152,7.216083,0.083442,0.010084,9.18343,0.153149,0.049013,Dry
31,Alchemilla_oscensis,5.638502,0.007828,9.10E-05,6.980252,0.186786,0.092305,7.014808,0.003594,0.020167,9.174795,0.049251,0.098026,Dry
32,Alchemilla_pedata,5.661266,0.002203,1.30E-05,7.116202,0.077383,0.013186,7.313502,0.032848,0.002881,8.954903,0.07517,0.014004,Dry
33,Alchemilla_pentaphyllea,5.612756,0.003833,9.10E-05,7.146897,0.492745,0.092305,6.688596,0.044806,0.020167,9.751101,0.222379,0.098026,Dry
34,Alchemilla_plicata,5.63013,0.000542,2.00E-06,6.518639,0.024718,0.002224,6.571798,0.007764,0.000486,9.186862,0.027363,0.002362,Dry
35,Alchemilla_propinqua,5.628321,0.00053,1.00E-06,6.473782,0.02308,0.001273,6.597858,0.011026,0.00028,9.117459,0.02933,0.001361,Dry
36,Alchemilla_retinervis,5.62134,0.009084,3.00E-05,7.178825,0.155378,0.030768,6.730443,0.082882,0.006722,9.576744,0.119895,0.032675,Dry
37,Alchemilla_roccatii,5.618043,NA,0.000182,7.192934,NA,0.184609,6.767343,NA,0.040334,9.991361,NA,0.196052,Dry
38,Alchemilla_saxatilis,5.637439,0.002123,7.00E-06,6.95866,0.061754,0.007384,6.987012,0.026717,0.001613,9.138741,0.083341,0.007842,Dry
39,Alchemilla_stuhlmannii,5.631749,NA,0.000182,6.973543,NA,0.184609,6.862758,NA,0.040334,9.748762,NA,0.196052,Dry
40,Alchemilla_subnivalis,5.619857,NA,0.000182,7.012115,NA,0.184609,6.57368,NA,0.040334,10.236167,NA,0.196052,Dry
41,Alchemilla_tenuis,5.627396,0.00478,3.60E-05,6.935922,0.080611,0.036922,6.758042,0.083134,0.008067,9.518157,0.141747,0.03921,Dry
42,Alchemilla_transiens,5.632273,0.00172,1.10E-05,7.108507,0.070328,0.010859,6.910743,0.020295,0.002373,9.313629,0.07289,0.011532,Dry
43,Alchemilla_volkensii,5.663342,0.00965,4.60E-05,7.297168,0.13526,0.046152,7.292283,0.071422,0.010084,9.08704,0.104841,0.049013,Dry
44,Alchemilla_woodii,5.66155,0.002693,1.70E-05,6.751187,0.067905,0.016783,7.41592,0.020557,0.003667,8.447339,0.062002,0.017823,Dry
45,Alchemilla_xanthochlora,5.638301,0.000674,2.00E-06,6.815537,0.03188,0.001709,6.764473,0.016313,0.000377,9.262297,0.034883,0.001832,Dry
46,Amelanchier_alnifolia,5.643764,0.001242,6.00E-06,5.990505,0.096005,0.005955,7.129206,0.023991,0.001301,8.207015,0.113817,0.006324,Fleshy
47,Amelanchier_canadensis,5.630581,0.001733,1.20E-05,6.927789,0.046863,0.012307,6.686481,0.033033,0.002881,9.574504,0.071142,0.014004,Fleshy
48,Amelanchier_interior,5.633018,0.000955,3.00E-06,6.653768,0.0154,0.003239,6.875458,0.014212,0.000708,9.000134,0.018237,0.00344,Fleshy
49,Amelanchier_laevis,5.635756,0.00077,1.00E-06,6.857812,0.016484,0.000972,6.864704,0.011756,0.000212,9.218446,0.018357,0.001032,Fleshy
50,Amelanchier_lamarckii,5.639704,0.000531,3.00E-06,6.623305,0.038437,0.003239,6.654613,0.010285,0.000708,9.186321,0.040393,0.00344,Fleshy
51,Amelanchier_nantucketensis,5.652645,0.006314,9.10E-05,7.015989,0.205847,0.092305,7.11503,0.082406,0.020167,9.12671,0.18438,0.098026,Fleshy
52,Amelanchier_ovalis,5.644732,0.001079,2.00E-06,6.755075,0.037824,0.002147,7.007239,0.02121,0.000469,8.939034,0.056015,0.00228,Fleshy
53,Amelanchier_quinti-martii,5.629936,0.00646,9.10E-05,6.787337,0.183393,0.092305,6.732331,0.075604,0.020167,9.354147,0.020351,0.098026,Fleshy
54,Amelanchier_stolonifera,5.629885,0.001729,2.00E-06,6.878714,0.022724,0.002337,6.768467,0.022635,0.000511,9.348841,0.020713,0.002482,Fleshy
55,Amelanchier_utahensis,5.643777,0.001006,1.00E-06,5.950173,0.038384,0.001119,7.399141,0.015232,0.000244,7.900505,0.04452,0.001188,Fleshy
56,Aphanes_arvensis,5.647113,0.000744,1.00E-06,6.566112,0.021449,0.001061,6.863635,0.020285,0.000235,8.911761,0.032119,0.00114,Dry
57,Aphanes_australis,5.644173,0.000874,2.00E-06,6.601779,0.031035,0.002198,6.782005,0.025426,0.00048,9.014339,0.039769,0.002334,Dry
58,Aphanes_cornucopioides,5.655698,0.001656,6.00E-06,6.448382,0.044805,0.005769,7.310308,0.021275,0.00126,8.27215,0.061399,0.006127,Dry
59,Bencomia_caudata,5.666198,0.00607,4.60E-05,6.028721,0.146563,0.046152,7.440358,0.007403,0.010084,7.692278,0.112826,0.049013,Fleshy
60,Bencomia_exstipulata,5.650275,0.014593,9.10E-05,5.943588,0.207015,0.092305,7.538873,0.017555,0.020167,7.695939,0.048631,0.098026,Fleshy
61,Cercocarpus_ledifolius,5.63052,0.002348,3.60E-05,6.005366,0.130825,0.036922,7.213653,0.065218,0.008067,8.097893,0.139289,0.03921,Dry
62,Cercocarpus_montanus,5.650289,0.001219,1.00E-06,5.982848,0.035419,0.001256,7.480325,0.014691,0.000274,7.818496,0.037935,0.001334,Dry
63,Chamaebatia_foliolosa,5.651669,0.003749,1.70E-05,6.680796,0.091516,0.016783,7.437695,0.034261,0.003667,8.545985,0.107865,0.017823,Dry
64,Chamaemeles_coriacea,5.667637,NA,0.000182,7.611842,NA,0.184609,7.311886,NA,0.040334,8.361241,NA,0.196052,Fleshy
65,Chamaerhodos_sabulosa,5.603636,0.002276,4.00E-06,4.904846,0.08521,0.004395,6.967939,0.037107,0.00096,7.289082,0.126227,0.004668,Dry
66,Cliffortia_acanthophylla,5.670053,NA,0.000182,5.736572,NA,0.184609,7.671361,NA,0.040334,7.136483,NA,0.196052,Dry
67,Cliffortia_aculeata,5.660998,0.007175,6.10E-05,5.964552,0.081753,0.061536,7.585536,0.0975,0.013445,7.394313,0.235185,0.065351,Dry
68,Cliffortia_acutifolia,5.669018,NA,0.000182,5.828946,NA,0.184609,7.691657,NA,0.040334,7.138073,NA,0.196052,Dry
69,Cliffortia_alata,5.669364,NA,0.000182,5.908083,NA,0.184609,7.520776,NA,0.040334,7.621195,NA,0.196052,Dry
70,Cliffortia_amplexistipula,5.66126,0.005727,4.60E-05,5.673964,0.153366,0.046152,7.590301,0.032241,0.010084,7.231375,0.110382,0.049013,Dry
71,Cliffortia_anthospermoides,5.669708,NA,0.000182,6.228511,NA,0.184609,7.295056,NA,0.040334,8.286269,NA,0.196052,Dry
72,Cliffortia_apiculata,5.66669,0.005018,6.10E-05,5.979147,0.423005,0.061536,7.521919,0.098297,0.013445,7.616566,0.471803,0.065351,Dry
73,Cliffortia_arborea,5.656625,0.002833,6.10E-05,5.720091,0.014895,0.061536,7.566891,0.028296,0.013445,7.263451,0.057652,0.065351,Dry
74,Cliffortia_arcuata,5.660091,0.000846,4.60E-05,6.072609,0.127413,0.046152,7.453991,0.009995,0.010084,7.795637,0.108998,0.049013,Dry
75,Cliffortia_atrata,5.655395,0.008487,6.10E-05,6.849594,0.029607,0.061536,7.404745,0.023454,0.013445,8.303237,0.119864,0.065351,Dry
76,Cliffortia_baccans,5.655572,0.003397,6.10E-05,5.81168,0.177852,0.061536,7.556386,0.035715,0.013445,7.328502,0.171426,0.065351,Dry
77,Cliffortia_brevifolia,5.671546,0.00023,6.10E-05,6.590154,0.231668,0.061536,7.346449,0.048855,0.013445,8.235519,0.0665,0.065351,Dry
78,Cliffortia_browniana,5.659407,0.003028,2.30E-05,6.633694,0.107948,0.023076,7.396008,0.033494,0.005042,8.556666,0.078116,0.024507,Dry
79,Cliffortia_burchellii,5.667283,0.001775,3.00E-05,6.408191,0.181966,0.030768,7.373586,0.030995,0.006722,8.097055,0.138054,0.032675,Dry
80,Cliffortia_burgersii,5.672808,NA,0.000182,6.095825,NA,0.184609,7.362011,NA,0.040334,7.885329,NA,0.196052,Dry
81,Cliffortia_carinata,5.657164,0.007105,6.10E-05,6.146128,0.242004,0.061536,7.433103,0.064687,0.013445,7.829948,0.233988,0.065351,Dry
82,Cliffortia_castanea,5.65709,0.005245,3.60E-05,5.894027,0.16395,0.036922,7.548719,0.046063,0.008067,7.511101,0.161158,0.03921,Dry
83,Cliffortia_ceresana,5.639955,NA,0.000182,6.60665,NA,0.184609,7.396949,NA,0.040334,8.061171,NA,0.196052,Dry
84,Cliffortia_cervicornu,5.659424,0.000419,6.10E-05,5.562242,0.079047,0.061536,7.550394,0.031093,0.013445,7.357886,0.141486,0.065351,Dry
85,Cliffortia_complanata,5.668845,0.001208,9.10E-05,6.479145,0.408407,0.092305,7.43997,0.018793,0.020167,8.246953,0.090156,0.098026,Dry
86,Cliffortia_crenata,5.662897,0.002372,6.10E-05,5.605395,0.080103,0.061536,7.548273,0.010373,0.013445,7.353378,0.079142,0.065351,Dry
87,Cliffortia_cristata,5.66209,0.002085,9.10E-05,6.169707,0.101282,0.092305,7.539654,0.037467,0.020167,7.713313,0.194706,0.098026,Dry
88,Cliffortia_curvifolia,5.671776,NA,0.000182,6.079933,NA,0.184609,7.312553,NA,0.040334,8.081166,NA,0.196052,Dry
89,Cliffortia_cymbifolia,5.652665,NA,0.000182,7.123673,NA,0.184609,7.46451,NA,0.040334,8.342364,NA,0.196052,Dry
90,Cliffortia_densa,5.668328,NA,0.000182,5.968708,NA,0.184609,7.559038,NA,0.040334,7.505492,NA,0.196052,Dry
91,Cliffortia_dentata,5.655117,NA,0.000182,7.342132,NA,0.184609,7.444833,NA,0.040334,8.426831,NA,0.196052,Dry
92,Cliffortia_dichotoma,5.666946,NA,0.000182,5.913503,NA,0.184609,7.697121,NA,0.040334,7.110696,NA,0.196052,Dry
93,Cliffortia_dispar,5.662202,0.002353,6.10E-05,6.456619,0.234801,0.061536,7.428349,0.055793,0.013445,8.017434,0.238232,0.065351,Dry
94,Cliffortia_dodecandra,5.665908,NA,0.000182,6.593045,NA,0.184609,7.358194,NA,0.040334,8.207674,NA,0.196052,Dry
95,Cliffortia_dracomontana,5.633181,NA,0.000182,7.204149,NA,0.184609,7.104144,NA,0.040334,8.980172,NA,0.196052,Dry
96,Cliffortia_dregeana,5.64102,NA,0.000182,6.628041,NA,0.184609,7.38709,NA,0.040334,8.057061,NA,0.196052,Dry
97,Cliffortia_drepanoides,5.665561,0.001039,9.10E-05,6.253516,0.025005,0.092305,7.437594,0.03149,0.020167,8.021441,0.024788,0.098026,Dry
98,Cliffortia_erectisepala,5.663825,0.002428,9.10E-05,6.888893,0.241205,0.092305,7.454404,0.007236,0.020167,8.407059,0.029358,0.098026,Dry
99,Cliffortia_ericifolia,5.671087,NA,0.000182,6.463029,NA,0.184609,7.346655,NA,0.040334,8.204945,NA,0.196052,Dry
100,Cliffortia_eriocephalina,5.651543,0.002733,2.00E-05,6.362762,0.115119,0.020512,7.445919,0.01936,0.004482,7.971085,0.085847,0.021784,Dry
101,Cliffortia_esterhuyseniae,5.639599,NA,0.000182,6.822197,NA,0.184609,7.410952,NA,0.040334,8.074026,NA,0.196052,Dry
102,Cliffortia_exilifolia,5.658242,0.004412,6.10E-05,6.563325,0.295963,0.061536,7.376376,0.018501,0.013445,8.166855,0.202659,0.065351,Dry
103,Cliffortia_falcata,5.667759,0.002963,2.60E-05,6.201297,0.0846,0.026373,7.386395,0.023607,0.005762,7.975691,0.074525,0.028007,Dry
104,Cliffortia_ferricola,5.670743,NA,0.000182,6.484635,NA,0.184609,7.350516,NA,0.040334,8.384347,NA,0.196052,Dry
105,Cliffortia_ferruginea,5.665617,0.003816,2.60E-05,6.567395,0.114137,0.026373,7.38744,0.022603,0.005762,8.22331,0.118224,0.028007,Dry
106,Cliffortia_filicauloides,5.642084,NA,0.000182,7.185387,NA,0.184609,7.282761,NA,0.040334,8.750683,NA,0.196052,Dry
107,Cliffortia_filifolia,5.662734,0.00726,6.10E-05,6.704163,0.386952,0.061536,7.362593,0.007197,0.013445,8.186643,0.168,0.065351,Dry
108,Cliffortia_glauca,5.662345,0.003512,3.60E-05,6.273483,0.142216,0.036922,7.409615,0.032268,0.008067,8.000317,0.11309,0.03921,Dry
109,Cliffortia_gracillima,5.663828,NA,0.000182,6.230481,NA,0.184609,7.409742,NA,0.040334,7.870548,NA,0.196052,Dry
110,Cliffortia_graminea,5.664516,0.003467,9.10E-05,6.781312,0.079352,0.092305,7.328479,0.023962,0.020167,8.283243,0.038909,0.098026,Dry
111,Cliffortia_hantamensis,5.657761,0.003765,3.00E-05,5.851522,0.170815,0.030768,7.505842,0.057686,0.006722,7.532748,0.20126,0.032675,Dry
112,Cliffortia_heterophylla,5.665561,NA,0.000182,6.89467,NA,0.184609,7.307873,NA,0.040334,8.565031,NA,0.196052,Dry
113,Cliffortia_hexandra,5.666367,0.0109,9.10E-05,5.900254,0.324305,0.092305,7.605402,0.080301,0.020167,7.282101,0.269085,0.098026,Dry
114,Cliffortia_hirsuta,5.671087,NA,0.000182,6.689599,NA,0.184609,7.275865,NA,0.040334,8.432071,NA,0.196052,Dry
115,Cliffortia_hirta,5.671431,NA,0.000182,6.562444,NA,0.184609,7.425954,NA,0.040334,8.133,NA,0.196052,Dry
116,Cliffortia_ilicifolia,5.671593,0.002029,3.00E-05,6.479101,0.114303,0.030768,7.351852,0.017977,0.006722,8.246508,0.091625,0.032675,Dry
117,Cliffortia_incana,5.671776,NA,0.000182,6.36647,NA,0.184609,7.362011,NA,0.040334,7.888335,NA,0.196052,Dry
118,Cliffortia_integerrima,5.667291,NA,0.000182,6.76273,NA,0.184609,7.415175,NA,0.040334,8.23695,NA,0.196052,Dry
119,Cliffortia_juniperina,5.669275,0.003111,3.60E-05,5.904663,0.165147,0.036922,7.507778,0.056337,0.008067,7.636924,0.167981,0.03921,Dry
120,Cliffortia_lanceolata,5.652665,NA,0.000182,6.4708,NA,0.184609,7.400621,NA,0.040334,7.891705,NA,0.196052,Dry
121,Cliffortia_lepida,5.650909,NA,0.000182,6.807935,NA,0.184609,7.396949,NA,0.040334,8.326275,NA,0.196052,Dry
122,Cliffortia_linearifolia,5.663395,0.001627,7.00E-06,6.678473,0.067936,0.0071,7.402516,0.020803,0.001551,8.414559,0.077118,0.00754,Dry
123,Cliffortia_marginata,5.671431,NA,0.000182,7.015712,NA,0.184609,7.382746,NA,0.040334,8.377011,NA,0.196052,Dry
124,Cliffortia_micrantha,5.658958,0.001743,9.10E-05,6.0456,0.076893,0.092305,7.550028,0.042338,0.020167,7.510016,0.175687,0.098026,Dry
125,Cliffortia_monophylla,5.665907,0.000346,9.10E-05,6.568575,0.262299,0.092305,7.353384,0.006084,0.020167,8.433771,0.104596,0.098026,Dry
126,Cliffortia_montana,5.651247,0.002585,3.60E-05,6.11573,0.047765,0.036922,7.437847,0.027091,0.008067,7.882202,0.082703,0.03921,Dry
127,Cliffortia_multiformis,5.667291,NA,0.000182,6.298949,NA,0.184609,7.312553,NA,0.040334,8.235891,NA,0.196052,Dry
128,Cliffortia_neglecta,5.655727,0.003635,2.60E-05,6.151087,0.114535,0.026373,7.460733,0.023207,0.005762,7.829649,0.100007,0.028007,Dry
129,Cliffortia_nitidula,5.669331,0.003564,1.70E-05,7.238009,0.08032,0.016783,7.287263,0.050769,0.003667,9.027054,0.111053,0.017823,Dry
130,Cliffortia_nivenioides,5.643147,NA,0.000182,5.945421,NA,0.184609,7.398174,NA,0.040334,8.010028,NA,0.196052,Dry
131,Cliffortia_obcordata,5.670743,NA,0.000182,6.520621,NA,0.184609,7.375256,NA,0.040334,8.18535,NA,0.196052,Dry
132,Cliffortia_obovata,5.660353,NA,0.000182,6.490724,NA,0.184609,7.404888,NA,0.040334,8.358901,NA,0.196052,Dry
133,Cliffortia_odorata,5.664348,0.002885,2.60E-05,6.566904,0.177882,0.026373,7.395775,0.027977,0.005762,8.112789,0.114811,0.028007,Dry
134,Cliffortia_oligodonta,5.641375,NA,0.000182,7.044033,NA,0.184609,7.393878,NA,0.040334,8.263075,NA,0.196052,Dry
135,Cliffortia_ovalis,5.64527,NA,0.000182,7.412764,NA,0.184609,7.363914,NA,0.040334,8.423542,NA,0.196052,Dry
136,Cliffortia_paucistaminea,5.664619,0.00243,1.20E-05,6.77964,0.066715,0.012307,7.395208,0.014106,0.002689,8.424366,0.078075,0.01307,Dry
137,Cliffortia_pedunculata,5.662092,NA,0.000182,6.99851,NA,0.184609,7.428927,NA,0.040334,8.530899,NA,0.196052,Dry
138,Cliffortia_phillipsii,5.662787,NA,0.000182,7.233455,NA,0.184609,7.395722,NA,0.040334,8.564458,NA,0.196052,Dry
139,Cliffortia_phyllanthoides,5.671431,NA,0.000182,5.996452,NA,0.184609,7.309881,NA,0.040334,8.126518,NA,0.196052,Dry
140,Cliffortia_pilifera,5.664522,NA,0.000182,6.586172,NA,0.184609,7.491645,NA,0.040334,8.146419,NA,0.196052,Dry
141,Cliffortia_polita,5.653245,0.00207,6.10E-05,6.316975,0.237507,0.061536,7.44418,0.025478,0.013445,7.937103,0.149738,0.065351,Dry
142,Cliffortia_polygonifolia,5.666587,0.002863,4.60E-05,6.273262,0.227487,0.046152,7.436157,0.047006,0.010084,7.960684,0.169698,0.049013,Dry
143,Cliffortia_prionota,5.671431,NA,0.000182,7.015712,NA,0.184609,7.382746,NA,0.040334,8.377011,NA,0.196052,Dry
144,Cliffortia_propinqua,5.664124,0.010058,9.10E-05,6.299132,0.338126,0.092305,7.568364,0.068388,0.020167,7.548396,0.305597,0.098026,Dry
145,Cliffortia_pulchella,5.666709,0.002541,6.10E-05,5.868668,0.169177,0.061536,7.508928,0.033916,0.013445,7.630431,0.085268,0.065351,Dry
146,Cliffortia_pungens,5.640665,NA,0.000182,6.084499,NA,0.184609,7.411556,NA,0.040334,7.918265,NA,0.196052,Dry
147,Cliffortia_ramosissima,5.66206,0.002076,1.10E-05,6.048925,0.064382,0.011538,7.46884,0.019545,0.002521,7.837939,0.083454,0.012253,Dry
148,Cliffortia_repens,5.656348,0.001815,2.00E-05,6.932469,0.048111,0.020512,7.342207,0.015949,0.004482,8.715756,0.055646,0.021784,Dry
149,Cliffortia_robusta,5.662009,0.012859,9.10E-05,5.618915,0.454129,0.092305,7.454919,0.060426,0.020167,7.49442,0.332023,0.098026,Dry
150,Cliffortia_ruscifolia,5.660668,0.003635,3.00E-05,6.109759,0.191338,0.030768,7.561529,0.042994,0.006722,7.547586,0.175683,0.032675,Dry
151,Cliffortia_scandens,5.647388,NA,0.000182,6.308098,NA,0.184609,7.409136,NA,0.040334,8.180881,NA,0.196052,Dry
152,Cliffortia_sericea,5.651589,0.006673,9.10E-05,6.546191,0.277095,0.092305,7.463678,0.0473,0.020167,7.944609,0.239346,0.098026,Dry
153,Cliffortia_setifolia,5.644032,0.001239,9.10E-05,5.873789,0.047789,0.092305,7.390166,0.005556,0.020167,7.93249,0.109244,0.098026,Dry
154,Cliffortia_spathulata,5.642084,NA,0.000182,7.185387,NA,0.184609,7.256297,NA,0.040334,8.777864,NA,0.196052,Dry
155,Cliffortia_stricta,5.666,0.001458,2.60E-05,6.467858,0.086204,0.026373,7.360427,0.021062,0.005762,8.125159,0.090908,0.028007,Dry
156,Cliffortia_strigosa,5.653716,NA,0.000182,6.828712,NA,0.184609,7.486613,NA,0.040334,8.116716,NA,0.196052,Dry
157,Cliffortia_strobilifera,5.668616,0.00157,9.00E-06,6.411204,0.104249,0.008791,7.421866,0.026447,0.001921,8.130683,0.12272,0.009336,Dry
158,Cliffortia_subsetacea,5.671087,NA,0.000182,6.548219,NA,0.184609,7.418181,NA,0.040334,8.148156,NA,0.196052,Dry
159,Cliffortia_tenuis,5.671776,NA,0.000182,6.079933,NA,0.184609,7.312553,NA,0.040334,8.081166,NA,0.196052,Dry
160,Cliffortia_tricuspidata,5.642439,NA,0.000182,7.069874,NA,0.184609,7.382746,NA,0.040334,8.287025,NA,0.196052,Dry
161,Cliffortia_triloba,5.669018,NA,0.000182,6.047372,NA,0.184609,7.634337,NA,0.040334,7.252054,NA,0.196052,Dry
162,Cliffortia_uncinata,5.657913,NA,0.000182,6.171701,NA,0.184609,7.566311,NA,0.040334,7.466799,NA,0.196052,Dry
163,Cliffortia_varians,5.661397,NA,0.000182,6.045005,NA,0.184609,7.521859,NA,0.040334,7.834392,NA,0.196052,Dry
164,Cliffortia_virgata,5.664522,NA,0.000182,6.284134,NA,0.184609,7.502186,NA,0.040334,7.798933,NA,0.196052,Dry
165,Cliffortia_viridis,5.656516,NA,0.000182,7.090077,NA,0.184609,7.340836,NA,0.040334,8.564649,NA,0.196052,Dry
166,Cliffortia_weimarckii,5.636395,NA,0.000182,6.12905,NA,0.184609,7.365813,NA,0.040334,8.078378,NA,0.196052,Dry
167,Coleogyne_ramosissima,5.66151,0.00157,5.00E-06,5.360662,0.058559,0.00543,7.712214,0.023806,0.001186,6.990187,0.057342,0.005766,Fleshy
168,Comarum_palustre,5.61469,0.000707,0,6.344154,0.019871,0.000218,6.483919,0.009533,4.90E-05,9.106871,0.017849,0.000236,Dry
169,Cormus_domestica,5.653007,0.001093,2.00E-06,6.525814,0.035545,0.002279,7.102775,0.023329,0.000511,8.609207,0.051546,0.002482,Fleshy
170,Cotoneaster_acutifolius,5.645409,0.001614,2.00E-06,6.275782,0.043506,0.00181,7.100492,0.013692,0.000395,8.589635,0.043601,0.001922,Fleshy
171,Cotoneaster_adpressus,5.638089,0.002414,2.00E-06,6.280263,0.064712,0.002337,6.998643,0.022322,0.000511,8.772556,0.05199,0.002482,Fleshy
172,Cotoneaster_ambiguus,5.646026,0.003741,1.10E-05,6.381293,0.110113,0.011538,7.029112,0.024572,0.002521,8.808274,0.069038,0.012253,Fleshy
173,Cotoneaster_apiculatus,5.644939,0.003826,9.00E-06,6.7687,0.086543,0.008791,6.93914,0.05761,0.001921,9.045631,0.102254,0.009336,Fleshy
174,Cotoneaster_atropurpureus,5.644377,0.001942,1.40E-05,6.7048,0.143415,0.014201,6.780117,0.054957,0.003103,9.119105,0.122748,0.015081,Fleshy
175,Cotoneaster_bullatus,5.638207,0.000573,4.00E-06,6.753421,0.055085,0.003928,6.60123,0.010063,0.000938,9.305133,0.056191,0.004559,Fleshy
176,Cotoneaster_buxifolius,5.654893,0.003117,6.00E-06,6.555424,0.077625,0.005955,7.076891,0.026677,0.001301,8.985707,0.053207,0.006324,Fleshy
177,Cotoneaster_cambricus,5.644028,0.003008,9.10E-05,7.129298,0,0.092305,6.51694,0.066469,0.020167,9.842911,0.164757,0.098026,Fleshy
178,Cotoneaster_dammeri,5.651143,0.001668,4.00E-06,6.755291,0.04888,0.003692,6.904985,0.031573,0.000807,9.131348,0.05972,0.003921,Fleshy
179,Cotoneaster_dielsianus,5.637314,0.000562,4.00E-06,6.808411,0.065978,0.003692,6.615485,0.00805,0.000877,9.401347,0.077074,0.004262,Fleshy
180,Cotoneaster_divaricatus,5.637599,0.000508,3.00E-06,6.701783,0.053035,0.00284,6.609517,0.008292,0.000708,9.275445,0.057369,0.00344,Fleshy
181,Cotoneaster_foveolatus,5.651672,0.002258,4.00E-06,6.502644,0.06667,0.004102,7.011525,0.028755,0.000896,8.995675,0.049576,0.004357,Fleshy
182,Cotoneaster_glaucophyllus,5.659066,0.001297,4.00E-06,6.794193,0.056417,0.004013,7.218089,0.024976,0.000896,8.842242,0.067761,0.004357,Fleshy
183,Cotoneaster_glomerulatus,5.648618,0.005152,2.60E-05,6.519305,0.183427,0.026373,7.083963,0.05154,0.005762,8.905863,0.114427,0.028007,Fleshy
184,Cotoneaster_hebephyllus,5.634822,0.00263,6.00E-06,6.173367,0.08629,0.006366,7.012716,0.032104,0.001391,8.75784,0.047606,0.00676,Fleshy
185,Cotoneaster_melanocarpus,5.616228,0.001781,1.20E-05,6.135881,0.075087,0.012307,6.842268,0.020132,0.002689,8.582074,0.064329,0.01307,Fleshy
186,Cotoneaster_mongolicus,5.609239,0.001504,2.00E-05,5.604697,0.094092,0.020512,6.930537,0.036281,0.004482,7.896206,0.068252,0.021784,Fleshy
188,Cotoneaster_moupinensis,5.650057,0.002117,4.00E-06,6.658892,0.05529,0.003846,6.896014,0.028524,0.000858,9.141388,0.045545,0.004171,Fleshy
189,Cotoneaster_nitens,5.641308,0.003322,1.10E-05,6.424807,0.09565,0.010859,6.951489,0.054708,0.002373,8.867632,0.08007,0.011532,Fleshy
190,Cotoneaster_obscurus,5.64763,0.003227,7.00E-06,6.371118,0.097336,0.007384,7.035163,0.033253,0.001613,8.894305,0.058473,0.007842,Fleshy
191,Cotoneaster_oliganthus,5.635126,0.003725,4.60E-05,5.442017,0.280088,0.046152,7.255147,0.033758,0.010084,7.392807,0.18203,0.049013,Fleshy
192,Cotoneaster_przewalskii,5.639952,0.00108,3.00E-05,6.37983,0.082825,0.030768,6.653943,0.040049,0.006722,8.994712,0.094874,0.032675,Fleshy
193,Cotoneaster_rehderi,5.650275,0.000653,3.60E-05,7.076923,0.194022,0.036922,6.840333,0.011926,0.010084,9.369228,0.216252,0.049013,Fleshy
194,Cotoneaster_reticulatus,5.667637,NA,0.000182,6.964136,NA,0.184609,7.044033,NA,0.040334,9.423353,NA,0.196052,Fleshy
195,Cotoneaster_rotundifolius,5.646459,0.004879,1.40E-05,6.782083,0.127732,0.014201,6.97179,0.060463,0.003103,9.069472,0.086953,0.015081,Fleshy
196,Cotoneaster_salicifolius,5.655474,0.001727,4.00E-06,6.790416,0.053456,0.003768,6.929437,0.022666,0.000823,9.212591,0.041578,0.004001,Fleshy
197,Cotoneaster_subadpressus,5.650358,0.003827,1.10E-05,6.707382,0.082847,0.010859,7.009544,0.049749,0.002373,9.029254,0.064485,0.011532,Fleshy
198,Cotoneaster_submultiflorus,5.636568,0.001797,3.00E-06,5.847606,0.084696,0.003077,7.139391,0.024017,0.000672,8.115868,0.099926,0.003268,Fleshy
199,Cotoneaster_taoensis,5.61785,0.002707,4.60E-05,5.865642,0.13011,0.046152,6.92863,0.020707,0.010084,8.69783,0.063534,0.049013,Fleshy
200,Cotoneaster_turbinatus,5.655869,0.004006,2.60E-05,6.767983,0.112218,0.026373,7.131076,0.024907,0.005762,8.999322,0.091791,0.028007,Fleshy
201,Cotoneaster_verruculosus,5.649256,0.005009,1.20E-05,6.904072,0.129705,0.012307,7.043151,0.052472,0.002689,8.935879,0.074655,0.01307,Fleshy
202,Crataegus_agrestina,5.67624,NA,0.000182,7.355641,NA,0.184609,7.339538,NA,0.040334,9.234447,NA,0.196052,Fleshy
203,Crataegus_brachyacantha,5.677519,0.000755,9.00E-06,7.151291,0.02719,0.00923,7.351903,0.008119,0.002017,9.010298,0.034447,0.009803,Fleshy
204,Crataegus_castlegarensis,5.639951,0.001379,4.00E-06,6.066093,0.074274,0.003692,7.103703,0.023435,0.000807,8.302936,0.085407,0.003921,Fleshy
205,Crataegus_chrysocarpa,5.631708,0.00065,1.00E-06,6.528652,0.026906,0.001105,6.897848,0.014525,0.000243,8.890853,0.035288,0.001181,Fleshy
206,Crataegus_compacta,5.641552,0.000887,9.10E-05,6.728817,0.082427,0.092305,6.913403,0.02585,0.020167,9.102831,0.114385,0.098026,Fleshy
207,Crataegus_dodgei,5.643329,0.001176,9.00E-06,6.860945,0.027472,0.00923,6.95729,0.017598,0.002017,9.158653,0.032641,0.009803,Fleshy
208,Crataegus_douglasii,5.640115,8.00E-04,2.00E-06,6.225607,0.055418,0.001578,7.062759,0.017872,0.000348,8.487212,0.063219,0.00169,Fleshy
209,Crataegus_enderbyensis,5.643147,NA,0.000182,6.049733,NA,0.184609,6.895683,NA,0.040334,8.62533,NA,0.196052,Fleshy
210,Crataegus_erythropoda,5.635437,0.001491,1.00E-05,5.928441,0.052481,0.009716,7.322228,0.023534,0.002123,7.955958,0.055963,0.010319,Fleshy
211,Crataegus_harbisonii,5.674574,0.00037,2.60E-05,7.212089,0.041733,0.026373,7.343763,0.010142,0.005762,9.100473,0.042992,0.028007,Fleshy
212,Crataegus_heldreichii,5.646325,0.005036,3.00E-05,6.752662,0.07435,0.030768,7.165789,0.039043,0.006722,8.736437,0.065192,0.032675,Fleshy
213,Crataegus_hupehensis,5.659404,0.002125,7.00E-06,6.649252,0.084188,0.006837,7.145014,0.01928,0.001494,8.774746,0.075888,0.007261,Fleshy
214,Crataegus_irrasa,5.628524,0.001155,9.00E-06,6.811713,0.047385,0.008791,6.746742,0.027908,0.002017,9.302079,0.071342,0.009803,Fleshy
215,Crataegus_kansuensis,5.645252,0.001926,4.00E-06,6.151573,0.041871,0.004102,7.113316,0.020533,0.000896,8.43065,0.053832,0.004357,Fleshy
216,Crataegus_laevigata,5.638784,0.000568,2.00E-06,6.574638,0.029688,0.001828,6.664535,0.010547,0.00042,9.133022,0.034847,0.002042,Fleshy
217,Crataegus_lassa,5.67108,0.001325,2.00E-05,7.122558,0.054275,0.020512,7.337768,0.013296,0.004482,9.017807,0.051245,0.021784,Fleshy
218,Crataegus_marshallii,5.6754,0.000711,3.00E-06,7.164302,0.018711,0.003129,7.347182,0.008314,0.000684,9.043605,0.023249,0.003323,Fleshy
219,Crataegus_maximowiczii,5.625677,0.001709,5.00E-06,6.506391,0.03674,0.00543,6.839054,0.018051,0.001186,8.936544,0.037047,0.005766,Fleshy
220,Crataegus_meyeri,5.64915,NA,0.000182,6.368187,NA,0.184609,7.078342,NA,0.040334,8.375399,NA,0.196052,Fleshy
221,Crataegus_munda,5.669772,0.001127,1.80E-05,7.145194,0.039854,0.018461,7.311717,0.017536,0.004033,9.076675,0.052746,0.019605,Fleshy
222,Crataegus_okennonii,5.642475,0.001477,1.30E-05,6.182888,0.116029,0.013186,6.981481,0.028763,0.002881,8.643055,0.136089,0.014004,Fleshy
223,Crataegus_opaca,5.678034,0.000917,2.30E-05,7.210968,0.027861,0.023076,7.329022,0.004515,0.005042,9.114892,0.025474,0.024507,Fleshy
224,Crataegus_pentagyna,5.650392,0.001207,9.00E-06,6.492333,0.086164,0.008791,7.02582,0.012799,0.001921,8.702902,0.082801,0.009336,Fleshy
225,Crataegus_pinnatifida,5.640534,0.001644,2.00E-06,6.600967,0.044063,0.002074,7.030428,0.019981,0.000453,8.765593,0.050678,0.002203,Fleshy
226,Crataegus_punctata,5.663957,0.001403,7.00E-06,7.147724,0.030021,0.007384,7.240831,0.01221,0.001613,9.159249,0.023584,0.007842,Fleshy
227,Crataegus_rhipidophylla,5.634391,0.000577,2.00E-06,6.678067,0.052009,0.002495,6.593598,0.006925,0.000602,9.259814,0.052489,0.002926,Fleshy
228,Crataegus_rivularis,5.636895,0.001582,8.00E-06,5.92947,0.088985,0.008026,7.266374,0.023781,0.001754,7.971862,0.098842,0.008524,Fleshy
229,Crataegus_rufula,5.675725,0.0012,9.10E-05,7.15887,0.068793,0.092305,7.380243,0.004987,0.020167,9.02457,0.040629,0.098026,Fleshy
230,Crataegus_russanovii,5.64031,NA,0.000182,6.388561,NA,0.184609,6.654153,NA,0.040334,8.967249,NA,0.196052,Fleshy
231,Crataegus_saligna,5.636239,0.002526,2.30E-05,5.572254,0.117619,0.023076,7.326879,0.027938,0.005042,7.715223,0.106391,0.024507,Fleshy
232,Crataegus_sargentii,5.670844,0.00186,2.00E-05,7.287146,0.025464,0.020512,7.299106,0.021426,0.004482,9.203311,0.030879,0.021784,Fleshy
233,Crataegus_submollis,5.635183,0.000711,2.00E-06,6.62719,0.028105,0.002337,6.76446,0.020388,0.000511,9.103502,0.030355,0.002513,Fleshy
234,Crataegus_succulenta,5.640879,0.000905,1.40E-05,6.772344,0.014849,0.014201,6.906355,0.018954,0.003103,9.13086,0.028202,0.015081,Fleshy
235,Crataegus_triflora,5.672725,0.001068,1.00E-05,7.211728,0.024394,0.009716,7.30779,0.011989,0.002123,9.181857,0.022232,0.010319,Fleshy
236,Crataegus_wilsonii,5.652783,0.002256,6.00E-06,6.508635,0.076887,0.005769,7.073386,0.01983,0.00126,8.815926,0.058509,0.006127,Fleshy
237,Dasiphora_fruticosa,5.615395,0.001115,0,6.224901,0.026453,0.000469,6.698006,0.017431,0.000103,8.807643,0.02742,5.00E-04,Dry
238,Dendriopoterium_pulidoi,5.677267,NA,0.000182,6.180017,NA,0.184609,7.67601,NA,0.040334,7.356918,NA,0.196052,Dry
239,Dichotomanthes_tristaniicarpa,5.668978,0.00138,1.70E-05,6.787064,0.077585,0.016783,7.178491,0.018579,0.003667,9.01364,0.065186,0.017823,Fleshy
240,Docynia_indica,5.66115,0.003347,1.00E-05,6.900596,0.127631,0.009716,7.126699,0.034332,0.002123,9.071121,0.07091,0.010319,Fleshy
241,Dryas_drummondii,5.606689,0.001474,2.00E-06,6.155225,0.060789,0.001648,6.503793,0.019814,0.00036,8.982937,0.060468,0.001766,Dry
242,Dryas_octopetala,5.611864,0.001314,1.00E-06,6.599261,0.050232,0.001239,6.091371,0.065537,0.000284,9.749957,0.044142,0.001381,Dry
243,Eriobotrya_bengalensis,5.684482,0.003002,5.00E-06,7.56888,0.088777,0.00543,7.274617,0.028409,0.001186,9.416953,0.072709,0.005766,Fleshy
244,Eriobotrya_deflexa,5.687398,0.001611,1.20E-05,7.456126,0.080458,0.012307,7.234375,0.028129,0.002689,9.558945,0.086979,0.01307,Fleshy
245,Eriobotrya_fragrans,5.680774,0.002245,1.30E-05,7.353906,0.058854,0.013186,7.157933,0.023607,0.002881,9.470129,0.042234,0.014004,Fleshy
246,Eriobotrya_malipoensis,5.678568,0.008231,6.10E-05,7.09394,0.185092,0.061536,7.133019,0.036609,0.013445,9.297012,0.112959,0.065351,Fleshy
247,Eriobotrya_prinoides,5.66949,0.003187,1.80E-05,6.660761,0.055076,0.018461,7.202216,0.028744,0.004033,8.867158,0.087407,0.019605,Fleshy
248,Eriobotrya_seguinii,5.6666,NA,0.000182,7.273786,NA,0.184609,7.062192,NA,0.040334,9.324472,NA,0.196052,Fleshy
249,Eriobotrya_tengyuehensis,5.6642,0.00577,1.80E-05,7.112316,0.132963,0.018461,7.10891,0.075764,0.004033,9.149053,0.076157,0.019605,Fleshy
250,Exochorda_giraldii,5.659777,0.002051,1.10E-05,6.578219,0.103114,0.011538,7.107179,0.029616,0.002521,8.797682,0.101277,0.012253,Dry
251,Exochorda_serratifolia,5.643121,0.002015,1.30E-05,6.557405,0.093603,0.013186,7.03403,0.040093,0.002881,8.820205,0.116786,0.014004,Dry
252,Fallugia_paradoxa,5.659136,0.002755,6.00E-06,5.833227,0.040263,0.005769,7.622054,0.03075,0.00126,7.455192,0.062323,0.006127,Dry
253,Filipendula_multijuga,5.649331,0.003662,2.00E-05,7.35423,0.127663,0.020512,6.893042,0.056925,0.004482,9.675876,0.118175,0.021784,Dry
254,Filipendula_vulgaris,5.641457,0.000628,1.00E-06,6.531784,0.017927,0.000617,6.858496,0.013831,0.000136,8.858843,0.023135,0.000662,Dry
255,Fragaria_daltoniana,5.649229,0.008131,3.60E-05,7.235012,0.204535,0.036922,7.057698,0.08046,0.008067,9.413333,0.117358,0.03921,Fleshy
256,Fragaria_iinumae,5.634652,0.003081,9.00E-06,7.40902,0.064242,0.008791,6.618526,0.065177,0.001921,9.957975,0.095941,0.009336,Fleshy
257,Fragaria_mandshurica,5.606353,NA,0.000182,6.131226,NA,0.184609,6.73578,NA,0.040334,8.682877,NA,0.196052,Fleshy
258,Fragaria_moschata,5.635516,0.001249,7.00E-06,6.769551,0.058289,0.006837,6.622728,0.023195,0.001613,9.337395,0.062163,0.007842,Fleshy
259,Fragaria_nilgerrensis,5.66178,0.001553,3.00E-06,6.856133,0.047345,0.00293,7.069153,0.015744,0.00064,9.108718,0.033949,0.003112,Fleshy
260,Fragaria_nubicola,5.629851,0.005595,1.80E-05,6.618103,0.225183,0.018461,7.092638,0.038037,0.004033,8.788675,0.179391,0.019605,Fleshy
261,Fragaria_orientalis,5.625368,0.002131,2.00E-06,6.216291,0.044567,0.001742,6.903928,0.019962,0.000381,8.659103,0.043433,0.00185,Fleshy
262,Fragaria_pentaphylla,5.643319,0.00451,1.00E-05,6.474256,0.098179,0.009716,6.930871,0.046082,0.002123,8.994857,0.077717,0.010319,Fleshy
263,Fragaria_tibetica,5.618796,0.004755,3.60E-05,6.800605,0.263129,0.036922,6.854088,0.083977,0.008067,8.674868,0.077382,0.03921,Fleshy
264,Fragaria_vesca,5.632558,0.000658,0,6.579013,0.017713,0.000406,6.654446,0.01332,9.00E-05,9.131732,0.02136,0.00044,Fleshy
265,Fragaria_virginiana,5.633707,0.001137,1.00E-06,6.572793,0.028763,0.00076,6.939994,0.015572,0.000166,8.913937,0.027206,0.000807,Fleshy
266,Fragaria_viridis,5.643014,0.001054,4.00E-06,6.547149,0.036875,0.003692,6.818722,0.025852,0.000807,8.904088,0.047308,0.003921,Fleshy
267,Geum_bulgaricum,5.633778,0.008884,4.60E-05,6.781261,0.166102,0.046152,6.877462,0.1238,0.010084,8.968376,0.090776,0.049013,Dry
268,Geum_calthifolium,5.623236,0.001279,3.00E-06,7.506925,0.075828,0.003483,6.426085,0.019189,0.000807,10.171596,0.075403,0.004001,Dry
269,Geum_canadense,5.647975,0.00082,1.00E-06,6.8311,0.016782,0.00071,7.075597,0.014026,0.000156,8.99495,0.023045,0.000757,Dry
270,Geum_chiloense,5.656004,0.006817,6.10E-05,6.681521,0.436189,0.061536,7.135033,0.074383,0.013445,8.809086,0.431824,0.065351,Dry
271,Geum_heterocarpum,5.642391,0.001873,1.40E-05,6.497993,0.047271,0.014201,7.24595,0.0228,0.003103,8.386796,0.084196,0.015081,Dry
272,Geum_leiospermum,5.633622,0.002055,1.00E-05,7.210912,0.159532,0.010256,6.955089,0.020142,0.002241,9.854712,0.11317,0.010892,Dry
273,Geum_pentapetalum,5.634992,0.004069,7.00E-06,7.142627,0.079504,0.006837,6.713925,0.053929,0.001494,9.635488,0.073141,0.007261,Dry
274,Geum_reptans,5.615116,0.003775,1.50E-05,7.022971,0.064746,0.015384,6.627401,0.036712,0.003361,9.572168,0.145164,0.016338,Dry
275,Geum_rossii,5.586151,0.002998,2.00E-06,5.884844,0.078191,0.002198,6.462918,0.062893,0.000492,8.707971,0.051627,0.002391,Dry
276,Geum_speciosum,5.636159,0.021754,9.10E-05,7.55337,0.101548,0.092305,6.800224,0.162966,0.020167,9.799496,0.027542,0.098026,Dry
277,Geum_vernum,5.652384,0.000823,2.00E-06,6.898804,0.016589,0.002495,7.11909,0.013934,0.000545,9.028038,0.014586,0.002649,Dry
278,Gillenia_trifoliata,5.653376,0.001422,6.00E-06,7.03287,0.0451,0.005594,7.099375,0.01816,0.001222,9.172392,0.032863,0.005941,Dry
279,Hagenia_abyssinica,5.662125,0.002045,7.00E-06,7.154663,0.046928,0.007384,7.22849,0.030731,0.001613,9.118425,0.053174,0.007842,Dry
280,Hesperomeles_palcensis,5.647163,0.006241,2.30E-05,6.672912,0.200545,0.023076,7.21907,0.040456,0.005042,8.655763,0.121895,0.024507,Fleshy
281,Holodiscus_discolor,5.646256,0.00142,2.00E-06,6.536427,0.066665,0.001694,7.167691,0.02861,0.00037,8.687783,0.085217,0.001799,Dry
282,Horkeliella_purpurascens,5.623837,NA,0.000182,5.926926,NA,0.184609,7.315218,NA,0.040334,8.484877,NA,0.196052,Dry
283,Ivesia_kingii,5.649831,0.001547,9.00E-06,5.287452,0.067297,0.00923,7.56095,0.022558,0.002017,7.058791,0.090072,0.009803,Dry
284,Ivesia_lycopodioides,5.626608,0.015248,6.10E-05,5.798001,0.399728,0.061536,7.383884,0.168445,0.013445,7.939532,0.741329,0.065351,Dry
285,Kageneckia_angustifolia,5.6204,0.001631,9.10E-05,6.618096,0.486869,0.092305,7.167809,0.000771,0.020167,8.307666,0.209327,0.098026,Dry
286,Kageneckia_oblonga,5.648821,0.008775,2.60E-05,5.865329,0.338404,0.026373,7.265845,0.043498,0.005762,8.062522,0.301696,0.028007,Dry
287,Kelseya_uniflora,5.620634,0.006821,3.60E-05,5.783029,0.145109,0.036922,7.129125,0.052679,0.008067,8.055289,0.188423,0.03921,Dry
288,Lachemilla_uniflora,5.657287,0.009331,3.00E-05,7.051065,0.15347,0.030768,6.967136,0.067257,0.006722,9.401876,0.189102,0.032675,Dry
289,Leucosidea_sericea,5.661568,0.002042,1.10E-05,6.513006,0.104269,0.010859,7.454163,0.030961,0.002373,8.27487,0.111144,0.011532,Dry
290,Lindleya_mespiloides,5.670484,0.001666,7.00E-06,6.123765,0.061884,0.006593,7.565956,0.019506,0.001441,7.798796,0.075625,0.007002,Dry
291,Luetkea_pectinata,5.613603,0.001404,2.00E-06,7.013903,0.065556,0.001538,6.577648,0.023627,0.000348,9.605335,0.059331,0.00169,Dry
292,Lyonothamnus_floribundus,5.669585,0.002899,6.10E-05,6.133719,0.107589,0.061536,7.432302,0.1079,0.013445,7.685962,0.083866,0.065351,Dry
293,Malus_asiatica,5.652511,0.001969,3.00E-06,6.356429,0.06589,0.003483,7.13628,0.018754,0.000761,8.569525,0.075961,0.003699,Fleshy
294,Malus_baccata,5.626149,0.006029,2.60E-05,6.502319,0.144564,0.026373,6.96578,0.064162,0.005762,8.719995,0.115216,0.028007,Fleshy
295,Malus_brevipes,5.660005,NA,0.000182,7.146772,NA,0.184609,7.154615,NA,0.040334,9.133459,NA,0.196052,Fleshy
296,Malus_florentina,5.664175,0.000694,9.10E-05,6.73781,0.043248,0.092305,7.11963,0.003236,0.020167,8.834963,0.040744,0.098026,Fleshy
297,Malus_halliana,5.663784,0.001812,5.00E-06,6.981714,0.073664,0.004734,7.071115,0.021519,0.001034,9.178279,0.065279,0.005027,Fleshy
298,Malus_honanensis,5.654203,0.001702,8.00E-06,6.360191,0.058638,0.008026,7.11119,0.026998,0.001754,8.636756,0.05679,0.008524,Fleshy
299,Malus_ioensis,5.652967,0.00107,4.00E-06,6.852715,0.021011,0.004196,7.179907,0.017492,0.000917,8.899253,0.023945,0.004456,Fleshy
300,Malus_leiocalyca,5.675799,0.001488,1.50E-05,7.317772,0.047603,0.015384,7.146947,0.011108,0.003361,9.445413,0.019755,0.016338,Fleshy
301,Malus_micromalus,5.652537,0.002196,7.00E-06,6.519859,0.119301,0.007384,7.177269,0.021852,0.001613,8.553874,0.131989,0.007842,Fleshy
302,Malus_ombrophila,5.656132,0.002825,1.00E-05,6.441898,0.099815,0.009716,7.098012,0.021838,0.002123,9.010152,0.058943,0.010319,Fleshy
303,Malus_rockii,5.649798,0.002567,6.00E-06,6.411019,0.082289,0.006366,7.050618,0.020285,0.001391,8.945128,0.056598,0.00676,Fleshy
304,Malus_sieversii,5.638708,0.002312,9.10E-05,6.52929,0.01606,0.092305,7.103981,0.018079,0.020167,8.467979,0.084774,0.098026,Fleshy
305,Malus_sylvestris,5.637442,0.000554,2.00E-06,6.674843,0.037427,0.001884,6.623574,0.009969,0.000438,9.252741,0.04221,0.002131,Fleshy
306,Malus_toringoides,5.633434,0.0029,1.40E-05,5.961743,0.103181,0.014201,6.989662,0.060856,0.003103,8.732351,0.09086,0.015081,Fleshy
307,Malus_transitoria,5.636715,0.003087,9.00E-06,6.0458,0.069135,0.00923,7.061803,0.036653,0.002017,8.402477,0.093359,0.009803,Fleshy
308,Mespilus_germanica,5.651498,0.000897,2.00E-06,6.633659,0.042651,0.002029,7.00365,0.016742,0.000443,8.824526,0.048167,0.002154,Fleshy
309,Neillia_affinis,5.660684,0.003587,9.00E-06,6.77235,0.084897,0.00923,7.069385,0.039314,0.002017,9.119431,0.054968,0.009803,Dry
310,Neillia_gracilis,5.654277,0.003663,2.60E-05,6.590574,0.12473,0.026373,7.117914,0.031212,0.005762,8.887616,0.068937,0.028007,Dry
311,Neillia_serratisepala,5.661807,0.003464,1.10E-05,6.938231,0.132735,0.011538,7.080801,0.028532,0.002521,9.217698,0.067883,0.012253,Dry
312,Neillia_sinensis,5.664214,0.001409,3.00E-06,6.822883,0.05874,0.003183,7.039972,0.010811,0.000695,9.138073,0.047059,0.00338,Dry
313,Neillia_tanakae,5.663828,NA,0.000182,7.202661,NA,0.184609,7.124478,NA,0.040334,9.408453,NA,0.196052,Dry
314,Neillia_thibetica,5.657479,0.003452,2.30E-05,6.511136,0.099071,0.023076,7.026107,0.045277,0.005042,9.050142,0.085433,0.024507,Dry
315,Neillia_thyrsiflora,5.664165,0.002557,4.60E-05,6.99445,0.163583,0.046152,7.141377,0.026483,0.010084,9.361138,0.042034,0.049013,Dry
316,Neillia_uekii,5.646515,0.002322,2.60E-05,6.907086,0.096095,0.026373,6.934385,0.009846,0.005762,9.237569,0.047188,0.028007,Dry
317,Osteomeles_schwerinae,5.65827,0.002329,6.00E-06,6.411564,0.067405,0.005594,7.117326,0.018819,0.001222,8.859516,0.038858,0.005941,Fleshy
318,Pentactina_rupicola,5.623837,NA,0.000182,7.645876,NA,0.184609,6.72263,NA,0.040334,9.679218,NA,0.196052,Dry
319,Peraphyllum_ramosissimum,5.643179,0.001363,4.00E-06,5.800901,0.042686,0.004503,7.414229,0.025378,0.000984,7.653819,0.055869,0.004782,Fleshy
320,Photinia_beauverdiana,5.670816,0.00096,2.00E-06,7.080276,0.035795,0.001758,7.10596,0.010148,0.000384,9.285889,0.022705,0.001867,Fleshy
321,Photinia_berberidifolia,5.665021,0.006411,9.10E-05,6.463478,0.310746,0.092305,7.042055,0.06291,0.020167,9.069119,0.233618,0.098026,Fleshy
322,Photinia_bodinieri,5.668268,0.001348,5.00E-06,6.865557,0.039912,0.00543,7.071086,0.020303,0.001186,9.198704,0.041312,0.005766,Fleshy
323,Photinia_chihsiniana,5.681025,NA,0.000182,7.58883,NA,0.184609,7.124478,NA,0.040334,9.595331,NA,0.196052,Fleshy
324,Photinia_glomerata,5.658991,0.002958,7.00E-06,6.735078,0.069795,0.006593,7.116759,0.032253,0.001441,8.945575,0.048117,0.007002,Fleshy
325,Photinia_hirsuta,5.677334,0.001031,8.00E-06,7.328092,0.032231,0.008391,7.154176,0.010434,0.001833,9.429944,0.016552,0.008911,Fleshy
326,Photinia_impressivena,5.680976,0.001953,1.30E-05,7.439486,0.059263,0.013186,7.141158,0.022037,0.002881,9.477989,0.0327,0.014004,Fleshy
327,Photinia_integrifolia,5.653884,0.007255,2.30E-05,7.243533,0.16704,0.023076,7.032091,0.095408,0.005042,9.347211,0.053366,0.024507,Fleshy
328,Photinia_lochengensis,5.677952,NA,0.000182,7.103322,NA,0.184609,7.088409,NA,0.040334,9.367344,NA,0.196052,Fleshy
329,Photinia_oblongifolia,5.673817,0.006526,9.10E-05,7.324735,0.069144,0.092305,7.389454,0.051866,0.020167,9.093492,0.100313,0.098026,Fleshy
330,Photinia_parvifolia,5.674773,0.000842,2.00E-06,7.22092,0.029932,0.002224,7.114247,0.008894,0.000486,9.399123,0.020848,0.002362,Fleshy
331,Photinia_prionophylla,5.645788,0.008174,4.60E-05,6.324518,0.212566,0.046152,7.121981,0.031536,0.010084,8.68827,0.03825,0.049013,Fleshy
332,Photinia_prunifolia,5.681165,0.000926,4.00E-06,7.359951,0.030763,0.003768,7.169222,0.010511,0.000823,9.441629,0.020638,0.004001,Fleshy
333,Photinia_raupingensis,5.685373,0.002008,3.60E-05,7.33399,0.052878,0.036922,7.197031,0.011276,0.008067,9.423385,0.041427,0.03921,Fleshy
334,Photinia_schneideriana,5.672638,0.001158,4.00E-06,7.134186,0.034511,0.003928,7.082476,0.01243,0.000858,9.377813,0.018155,0.004171,Fleshy
335,Photinia_stenophylla,5.68344,0.005751,3.00E-05,7.246335,0.145066,0.030768,7.242193,0.095726,0.006722,9.116338,0.143139,0.032675,Fleshy
336,Photinia_tsaii,5.655817,NA,0.000182,7.338888,NA,0.184609,7.021976,NA,0.040334,9.30009,NA,0.196052,Fleshy
337,Photinia_tushanensis,5.668673,NA,0.000182,7.204149,NA,0.184609,7.011214,NA,0.040334,9.350189,NA,0.196052,Fleshy
338,Photinia_villosa,5.664627,0.00168,3.00E-06,7.261565,0.036057,0.003419,7.075546,0.015426,0.000761,9.392041,0.037095,0.003699,Fleshy
339,Physocarpus_amurensis,5.630675,0.001797,1.20E-05,6.420869,0.047426,0.012307,6.79923,0.050716,0.002689,8.886592,0.073807,0.01307,Dry
340,Physocarpus_capitatus,5.650535,0.000975,4.00E-06,7.073801,0.073312,0.003846,7.085314,0.035168,0.000858,9.232892,0.096263,0.004171,Dry
341,Physocarpus_malvaceus,5.635643,0.001205,3.00E-06,6.023103,0.06395,0.003357,7.140602,0.023688,0.000733,8.246184,0.076156,0.003565,Dry
342,Physocarpus_monogynus,5.636455,0.002891,2.30E-05,6.024877,0.07278,0.023076,7.359375,0.050098,0.005042,7.921247,0.092207,0.024507,Dry
343,Polylepis_hieronymi,5.654685,0.003103,3.00E-05,6.777681,0.06917,0.030768,7.385607,0.013417,0.006722,8.342074,0.025179,0.032675,Dry
344,Polylepis_sericea,5.646219,0.003793,9.00E-06,6.880687,0.225379,0.008791,6.994756,0.038171,0.001921,9.036142,0.186659,0.009336,Dry
345,Polylepis_tarapacana,5.628473,0.00472,1.70E-05,4.80872,0.246696,0.016783,7.425639,0.024655,0.003667,6.741432,0.306666,0.017823,Dry
346,Potentilla_adscharica,5.618263,0.004659,6.10E-05,5.812013,0.884458,0.061536,6.900062,0.077616,0.013445,8.264427,0.702506,0.065351,Dry
347,Potentilla_alba,5.636892,0.000812,2.00E-06,6.478629,0.031295,0.002172,6.773051,0.010276,0.000475,8.907607,0.026995,0.002306,Dry
348,Potentilla_anglica,5.640324,0.000662,4.00E-06,6.555059,0.039527,0.004102,6.671377,0.013715,0.000896,9.1194,0.04641,0.004357,Dry
349,Potentilla_articulata,5.626306,0.008375,2.60E-05,6.662494,0.1114,0.026373,6.610982,0.293388,0.005762,9.23745,0.304939,0.028007,Dry
350,Potentilla_biennis,5.641321,0.00113,2.00E-06,5.808784,0.046925,0.00181,7.307168,0.019898,0.000395,7.872856,0.05127,0.001922,Dry
351,Potentilla_biflora,5.582285,0.001016,2.00E-06,5.789201,0.041825,0.001709,6.275259,0.020801,0.000384,8.697691,0.040517,0.001867,Dry
352,Potentilla_bipinnatifida,5.624698,0.001638,3.60E-05,6.161918,0.049279,0.036922,6.817261,0.057813,0.008067,8.687559,0.11616,0.03921,Dry
353,Potentilla_centigrana,5.649183,0.001773,7.00E-06,7.375834,0.052348,0.007384,6.893095,0.022173,0.001613,9.715479,0.038771,0.007842,Dry
354,Potentilla_chinensis,5.649259,0.001207,1.00E-06,6.559071,0.042016,0.001133,7.084811,0.012538,0.000247,8.768842,0.045088,0.001203,Dry
355,Potentilla_discolor,5.66335,0.001417,2.00E-06,6.865725,0.044491,0.001828,7.13502,0.011057,0.000399,8.98456,0.048452,0.001941,Dry
356,Potentilla_divina,5.617415,0.004699,6.10E-05,7.374726,0.201093,0.061536,6.69544,0.067052,0.013445,9.726845,0.12676,0.065351,Dry
357,Potentilla_drummondii,5.62145,0.001803,3.00E-06,6.915053,0.080437,0.003297,6.869069,0.034379,0.00072,9.365508,0.081538,0.003501,Dry
358,Potentilla_elegans,5.576387,0.001504,3.00E-06,5.854488,0.05924,0.003239,6.285928,0.018786,0.000708,8.72993,0.053853,0.00344,Dry
359,Potentilla_flabellifolia,5.623952,0.003612,7.00E-06,7.016765,0.104612,0.0071,6.968734,0.046722,0.001551,9.295576,0.123707,0.00754,Dry
360,Potentilla_grammopetala,5.631033,NA,0.000182,7.288244,NA,0.184609,6.830874,NA,0.040334,9.656883,NA,0.196052,Dry
361,Potentilla_grandiflora,5.615242,0.001531,3.00E-06,6.71209,0.064548,0.003183,6.353848,0.032174,0.00072,9.603543,0.062031,0.003501,Dry
362,Potentilla_griffithii,5.639136,0.003258,4.00E-06,6.418185,0.092164,0.004395,7.072635,0.026981,0.00096,8.667858,0.060155,0.004668,Dry
363,Potentilla_hippiana,5.631744,0.001554,3.00E-06,5.987992,0.03494,0.003077,7.30911,0.022606,0.000672,8.070032,0.041689,0.003268,Dry
364,Potentilla_hyparctica,5.579184,0.001293,1.00E-06,5.848661,0.04669,0.000662,6.057639,0.026847,0.000152,9.044598,0.031536,0.000737,Dry
365,Potentilla_micrantha,5.645877,0.001223,2.00E-06,6.770754,0.039099,0.002172,6.991831,0.019477,0.000475,8.980527,0.048499,0.002306,Dry
366,Potentilla_multicaulis,5.641507,0.002361,3.00E-06,6.112219,0.047379,0.003077,7.118685,0.024983,0.000672,8.364612,0.051223,0.003268,Dry
367,Potentilla_multifida,5.602039,0.00145,6.00E-06,5.80766,0.042953,0.006154,6.399248,0.028115,0.001344,8.676869,0.051662,0.006535,Dry
368,Potentilla_norvegica,5.626054,0.000561,0,6.443086,0.014988,0.000191,6.70776,0.010228,4.20E-05,8.994194,0.01625,0.000204,Dry
369,Potentilla_persica,5.648073,0.006343,9.10E-05,6.260838,0.167268,0.092305,7.46955,0.124831,0.020167,7.587275,0.362522,0.098026,Dry
370,Potentilla_pimpinelloides,5.633777,0.000119,6.10E-05,6.333212,0.109661,0.061536,6.83034,0.013156,0.013445,8.867444,0.151974,0.065351,Dry
371,Potentilla_recta,5.641949,0.000488,0,6.593641,0.016004,0.000299,6.939622,0.009807,6.60E-05,8.887574,0.019235,0.000321,Dry
372,Potentilla_simulatrix,5.643215,0.003132,1.10E-05,6.085199,0.050137,0.010859,7.228684,0.018886,0.002373,8.126552,0.075211,0.011532,Dry
373,Potentilla_speciosa,5.631934,0.004856,2.60E-05,6.936823,0.110591,0.026373,7.041422,0.062998,0.005762,9.036141,0.116756,0.028007,Dry
374,Potentilla_sterilis,5.644783,0.000908,2.00E-06,6.708417,0.03194,0.002029,6.835807,0.021321,0.000443,9.071966,0.036675,0.002154,Dry
375,Potentilla_stipularis,5.572835,0.001302,4.00E-06,5.694697,0.04869,0.004196,6.106349,0.034489,0.000896,8.808893,0.054774,0.004357,Dry
376,Potentilla_stolonifera,5.626882,0.004646,9.00E-06,7.02036,0.145756,0.008791,6.627044,0.057057,0.002123,9.733522,0.113442,0.010319,Dry
377,Potentilla_subvahliana,5.574722,0.001616,2.00E-06,5.59505,0.055068,0.002029,6.123034,0.032908,0.000443,8.656122,0.042352,0.002154,Dry
378,Potentilla_thurberi,5.656498,0.001599,6.00E-06,6.363699,0.071554,0.005769,7.571504,0.012971,0.00126,8.038319,0.070757,0.006127,Dry
379,Potentilla_thuringiaca,5.629474,0.003114,2.30E-05,6.526707,0.049254,0.023076,6.539655,0.058607,0.005042,9.272818,0.098047,0.024507,Dry
380,Potentilla_tollii,5.560489,NA,0.000182,5.278115,NA,0.184609,6.293419,NA,0.040334,8.153637,NA,0.196052,Dry
381,Potentilla_uniflora,5.597098,0.001873,2.00E-06,6.132445,0.06245,0.002198,6.552972,0.034724,0.00048,8.880801,0.059051,0.002334,Dry
382,Potentilla_villosula,5.601549,0.001699,2.00E-06,6.570679,0.078399,0.001964,6.455801,0.021164,0.000434,9.325611,0.070257,0.002131,Dry
383,Prinsepia_uniflora,5.648952,0.001841,1.30E-05,6.081786,0.038652,0.013186,7.145997,0.032948,0.002881,8.318059,0.057123,0.014004,Fleshy
384,Prunus_alleghaniensis,5.646021,0.003635,3.60E-05,6.863708,0.09334,0.036922,7.019614,0.0409,0.008067,9.13326,0.10434,0.03921,Fleshy
385,Prunus_americana,5.6476,0.000785,1.00E-06,6.624719,0.02592,0.000779,7.164944,0.013901,0.00017,8.689604,0.033166,0.000827,Fleshy
386,Prunus_amplifolia,5.687784,0.003202,8.00E-06,7.520117,0.125048,0.008026,7.21489,0.019231,0.001754,9.638406,0.102288,0.008524,Fleshy
387,Prunus_andersonii,5.644487,0.00208,9.00E-06,5.524529,0.098631,0.00923,7.48405,0.027283,0.002017,7.426951,0.090237,0.009803,Fleshy
388,Prunus_angustifolia,5.666913,0.000818,1.00E-06,6.833996,0.032703,0.001431,7.397749,0.014745,0.000315,8.659067,0.044512,0.001532,Fleshy
389,Prunus_annularis,5.665865,0.004132,3.00E-05,7.758922,0.130601,0.030768,7.236406,0.093406,0.006722,9.481695,0.225114,0.032675,Fleshy
390,Prunus_brachybotrya,5.673782,0.001863,3.00E-06,7.212181,0.060583,0.003357,7.418109,0.013065,0.000733,8.941842,0.054997,0.003565,Fleshy
391,Prunus_brachypoda,5.658333,0.002858,1.50E-05,6.704946,0.11744,0.015384,7.020189,0.026331,0.003361,9.136452,0.085834,0.016338,Fleshy
392,Prunus_brittoniana,5.664838,0.016143,6.10E-05,7.194588,0.161387,0.061536,7.205573,0.042067,0.013445,9.041401,0.231554,0.065351,Fleshy
393,Prunus_buergeriana,5.658317,0.001895,7.00E-06,7.503935,0.059967,0.007384,7.010129,0.028489,0.001613,9.689864,0.057624,0.007842,Fleshy
394,Prunus_clarofolia,5.652119,0.003274,1.30E-05,6.534697,0.15924,0.013186,6.982034,0.017808,0.002881,9.152222,0.094723,0.014004,Fleshy
395,Prunus_davidiana,5.654338,0.003589,9.00E-06,6.530984,0.104797,0.008791,7.137383,0.03042,0.001921,8.650906,0.109079,0.009336,Fleshy
396,Prunus_debilis,5.690497,0.001799,4.00E-06,7.742285,0.067415,0.004503,7.188225,0.019128,0.000984,9.784571,0.072495,0.004782,Fleshy
397,Prunus_dielsiana,5.673763,0.001834,3.60E-05,7.318817,0.055062,0.036922,7.098871,0.0454,0.008067,9.420772,0.079143,0.03921,Fleshy
398,Prunus_domestica,5.643808,0.000996,1.00E-06,6.544662,0.027016,0.001183,6.802486,0.022276,0.000264,8.955255,0.041544,0.001281,Fleshy
399,Prunus_fasciculata,5.668533,0.001911,5.00E-06,5.302677,0.066877,0.004989,7.783107,0.024251,0.00109,6.849182,0.088523,0.005299,Fleshy
400,Prunus_geniculata,5.685449,0.000679,9.10E-05,7.243448,0.011437,0.092305,7.471347,0.005692,0.020167,8.869322,0.003305,0.098026,Fleshy
401,Prunus_gracilis,5.668689,0.001718,6.00E-06,6.563718,0.066968,0.005594,7.53952,0.022087,0.001222,8.230217,0.082094,0.005941,Fleshy
402,Prunus_grayana,5.655547,0.002199,7.00E-06,7.419615,0.05563,0.006837,6.958878,0.034621,0.001494,9.712104,0.054977,0.007261,Fleshy
403,Prunus_henryi,5.656904,0.008858,6.10E-05,7.330121,0.134573,0.061536,7.081565,0.104129,0.013445,9.248165,0.084411,0.065351,Fleshy
404,Prunus_hortulana,5.658811,0.000725,7.00E-06,6.928251,0.019031,0.006837,7.243771,0.01218,0.001494,8.938365,0.020652,0.007261,Fleshy
405,Prunus_integrifolia,5.663973,0.002034,5.00E-06,7.363685,0.079167,0.004615,7.184756,0.021758,0.001008,9.267718,0.072399,0.004901,Fleshy
406,Prunus_japonica,5.6427,0.006265,2.30E-05,6.961946,0.154793,0.023076,6.937194,0.056736,0.005042,9.214891,0.076864,0.024507,Fleshy
407,Prunus_kansuensis,5.644346,0.005142,4.60E-05,6.220504,0.151594,0.046152,6.944267,0.04247,0.010084,8.650912,0.166824,0.049013,Fleshy
408,Prunus_leveilleana,5.654845,0.002575,4.60E-05,7.311526,0.154248,0.046152,6.9756,0.033777,0.010084,9.554645,0.138458,0.049013,Fleshy
409,Prunus_maackii,5.618595,0.002825,6.00E-06,6.655011,0.076982,0.006366,6.746483,0.024122,0.001441,9.143904,0.055695,0.007002,Fleshy
410,Prunus_mahaleb,5.648257,0.000733,1.00E-06,6.505277,0.024478,0.001388,6.984524,0.021267,0.000306,8.703149,0.038638,0.001485,Fleshy
411,Prunus_maximowiczii,5.638355,0.001994,3.00E-06,7.11944,0.066686,0.003483,6.834337,0.019039,0.000776,9.49702,0.049958,0.00377,Fleshy
412,Prunus_mexicana,5.666204,0.00112,2.00E-06,6.806336,0.037435,0.002122,7.376634,0.015309,0.000464,8.65124,0.051441,0.002253,Fleshy
413,Prunus_mira,5.636329,0.001656,3.00E-05,5.958198,0.087758,0.030768,7.149633,0.06111,0.006722,8.545027,0.203113,0.032675,Fleshy
414,Prunus_munsoniana,5.658072,0.000814,1.00E-05,6.905888,0.023826,0.009716,7.268297,0.018026,0.002123,8.87218,0.031257,0.010319,Fleshy
415,Prunus_nipponica,5.640102,0.004792,1.20E-05,7.373316,0.078999,0.012307,6.667311,0.114138,0.002689,9.958258,0.159238,0.01307,Fleshy
416,Prunus_oblonga,5.659308,NA,0.000182,7.637716,NA,0.184609,7.151485,NA,0.040334,9.045466,NA,0.196052,Fleshy
417,Prunus_occidentalis,5.687346,0.002357,1.40E-05,7.672053,0.093872,0.014201,7.384248,0.022885,0.003103,9.468217,0.105726,0.015081,Fleshy
418,Prunus_oleifolia,5.677147,0.002621,1.40E-05,7.063454,0.122031,0.014201,7.396167,0.013773,0.003103,8.820919,0.113324,0.015081,Fleshy
419,Prunus_ovalis,5.663418,0.007926,6.10E-05,7.004207,0.251385,0.061536,7.139247,0.070096,0.013445,9.030703,0.232235,0.065351,Fleshy
420,Prunus_pedunculata,5.604882,0.005002,3.00E-05,5.689213,0.083873,0.030768,6.76372,0.093069,0.006722,8.226197,0.081965,0.032675,Fleshy
421,Prunus_pensylvanica,5.627966,0.000697,1.00E-06,6.716719,0.017098,0.000581,6.78575,0.012044,0.000128,9.176195,0.022859,0.000622,Fleshy
422,Prunus_phaeosticta,5.680531,0.001276,6.00E-06,7.393707,0.043206,0.005769,7.154196,0.01764,0.00126,9.53451,0.048064,0.006127,Fleshy
423,Prunus_pleiocerasus,5.637821,NA,0.000182,6.967909,NA,0.184609,6.728629,NA,0.040334,9.155145,NA,0.196052,Fleshy
424,Prunus_prostrata,5.64929,0.001767,8.00E-06,6.385558,0.065817,0.007692,7.299217,0.01985,0.001681,8.253032,0.070868,0.008169,Fleshy
425,Prunus_reflexa,5.680947,0.002896,1.30E-05,7.140781,0.084619,0.013186,7.23153,0.040875,0.002881,9.098535,0.114164,0.014004,Fleshy
426,Prunus_rivularis,5.667838,0.002042,7.00E-06,6.636662,0.052732,0.0071,7.49926,0.025312,0.001551,8.365672,0.074029,0.00754,Fleshy
427,Prunus_salicina,5.66206,0.001212,1.00E-06,6.877739,0.038866,0.001003,7.079948,0.010251,0.000219,9.104865,0.03781,0.001066,Fleshy
428,Prunus_sargentii,5.646829,0.001534,4.00E-06,7.286298,0.046365,0.004013,6.886994,0.022627,0.000896,9.587579,0.04024,0.004357,Fleshy
429,Prunus_serotina,5.656021,0.000826,0,6.840663,0.021121,0.000487,7.215202,0.014825,0.000108,8.852962,0.028107,0.000523,Fleshy
430,Prunus_serrula,5.64082,0.003265,1.40E-05,6.125256,0.116789,0.014201,7.059709,0.028533,0.003103,8.752345,0.045828,0.015081,Fleshy
431,Prunus_simonii,5.654595,0.004032,3.60E-05,6.893602,0.232595,0.036922,7.105807,0.097876,0.008067,8.761328,0.145955,0.03921,Fleshy
432,Prunus_skutchii,5.68778,0.004136,3.00E-05,7.569206,0.088056,0.030768,7.438131,0.042399,0.006722,9.27677,0.175314,0.032675,Fleshy
433,Prunus_spinosissima,5.664167,0.001836,3.00E-05,5.706347,0.138229,0.030768,7.537237,0.051248,0.006722,7.424789,0.067982,0.032675,Fleshy
434,Prunus_spinulosa,5.670897,0.001212,4.00E-06,7.414297,0.03912,0.003768,7.110447,0.016095,0.000823,9.561738,0.03854,0.004001,Fleshy
435,Prunus_stipulacea,5.671661,0.030286,9.10E-05,6.558285,0.982336,0.092305,7.252452,0.058766,0.020167,8.654913,0.816175,0.098026,Fleshy
436,Prunus_subcordata,5.650571,0.001801,7.00E-06,6.709997,0.094199,0.0071,7.358889,0.02543,0.001551,8.631692,0.083176,0.00754,Fleshy
437,Prunus_subhirtella,5.656829,0.002023,1.00E-05,6.979336,0.105422,0.009716,7.110121,0.045682,0.002123,9.104099,0.136727,0.010319,Fleshy
438,Prunus_takesimensis,5.659308,NA,0.000182,7.189168,NA,0.184609,6.984716,NA,0.040334,9.351579,NA,0.196052,Fleshy
439,Prunus_tangutica,5.63655,0.006952,9.10E-05,5.720688,0.35005,0.092305,7.069301,0.208638,0.020167,8.080728,0.830802,0.098026,Fleshy
440,Prunus_tomentosa,5.650193,0.001608,8.00E-06,6.630802,0.121322,0.008026,7.150041,0.045101,0.001754,8.714304,0.148995,0.008524,Fleshy
441,Prunus_tucumanensis,5.664216,0.003614,2.30E-05,6.749498,0.06129,0.023076,7.395004,0.007185,0.005042,8.40284,0.051868,0.024507,Fleshy
442,Prunus_umbellata,5.665486,0.002008,3.00E-06,7.067876,0.030122,0.003129,7.241776,0.02336,0.000684,9.056993,0.01591,0.003323,Fleshy
443,Prunus_undulata,5.664,0.004752,9.00E-06,7.062432,0.102327,0.008791,7.067923,0.053706,0.001921,9.329436,0.055867,0.009336,Fleshy
444,Prunus_ussuriensis,5.633762,0.002485,3.00E-05,6.538081,0.078013,0.030768,7.013009,0.036296,0.006722,8.748208,0.093678,0.032675,Fleshy
445,Prunus_webbii,5.662685,0.004169,3.00E-05,6.560916,0.118502,0.030768,7.361907,0.051013,0.006722,8.461588,0.086914,0.032675,Fleshy
446,Prunus_zippeliana,5.680414,0.001541,5.00E-06,7.587229,0.057526,0.00543,7.206546,0.015254,0.00126,9.612848,0.041836,0.006127,Fleshy
447,Pseudocydonia_sinensis,5.656672,0.003089,2.00E-05,7.201766,0.111446,0.020512,7.077046,0.022912,0.004482,9.325701,0.102186,0.021784,Fleshy
448,Pygeum_topengii,5.68235,0.001404,7.00E-06,7.353204,0.036501,0.006593,7.187447,0.014405,0.001441,9.395536,0.029785,0.007002,Fleshy
449,Pyrus_elaeagnifolia,5.645595,0.003085,2.60E-05,6.361416,0.0971,0.026373,7.115626,0.035463,0.005762,8.417257,0.095191,0.028007,Fleshy
450,Pyrus_hopeiensis,5.64632,0.003201,6.10E-05,6.203372,0.140558,0.061536,7.268828,0.00962,0.013445,8.181365,0.103007,0.065351,Fleshy
451,Pyrus_korshinskyi,5.644917,NA,0.000182,6.584791,NA,0.184609,7.203406,NA,0.040334,8.47762,NA,0.196052,Fleshy
452,Pyrus_pashia,5.664336,0.002183,3.00E-06,6.756284,0.066156,0.003297,7.115502,0.017233,0.00072,9.076148,0.037221,0.003501,Fleshy
453,Pyrus_phaeocarpa,5.657517,0.00427,1.80E-05,6.531126,0.126406,0.018461,7.160683,0.035074,0.004033,8.750001,0.156895,0.019605,Fleshy
454,Pyrus_pseudopashia,5.661728,0.002908,3.60E-05,7.019269,0.153358,0.036922,7.069692,0.027594,0.008067,9.157395,0.118241,0.03921,Fleshy
455,Pyrus_pyrifolia,5.664256,0.001113,1.00E-06,6.999399,0.03562,0.001338,7.079954,0.010882,0.000292,9.200659,0.033122,0.001421,Fleshy
456,Pyrus_salicifolia,5.654138,0.002194,2.30E-05,6.216177,0.090562,0.023076,7.112133,0.022815,0.005042,8.280306,0.075999,0.024507,Fleshy
457,Pyrus_sinkiangensis,5.648848,0.004838,2.30E-05,5.408852,0.443142,0.023076,7.215779,0.079538,0.005042,7.52278,0.514957,0.024507,Fleshy
458,Pyrus_spinosa,5.66152,0.001434,4.00E-06,6.608636,0.0445,0.003928,7.249114,0.020445,0.000896,8.552659,0.054418,0.004357,Fleshy
459,Pyrus_syriaca,5.654486,0.004683,2.00E-05,6.273583,0.173335,0.020512,7.438555,0.056087,0.004482,8.080694,0.170259,0.021784,Fleshy
460,Rhodotypos_scandens,5.65329,0.001019,3.00E-06,6.941818,0.034664,0.002755,7.091636,0.016285,0.000602,9.078247,0.036431,0.002926,Fleshy
461,Rosa_abietina,5.630652,0.004693,6.10E-05,7.321408,0.147975,0.061536,6.744045,0.05649,0.013445,9.642121,0.08076,0.065351,Fleshy
462,Rosa_abyssinica,5.662912,0.002598,3.60E-05,7.060797,0.067704,0.036922,7.399808,0.021754,0.008067,8.843671,0.062862,0.03921,Fleshy
463,Rosa_agrestis,5.651027,0.001048,2.00E-06,6.603401,0.034353,0.001792,7.0828,0.021417,0.000395,8.715908,0.049742,0.001922,Fleshy
464,Rosa_banksiae,5.66958,0.005138,2.60E-05,6.5978,0.248822,0.026373,7.36271,0.113656,0.005762,8.376042,0.3431,0.028007,Fleshy
465,Rosa_bella,5.644997,0.002417,8.00E-06,6.188856,0.044284,0.007692,7.230471,0.018772,0.001681,8.206834,0.049516,0.008169,Fleshy
466,Rosa_brunonii,5.649226,0.005155,1.00E-05,6.65254,0.104709,0.009716,7.082814,0.052281,0.002123,8.905703,0.097194,0.010319,Fleshy
467,Rosa_caesia,5.630625,0.000762,1.10E-05,6.568631,0.058327,0.011538,6.565661,0.012476,0.002521,9.205132,0.041226,0.012253,Fleshy
468,Rosa_californica,5.658527,0.002062,4.00E-06,6.183152,0.085281,0.004196,7.418961,0.023573,0.000917,8.068772,0.100134,0.004456,Fleshy
469,Rosa_carolina,5.640592,0.001222,2.00E-06,6.992577,0.018455,0.002529,6.884321,0.024414,0.000602,9.363018,0.033416,0.002926,Fleshy
470,Rosa_caudata,5.65452,0.002872,1.80E-05,6.785562,0.1431,0.018461,6.959461,0.039645,0.004033,9.082563,0.082025,0.019605,Fleshy
471,Rosa_cymosa,5.6733,0.000883,2.00E-06,7.13718,0.030727,0.001678,7.098853,0.00935,0.000367,9.311444,0.021092,0.001782,Fleshy
472,Rosa_davidii,5.647338,0.002976,6.00E-06,6.476906,0.078531,0.006366,6.93014,0.037742,0.001391,8.929675,0.068232,0.00676,Fleshy
473,Rosa_davurica,5.621847,0.001735,2.00E-06,6.362734,0.040727,0.001758,6.876267,0.022586,0.000384,8.716866,0.044098,0.001867,Fleshy
474,Rosa_ecae,5.636859,0.002737,2.30E-05,5.988609,0.150855,0.023076,7.310096,0.028334,0.005042,8.002379,0.154821,0.024507,Fleshy
475,Rosa_foliolosa,5.672761,0.00166,1.80E-05,6.83633,0.046735,0.018461,7.44685,0.023919,0.004033,8.644005,0.068635,0.019605,Fleshy
476,Rosa_gallica,5.646218,0.00106,2.00E-06,6.536185,0.025779,0.001742,6.91585,0.025254,0.000392,8.79752,0.039658,0.001903,Fleshy
477,Rosa_glauca,5.63206,0.000627,1.00E-06,6.572931,0.030685,0.001513,6.584307,0.009667,0.000336,9.224501,0.033797,0.001634,Fleshy
478,Rosa_helenae,5.658573,0.001781,4.00E-06,6.698084,0.056971,0.00362,7.011934,0.018895,0.000791,9.107258,0.037361,0.003844,Fleshy
479,Rosa_henryi,5.672744,0.000865,2.00E-06,7.150752,0.032773,0.002007,7.111355,0.008906,0.000438,9.339352,0.0205,0.002131,Fleshy
480,Rosa_hirtula,5.661397,NA,0.000182,7.252762,NA,0.184609,7.096721,NA,0.040334,9.405907,NA,0.196052,Fleshy
481,Rosa_laevigata,5.676441,8.00E-04,2.00E-06,7.229283,0.023455,0.001619,7.127167,0.008817,0.000354,9.373242,0.016791,0.00172,Fleshy
482,Rosa_laxa,5.639584,0.002677,1.40E-05,5.30076,0.132745,0.014201,7.246485,0.034499,0.003103,7.253734,0.162643,0.015081,Fleshy
483,Rosa_lichiangensis,5.661154,0.003374,6.10E-05,6.810979,0.16253,0.061536,7.145325,0.02579,0.013445,8.82192,0.071468,0.065351,Fleshy
484,Rosa_longicuspis,5.662059,0.001811,4.00E-06,6.766455,0.051803,0.004102,7.096669,0.019818,0.000896,9.0415,0.036275,0.004357,Fleshy
485,Rosa_macrophylla,5.632382,0.003543,6.00E-06,6.382823,0.181221,0.005769,7.080197,0.02561,0.00126,8.620929,0.121277,0.006127,Fleshy
486,Rosa_marginata,5.642325,0.000929,1.40E-05,6.460256,0.067863,0.014201,6.78912,0.022832,0.003103,8.919254,0.077827,0.015081,Fleshy
487,Rosa_maximowicziana,5.639347,0.002174,8.00E-06,6.826378,0.077424,0.008026,6.913578,0.026878,0.001754,9.093612,0.053109,0.008524,Fleshy
488,Rosa_micrantha,5.655487,0.001132,3.00E-06,6.499872,0.054159,0.003239,7.203025,0.022007,0.000708,8.506466,0.067561,0.00344,Fleshy
489,Rosa_moyesii,5.645008,0.002066,4.00E-06,6.736445,0.073439,0.003846,6.856881,0.032614,0.000858,9.188974,0.073844,0.004171,Fleshy
490,Rosa_multibracteata,5.628696,0.005975,2.00E-05,6.710234,0.140513,0.020512,6.747803,0.080467,0.004482,9.123601,0.075878,0.021784,Fleshy
491,Rosa_nipponensis,5.631142,0.007261,3.60E-05,7.343436,0.18714,0.036922,6.477251,0.261688,0.008067,10.153095,0.369056,0.03921,Fleshy
492,Rosa_nitida,5.627162,0.001318,3.00E-06,6.986451,0.02572,0.003077,6.669643,0.018253,0.000695,9.575187,0.029853,0.00338,Fleshy
493,Rosa_obtusifolia,5.648533,0.002083,1.20E-05,6.704249,0.093429,0.012307,6.977514,0.04953,0.002689,8.958544,0.097731,0.01307,Fleshy
494,Rosa_omeiensis,5.641585,0.002084,3.00E-06,6.3611,0.063493,0.002564,6.994986,0.020423,0.00056,8.830305,0.040159,0.002723,Fleshy
495,Rosa_persetosa,5.651041,0.004787,2.60E-05,6.34155,0.151619,0.026373,7.004567,0.044217,0.005762,8.983805,0.10592,0.028007,Fleshy
496,Rosa_phoenicia,5.673495,NA,0.000182,6.637258,NA,0.184609,7.525101,NA,0.040334,8.339262,NA,0.196052,Fleshy
497,Rosa_platyacantha,5.638927,0.002474,1.00E-05,5.094467,0.187698,0.009716,7.293472,0.038636,0.002123,7.032786,0.197641,0.010319,Fleshy
498,Rosa_praelucens,5.638887,0.001778,9.10E-05,6.191952,0.028638,0.092305,7.094336,0.038161,0.020167,8.79185,0.074168,0.098026,Fleshy
499,Rosa_primula,5.651584,0.003031,2.60E-05,6.435359,0.186045,0.026373,7.146918,0.047204,0.005762,8.587493,0.196818,0.028007,Fleshy
500,Rosa_roxburghii,5.665311,0.001241,3.00E-06,6.926094,0.04585,0.003129,7.026328,0.015141,0.000684,9.203182,0.031919,0.003323,Fleshy
501,Rosa_rubus,5.668421,0.001125,2.00E-06,6.926399,0.038205,0.002051,7.050938,0.010861,0.000448,9.230937,0.023903,0.002178,Fleshy
502,Rosa_sambucina,5.661769,0.001762,1.20E-05,7.553161,0.064502,0.012307,7.053657,0.025843,0.002689,9.715288,0.055842,0.01307,Fleshy
503,Rosa_sempervirens,5.663905,0.000843,2.00E-06,6.625012,0.035897,0.002251,7.229782,0.018512,0.000504,8.536097,0.051396,0.002451,Fleshy
504,Rosa_sericea,5.644441,0.002339,3.00E-06,6.484959,0.078462,0.003239,7.075921,0.019632,0.000708,8.838788,0.056258,0.00344,Fleshy
505,Rosa_sertata,5.653222,0.002329,4.00E-06,6.602159,0.062372,0.00355,7.021709,0.046312,0.000776,8.889244,0.070947,0.00377,Fleshy
506,Rosa_setigera,5.655894,0.001098,2.00E-06,6.926227,0.018679,0.002398,7.175529,0.016226,0.000524,8.987767,0.018015,0.002546,Fleshy
507,Rosa_sherardii,5.636629,0.000608,3.00E-06,6.597946,0.040334,0.003239,6.599217,0.008267,0.00072,9.230266,0.043008,0.003501,Fleshy
508,Rosa_sikangensis,5.639673,0.003336,1.70E-05,5.907422,0.08466,0.016783,7.122859,0.031232,0.003667,8.659525,0.131112,0.017823,Fleshy
509,Rosa_stellata,5.659257,0.010107,9.10E-05,5.852227,0.053135,0.092305,7.729644,0.067647,0.020167,7.500611,0.247849,0.098026,Fleshy
510,Rosa_subcollina,5.6333,0.000589,3.00E-05,6.399429,0.014892,0.030768,6.606297,0.017569,0.008067,9.024382,0.046006,0.03921,Fleshy
511,Rosa_transmorrisonensis,5.6885,NA,0.000182,8.013674,NA,0.184609,7.178545,NA,0.040334,9.928424,NA,0.196052,Fleshy
512,Rosa_villosa,5.634725,0.00079,2.00E-06,6.678261,0.034213,0.001694,6.642322,0.016361,0.00037,9.267289,0.03932,0.001799,Fleshy
513,Rosa_weisiensis,5.657564,NA,0.000182,6.969791,NA,0.184609,7.198931,NA,0.040334,8.715224,NA,0.196052,Fleshy
514,Rosa_willmottiae,5.635782,0.002484,1.20E-05,5.937626,0.110346,0.012307,7.080118,0.039356,0.002689,8.460664,0.143264,0.01307,Fleshy
515,Rosa_zhongdianensis,5.637108,NA,0.000182,6.22059,NA,0.184609,7.056175,NA,0.040334,8.717682,NA,0.196052,Fleshy
516,Rubus_alexeterius,5.649238,0.007678,3.00E-05,6.58334,0.149617,0.030768,7.11804,0.017847,0.006722,8.772681,0.106576,0.032675,Fleshy
517,Rubus_allegheniensis,5.641942,0.000821,1.00E-06,6.855706,0.01565,0.001061,6.966581,0.013086,0.000232,9.125966,0.016447,0.001127,Fleshy
518,Rubus_alpinus,5.66195,0.005792,3.00E-05,7.491237,0.157638,0.030768,7.164083,0.040967,0.006722,9.443927,0.168206,0.032675,Fleshy
519,Rubus_amabilis,5.642545,0.004537,8.00E-06,6.636884,0.105361,0.008391,6.862794,0.064503,0.001833,9.081668,0.093145,0.008911,Fleshy
520,Rubus_amphidasys,5.671573,0.001088,5.00E-06,7.179917,0.049699,0.005128,7.068452,0.014491,0.00112,9.425247,0.02775,0.005446,Fleshy
521,Rubus_arcticus,5.603611,0.000987,1.00E-06,6.152156,0.034628,0.000993,6.497812,0.014817,0.00022,8.915985,0.03253,0.001071,Fleshy
522,Rubus_argutus,5.66463,0.00142,2.00E-06,7.098689,0.021438,0.002122,7.240947,0.016365,0.000464,9.08618,0.020653,0.002253,Fleshy
523,Rubus_arizonensis,5.669805,0.003045,2.30E-05,6.043502,0.069968,0.023076,7.725306,0.022709,0.005042,7.752522,0.056063,0.024507,Fleshy
524,Rubus_assamensis,5.664896,0.002392,8.00E-06,6.955574,0.074465,0.008026,7.036017,0.027913,0.001754,9.250119,0.043112,0.008524,Fleshy
525,Rubus_biflorus,5.649622,0.002808,6.00E-06,6.643906,0.111766,0.006154,7.057441,0.022616,0.001344,8.971885,0.072355,0.006535,Fleshy
526,Rubus_bifrons,5.651453,0.001296,3.00E-06,6.762776,0.066521,0.002637,7.022002,0.029229,0.000576,8.98255,0.074848,0.002801,Fleshy
527,Rubus_buergeri,5.665929,0.000757,4.00E-06,7.545177,0.041355,0.004395,7.106324,0.01114,0.00096,9.620497,0.034876,0.004668,Fleshy
528,Rubus_calycinus,5.657081,0.004207,6.10E-05,7.206067,0.102622,0.061536,7.091121,0.07526,0.013445,9.256572,0.066869,0.065351,Fleshy
529,Rubus_canadensis,5.635176,0.000924,2.00E-06,6.940779,0.019211,0.001846,6.836464,0.014326,0.000403,9.338283,0.021264,0.001961,Fleshy
530,Rubus_canescens,5.648121,0.001241,2.00E-06,6.627357,0.033507,0.002308,7.041151,0.020716,0.000504,8.757072,0.045215,0.002451,Fleshy
531,Rubus_caudifolius,5.670191,8.50E-05,3.60E-05,7.003602,0.134289,0.036922,7.016301,0.008035,0.008067,9.389733,0.058991,0.03921,Fleshy
532,Rubus_chingii,5.672861,0.001098,9.00E-06,7.282128,0.040003,0.008791,7.125505,0.016427,0.001921,9.38904,0.035674,0.009336,Fleshy
533,Rubus_cochinchinensis,5.686194,0.003145,8.00E-06,7.422575,0.089026,0.008391,7.251764,0.035439,0.001833,9.383546,0.041259,0.008911,Fleshy
534,Rubus_corchorifolius,5.670094,0.000807,1.00E-06,7.171165,0.028879,0.001338,7.094798,0.008765,0.000292,9.338484,0.023496,0.001421,Fleshy
535,Rubus_coreanus,5.664629,0.001155,3.00E-06,7.042637,0.044681,0.002637,7.059722,0.012624,0.000576,9.264887,0.035311,0.002801,Fleshy
536,Rubus_crataegifolius,5.649479,0.001505,2.00E-06,7.28005,0.048863,0.002529,6.938556,0.019503,0.000553,9.540573,0.044703,0.002686,Fleshy
537,Rubus_croceacanthus,5.67413,0.004162,1.20E-05,7.802851,0.049115,0.012307,7.129808,0.056706,0.003103,9.852604,0.076957,0.015081,Fleshy
538,Rubus_deliciosus,5.627834,0.004669,2.00E-05,6.011577,0.096163,0.020512,7.275583,0.048496,0.004482,7.941346,0.118689,0.021784,Fleshy
539,Rubus_eustephanos,5.66645,0.002328,3.60E-05,6.908889,0.072276,0.036922,7.011744,0.025223,0.008067,9.390397,0.066837,0.03921,Fleshy
540,Rubus_faberi,5.67369,0.004086,2.60E-05,7.22106,0.159339,0.026373,7.104547,0.036082,0.005762,9.296937,0.046763,0.028007,Fleshy
541,Rubus_fockeanus,5.648104,0.00357,8.00E-06,6.484485,0.066971,0.008391,7.029959,0.039168,0.001833,8.955637,0.052434,0.008911,Fleshy
542,Rubus_glabratus,5.642701,0.006046,3.00E-05,7.041527,0.168272,0.030768,6.854083,0.030862,0.006722,9.494527,0.154933,0.032675,Fleshy
543,Rubus_glaucus,5.660012,0.002431,6.00E-06,7.530823,0.074614,0.006154,7.109091,0.031362,0.001344,9.535557,0.064375,0.006535,Fleshy
544,Rubus_gunnianus,5.637458,0.001756,3.60E-05,7.298776,0.152247,0.036922,6.821098,0.03326,0.008067,9.785937,0.130054,0.03921,Fleshy
545,Rubus_hawaiensis,5.667073,0.010172,6.10E-05,7.559057,0.287598,0.061536,7.273527,0.084502,0.013445,9.488752,0.586019,0.065351,Fleshy
546,Rubus_humulifolius,5.60251,0.001929,3.00E-06,6.277386,0.032131,0.003239,6.46316,0.019772,0.000708,9.059888,0.030651,0.00344,Fleshy
547,Rubus_hunanensis,5.672221,0.00118,9.00E-06,7.21185,0.062067,0.008791,7.080597,0.016726,0.001921,9.418817,0.022071,0.009336,Fleshy
548,Rubus_ichangensis,5.665041,0.001069,6.00E-06,6.933422,0.055015,0.005955,7.015333,0.011529,0.001301,9.275939,0.036424,0.006324,Fleshy
549,Rubus_idaeopsis,5.664336,0.001775,9.00E-06,6.896748,0.103589,0.00923,7.071553,0.0168,0.002017,9.202569,0.055541,0.009803,Fleshy
550,Rubus_illecebrosus,5.650401,0.000937,1.30E-05,7.532422,0.059839,0.013186,6.950945,0.024922,0.002881,9.766561,0.050911,0.014004,Fleshy
551,Rubus_innominatus,5.670836,0.001341,4.00E-06,7.134444,0.040669,0.003692,7.07255,0.013546,0.000807,9.34474,0.024696,0.003921,Fleshy
552,Rubus_irenaeus,5.671599,0.001195,4.00E-06,7.176472,0.033867,0.004395,7.069012,0.012948,0.00096,9.393329,0.014247,0.004668,Fleshy
553,Rubus_lambertianus,5.67382,0.001031,2.00E-06,7.199309,0.030879,0.002098,7.111794,0.011996,0.000458,9.358544,0.017671,0.002228,Fleshy
554,Rubus_lasiococcus,5.626102,0.001235,1.10E-05,7.447585,0.074262,0.011538,6.903227,0.038526,0.002521,9.769162,0.089834,0.012253,Fleshy
555,Rubus_lasiostylus,5.658152,0.003003,8.00E-06,6.811989,0.076502,0.008391,6.988935,0.032604,0.001833,9.177113,0.063708,0.008911,Fleshy
556,Rubus_leucodermis,5.64541,0.001186,3.00E-06,6.683515,0.072306,0.002715,7.189231,0.030301,0.000593,8.838052,0.087216,0.002883,Fleshy
557,Rubus_mesogaeus,5.652842,0.001607,2.00E-06,6.973543,0.05501,0.002224,6.954342,0.01988,0.000486,9.294667,0.049249,0.002362,Fleshy
558,Rubus_moorei,5.666254,NA,0.000182,7.54539,NA,0.184609,7.344073,NA,0.040334,9.268798,NA,0.196052,Fleshy
559,Rubus_neomexicanus,5.649041,0.002394,1.10E-05,6.056963,0.102836,0.011538,7.552887,0.025407,0.002521,7.914066,0.13274,0.012253,Fleshy
560,Rubus_nessensis,5.636693,0.000539,2.00E-06,6.630214,0.03546,0.001742,6.615962,0.009696,0.000399,9.224625,0.043798,0.001941,Fleshy
561,Rubus_nivalis,5.639473,0.00351,1.70E-05,7.563072,0.11649,0.016783,6.778639,0.035829,0.004033,9.991473,0.116895,0.019605,Fleshy
562,Rubus_nubigenus,5.652426,0.003113,6.00E-06,7.332605,0.060218,0.005769,7.071099,0.028099,0.00126,9.364549,0.067199,0.006127,Fleshy
563,Rubus_occidentalis,5.646957,0.000764,1.00E-06,6.809236,0.019102,0.001055,7.07722,0.01328,0.00023,8.957032,0.023154,0.00112,Fleshy
564,Rubus_odoratus,5.639593,0.000674,1.00E-06,6.782492,0.024182,0.001319,6.835852,0.016294,0.000292,9.195273,0.020557,0.001421,Fleshy
565,Rubus_palmatus,5.65747,0.002097,9.00E-06,7.529315,0.072312,0.008791,7.021572,0.028473,0.001921,9.668676,0.055435,0.009336,Fleshy
566,Rubus_parkeri,5.663891,0.002368,1.30E-05,6.951511,0.075145,0.013186,6.94953,0.024594,0.002881,9.279737,0.030886,0.014004,Fleshy
567,Rubus_parvus,5.636942,0.003075,1.40E-05,7.689718,0.157022,0.014201,6.981022,0.013775,0.003103,10.066425,0.110836,0.015081,Fleshy
568,Rubus_pectinarioides,5.665386,0.002251,9.10E-05,6.614028,0.007378,0.092305,7.148915,0.044771,0.020167,9.413965,0.004528,0.098026,Fleshy
569,Rubus_pectinellus,5.650897,0.002242,6.00E-06,7.59656,0.054055,0.005769,6.872404,0.038832,0.00126,9.901274,0.054298,0.006127,Fleshy
570,Rubus_pedatus,5.634611,NA,0.000182,6.704414,NA,0.184609,6.911747,NA,0.040334,9.018574,NA,0.196052,Fleshy
571,Rubus_pedemontanus,5.639699,0.000454,3.00E-06,6.557843,0.021732,0.002755,6.663947,0.008632,0.00063,9.084568,0.023855,0.003063,Fleshy
572,Rubus_pensilvanicus,5.650796,0.001466,2.00E-06,6.981623,0.017104,0.002122,7.064674,0.022264,0.000469,9.151646,0.02397,0.00228,Fleshy
573,Rubus_phoenicolasius,5.652671,0.000812,1.00E-06,7.105215,0.030771,0.001465,7.027772,0.013646,0.00032,9.295849,0.031016,0.001556,Fleshy
574,Rubus_pinnatisepalus,5.670482,0.003832,1.70E-05,7.301572,0.135168,0.016783,7.057076,0.043416,0.003667,9.478485,0.096586,0.017823,Fleshy
575,Rubus_pirifolius,5.683543,0.00229,4.00E-06,7.499433,0.073911,0.003928,7.19587,0.027584,0.000858,9.52484,0.08221,0.004171,Fleshy
576,Rubus_pungens,5.644677,0.004183,1.30E-05,7.025942,0.154152,0.013186,6.879926,0.087612,0.002881,9.406894,0.196326,0.014004,Fleshy
577,Rubus_ribisoideus,5.670341,0.002158,2.00E-05,7.718166,0.090348,0.020512,7.148601,0.025791,0.005042,9.680573,0.060457,0.024507,Fleshy
578,Rubus_roseus,5.650353,0.002422,7.00E-06,7.372888,0.075897,0.006593,7.050978,0.027555,0.001441,9.267387,0.078706,0.007002,Fleshy
579,Rubus_rufus,5.667892,0.001351,7.00E-06,6.98985,0.062664,0.007384,7.06283,0.017502,0.001613,9.255734,0.042553,0.007842,Fleshy
580,Rubus_sapidus,5.674391,0.001839,7.00E-06,7.202787,0.076651,0.0071,7.410445,0.018586,0.001551,8.90067,0.079104,0.00754,Fleshy
581,Rubus_setchuenensis,5.662411,0.001787,4.00E-06,6.881867,0.045767,0.003928,7.003246,0.017955,0.000858,9.218163,0.028291,0.004171,Fleshy
582,Rubus_setosus,5.636535,0.001442,6.00E-06,6.969626,0.019888,0.005594,6.84209,0.023776,0.001222,9.401272,0.031642,0.005941,Fleshy
583,Rubus_spectabilis,5.640879,0.001965,3.00E-06,7.193059,0.082694,0.003419,6.830082,0.025317,0.000776,9.626138,0.087685,0.00377,Fleshy
584,Rubus_stans,5.642956,0.005433,1.50E-05,6.57421,0.13533,0.015384,6.977526,0.076282,0.003361,8.961129,0.095364,0.016338,Fleshy
585,Rubus_subinopertus,5.66269,0.002453,1.80E-05,6.745813,0.136852,0.018461,7.097183,0.041611,0.004033,9.165551,0.09601,0.019605,Fleshy
586,Rubus_subtibetanus,5.649021,0.006066,1.80E-05,6.765097,0.119721,0.018461,6.944129,0.074788,0.004033,9.039884,0.088969,0.019605,Fleshy
587,Rubus_sulcatus,5.636144,0.000656,1.80E-05,6.413653,0.035082,0.018461,6.613743,0.008304,0.004033,9.021671,0.041322,0.019605,Fleshy
588,Rubus_sumatranus,5.673077,0.001234,2.00E-06,7.295621,0.029659,0.001865,7.125496,0.011585,0.000407,9.424887,0.022663,0.00198,Fleshy
589,Rubus_tephrodes,5.671225,0.001707,5.00E-06,7.23828,0.0449,0.005275,7.070333,0.024876,0.001152,9.410668,0.035926,0.005601,Fleshy
590,Rubus_tricolor,5.649724,0.006067,1.80E-05,6.853326,0.094969,0.018461,6.91773,0.06977,0.004033,9.18769,0.072124,0.019605,Fleshy
591,Rubus_trifidus,5.663726,0.003241,4.60E-05,7.255043,0.058596,0.046152,7.105209,0.057979,0.013445,9.416751,0.073761,0.065351,Fleshy
592,Rubus_trilobus,5.654055,0.003649,1.10E-05,7.166425,0.106243,0.011538,7.331034,0.0219,0.002521,8.952008,0.081856,0.012253,Fleshy
593,Rubus_trivialis,5.674429,0.001116,2.00E-06,7.043839,0.029237,0.002251,7.372469,0.012239,0.000498,8.877219,0.037182,0.00242,Fleshy
594,Rubus_tsangii,5.673048,0.002,1.40E-05,7.137733,0.092931,0.014201,7.10992,0.032345,0.003103,9.308355,0.060544,0.015081,Fleshy
595,Rubus_ulmifolius,5.659916,0.000963,1.00E-06,6.551669,0.037193,0.001442,7.201222,0.019763,0.000315,8.509842,0.048989,0.001532,Fleshy
596,Rubus_ursinus,5.65404,0.001542,3.00E-06,6.747894,0.079151,0.002637,7.169525,0.035443,0.000585,8.81738,0.109891,0.002841,Fleshy
597,Rubus_urticifolius,5.678945,0.001002,1.00E-06,7.447119,0.036216,0.001513,7.24492,0.013184,0.000331,9.366862,0.03653,0.001607,Fleshy
598,Rubus_vigorosus,5.642148,0.001945,2.00E-05,6.531623,0.053196,0.020512,6.693279,0.034808,0.004482,9.047544,0.06537,0.021784,Fleshy
599,Rubus_wallichianus,5.66335,0.004297,1.50E-05,7.155877,0.15187,0.015384,7.076603,0.058794,0.003361,9.409607,0.14039,0.016338,Fleshy
600,Rubus_yiwuanus,5.664175,NA,0.000182,7.486613,NA,0.184609,6.975414,NA,0.040334,9.505991,NA,0.196052,Fleshy
601,Sanguisorba_albiflora,5.63661,0.005749,3.00E-05,7.420169,0.075967,0.030768,6.641212,0.092218,0.006722,9.959258,0.144757,0.032675,Dry
602,Sanguisorba_canadensis,5.615784,0.001211,2.00E-06,6.671159,0.062602,0.001551,6.505136,0.02143,0.000348,9.410375,0.055732,0.00169,Dry
603,Sanguisorba_hakusanensis,5.640053,0.003501,1.30E-05,7.463696,0.080925,0.013186,6.75947,0.089395,0.002881,9.823932,0.128598,0.014004,Dry
604,Sarcopoterium_spinosum,5.668073,0.001793,9.00E-06,6.452501,0.05337,0.00923,7.395061,0.023986,0.002123,8.30983,0.061241,0.010319,Dry
605,Sibbaldia_parviflora,5.609286,0.003318,1.20E-05,6.925865,0.143424,0.012307,6.730917,0.066568,0.002689,9.29806,0.150414,0.01307,Dry
606,Sibiraea_laevigata,5.619719,0.003699,1.40E-05,5.934224,0.095694,0.014201,6.917032,0.057683,0.003103,8.492241,0.126362,0.015081,Dry
607,Sorbaria_arborea,5.651103,0.002433,5.00E-06,6.48997,0.073146,0.004734,7.017553,0.021092,0.001034,8.924318,0.054297,0.005027,Dry
608,Sorbus_californica,5.631878,0.001922,1.10E-05,7.012944,0.137559,0.011538,7.218235,0.032235,0.002521,8.956404,0.137117,0.012253,Fleshy
609,Sorbus_commixta,5.644438,0.002073,4.00E-06,7.398226,0.058201,0.003768,6.854017,0.02742,0.000823,9.703146,0.059129,0.004001,Fleshy
610,Sorbus_decora,5.62102,0.000877,1.00E-06,6.724128,0.01736,0.001003,6.666557,0.01288,0.000223,9.282282,0.021236,0.001083,Fleshy
611,Sorbus_dunnii,5.675682,0.001689,1.50E-05,7.286559,0.081698,0.015384,7.128403,0.01866,0.003361,9.444604,0.029077,0.016338,Fleshy
612,Sorbus_glomerulata,5.651192,0.004265,1.30E-05,6.808024,0.120889,0.013186,7.024366,0.04753,0.002881,9.044205,0.078364,0.014004,Fleshy
613,Sorbus_intermedia,5.642518,0.002449,4.60E-05,6.918284,0.185009,0.046152,6.711595,0.059888,0.010084,9.383765,0.253302,0.049013,Fleshy
614,Sorbus_koehneana,5.641744,0.0023,3.00E-06,6.385295,0.068737,0.003129,6.979549,0.019478,0.000684,8.841317,0.051429,0.003323,Fleshy
615,Sorbus_prattii,5.643,0.002618,4.00E-06,6.369236,0.07778,0.004196,6.98783,0.024406,0.000917,8.902492,0.052699,0.004456,Fleshy
617,Sorbus_scopulina,5.62604,0.001162,1.00E-06,6.383536,0.048106,0.001282,6.951142,0.02524,0.000282,8.762202,0.056467,0.001371,Fleshy
618,Sorbus_tianschanica,5.626988,0.00312,6.00E-06,5.279345,0.159897,0.006154,7.14281,0.037934,0.001344,7.484685,0.175082,0.006535,Fleshy
619,Sorbus_tsinlingensis,5.659295,0.01934,9.10E-05,6.934459,0.399218,0.092305,6.957895,0.09828,0.020167,9.257647,0.301941,0.098026,Fleshy
620,Sorbus_vilmorinii,5.645634,0.002471,1.30E-05,6.672069,0.17065,0.013186,7.032195,0.028852,0.002881,9.022526,0.072649,0.014004,Fleshy
621,Sorbus_yuana,5.658331,0.008381,4.60E-05,7.085888,0.047213,0.046152,6.980267,0.081302,0.010084,9.308766,0.102461,0.049013,Fleshy
622,Spiraea_alba,5.632606,0.000756,1.00E-06,6.667282,0.017661,0.000817,6.857767,0.011119,0.000178,9.045061,0.020484,0.000867,Dry
623,Spiraea_blumei,5.659237,0.001466,3.00E-06,6.892335,0.074657,0.002978,7.095433,0.016921,0.000651,9.041753,0.07166,0.003162,Dry
624,Spiraea_canescens,5.629659,0.002931,7.00E-06,6.382839,0.148475,0.006837,7.101186,0.033264,0.001494,8.606915,0.121345,0.007261,Dry
625,Spiraea_chamaedryfolia,5.639536,0.0135,6.10E-05,6.356582,0.420482,0.061536,6.777394,0.077614,0.013445,8.940679,0.298243,0.065351,Dry
626,Spiraea_chinensis,5.666406,0.001264,2.00E-06,7.112404,0.04076,0.001865,7.088134,0.010187,0.000407,9.300262,0.036114,0.00198,Dry
627,Spiraea_crenata,5.63139,0.000706,2.00E-06,6.170161,0.020572,0.002337,6.865834,0.012812,0.000511,8.535365,0.029333,0.002482,Dry
628,Spiraea_dahurica,5.600231,0.006396,3.00E-05,6.081181,0.201674,0.030768,6.655536,0.081772,0.006722,8.646596,0.12089,0.032675,Dry
629,Spiraea_decumbens,5.649219,0.006982,6.10E-05,6.902542,0.23495,0.061536,7.10053,0.16924,0.013445,8.807,0.506125,0.065351,Dry
630,Spiraea_douglasii,5.63911,0.001058,2.00E-06,6.771631,0.054158,0.001884,6.794677,0.026719,0.000416,9.238626,0.06054,0.002021,Dry
631,Spiraea_formosana,5.658959,NA,0.000182,7.834392,NA,0.184609,6.754604,NA,0.040334,10.288784,NA,0.196052,Dry
632,Spiraea_hypericifolia,5.631318,0.00148,2.00E-06,5.942047,0.051373,0.001564,6.983462,0.021017,0.000342,8.215622,0.059424,0.001661,Dry
633,Spiraea_laeta,5.648867,0.004165,1.10E-05,6.739299,0.104343,0.010859,6.910519,0.044745,0.002373,9.073748,0.064833,0.011532,Dry
634,Spiraea_lasiocarpa,5.603344,0.011425,9.10E-05,4.413514,0.150834,0.092305,7.017082,0.198158,0.020167,7.286467,0.087536,0.098026,Dry
635,Spiraea_longigemmis,5.645187,0.00306,1.40E-05,6.445878,0.152401,0.014201,7.025284,0.03039,0.003103,8.911655,0.090386,0.015081,Dry
636,Spiraea_media,5.609574,0.000873,1.00E-06,6.157834,0.027676,0.000879,6.672679,0.011036,0.000192,8.745941,0.027962,0.000934,Dry
637,Spiraea_miyabei,5.641964,0.003299,1.80E-05,7.307189,0.070741,0.018461,6.862987,0.036816,0.004033,9.50856,0.032982,0.019605,Dry
638,Spiraea_mollifolia,5.636551,0.00318,6.00E-06,6.18334,0.103855,0.005769,6.995858,0.07263,0.00126,8.762211,0.107534,0.006127,Dry
639,Spiraea_mongolica,5.629671,0.003122,6.00E-06,6.111076,0.093654,0.005955,6.924378,0.053904,0.001301,8.589522,0.11704,0.006324,Dry
640,Spiraea_nipponica,5.645692,0.002939,7.00E-06,6.866514,0.089572,0.0071,6.93143,0.064297,0.001551,9.116306,0.134442,0.00754,Dry
641,Spiraea_purpurea,5.658055,0.008904,4.60E-05,7.1183,0.136449,0.046152,7.093488,0.092098,0.010084,9.244442,0.033792,0.049013,Dry
642,Spiraea_rosthornii,5.647507,0.002301,4.00E-06,6.426394,0.072833,0.004196,7.012423,0.020662,0.000917,8.827604,0.057095,0.004456,Dry
643,Spiraea_schneideriana,5.643992,0.003665,7.00E-06,6.485519,0.098818,0.007384,7.012557,0.041263,0.001613,8.96312,0.062507,0.007842,Dry
644,Spiraea_sublobata,5.66336,0.001515,3.00E-05,6.675482,0.131987,0.030768,7.104703,0.033516,0.006722,9.041628,0.089453,0.032675,Dry
645,Spiraea_thunbergii,5.660085,0.001357,3.00E-06,7.076518,0.043073,0.003419,7.151564,0.020698,0.000747,9.177332,0.05368,0.003631,Dry
646,Spiraea_trichocarpa,5.643446,0.002723,1.10E-05,7.037028,0.089944,0.011538,6.964969,0.02973,0.002521,9.232889,0.093858,0.012253,Dry
647,Spiraea_trilobata,5.643721,0.001902,2.00E-06,6.38959,0.045648,0.002224,7.042828,0.030607,0.000492,8.600584,0.054149,0.002391,Dry
648,Spiraea_veitchii,5.656794,0.002148,6.00E-06,6.633593,0.063683,0.005769,7.050581,0.015616,0.00126,9.009672,0.04494,0.006127,Dry
649,Stranvaesia_davidiana,5.661008,0.001843,3.00E-06,6.872314,0.047323,0.002978,7.019319,0.019736,0.000651,9.180483,0.032411,0.003162,Fleshy
650,Stranvaesia_oblanceolata,5.681366,NA,0.000182,6.936343,NA,0.184609,7.305188,NA,0.040334,9.277064,NA,0.196052,Fleshy