"","species","temp","se_temp","within_sp_var_temp","prec","se_prec","within_sp_var_prec","mean_pet","se_pet","within_sp_var_pet","mean_aridity","se_aridity","within_sp_var_aridity","Dispersal_mode"
"1","Acaena_cylindristachya",5.65125,0.007121,3.4e-05,7.286141,0.223166,0.027817,7.079611,0.046106,0.008505,9.309316,0.12081,0.035243,"Abiotic"
"2","Acaena_magellanica",5.631282,0.001113,6e-06,6.514133,0.123877,0.005216,6.664977,0.109789,0.001822,9.030314,0.210387,0.007552,"Abiotic"
"3","Adenostoma_fasciculatum",5.663881,0.001159,1e-05,5.938508,0.076783,0.007948,7.494452,0.0305,0.00243,7.62028,0.078505,0.010069,"Abiotic"
"4","Adenostoma_sparsifolium",5.657404,0.003179,4.1e-05,6.094049,0.173528,0.03338,7.582731,0.020284,0.010206,7.79529,0.199692,0.042292,"Abiotic"
"5","Agrimonia_gryposepala",5.636421,0.000709,1e-06,6.808572,0.018415,0.000893,6.946788,0.012452,0.000279,9.081279,0.023358,0.001156,"Abiotic"
"6","Agrimonia_nipponica",5.650752,0.001715,7e-06,7.490181,0.037349,0.005384,6.988699,0.022499,0.001646,9.664733,0.041515,0.006821,"Abiotic"
"7","Agrimonia_pilosa",5.642768,0.001165,0,6.726725,0.025581,0.000387,6.947378,0.010933,0.000119,8.979193,0.023966,0.000492,"Abiotic"
"8","Agrimonia_procera",5.637614,0.000656,2e-06,6.624642,0.030399,0.001669,6.698967,0.016733,0.000532,9.149105,0.038087,0.002203,"Abiotic"
"9","Alchemilla_abyssinica",5.648753,0.003884,2.9e-05,7.103788,0.055631,0.023843,7.29783,0.03131,0.00729,9.026084,0.077877,0.030208,"Abiotic"
"10","Alchemilla_alpina",5.620675,0.001048,2e-06,6.87069,0.043655,0.001575,6.402511,0.017539,0.000526,9.679478,0.044547,0.00218,"Abiotic"
"11","Alchemilla_argyrophylla",5.656892,0.036672,0.000103,7.335308,0.213248,0.083451,7.094543,0.239134,0.025514,9.39999,0.365671,0.105729,"Abiotic"
"12","Alchemilla_atriuscula",5.645624,NA,0.000206,6.940222,NA,0.166901,7.005789,NA,0.051029,9.046526,NA,0.211458,"Abiotic"
"13","Alchemilla_colura",5.6475,0.002426,6.9e-05,6.812123,0.077013,0.055634,7.292815,0.02067,0.01701,8.680014,0.053063,0.070486,"Abiotic"
"14","Alchemilla_coriacea",5.635095,0.001225,7e-06,6.850466,0.041226,0.005755,6.883834,0.02949,0.00176,9.302333,0.066641,0.007292,"Abiotic"
"15","Alchemilla_crinita",5.630273,0.001617,1.4e-05,6.936431,0.056036,0.011127,6.670068,0.025649,0.003402,9.569762,0.083291,0.014097,"Abiotic"
"16","Alchemilla_cryptantha",5.670099,0.002415,7e-06,7.205802,0.072841,0.005384,7.293974,0.033889,0.001646,9.111713,0.102394,0.006821,"Abiotic"
"17","Alchemilla_decumbens",5.625031,0.003037,6.9e-05,6.918387,0.074434,0.055634,6.721296,0.058278,0.01701,9.443511,0.135468,0.070486,"Abiotic"
"18","Alchemilla_ellenbeckii",5.650293,0.012161,6.9e-05,7.4831,0.033054,0.055634,6.9329,0.034079,0.01701,9.738112,0.070611,0.070486,"Abiotic"
"19","Alchemilla_epipsila",5.622834,0.003999,3.4e-05,6.614395,0.125003,0.027817,6.869617,0.079944,0.008505,9.135473,0.275125,0.035243,"Abiotic"
"20","Alchemilla_fallax",5.636883,0.003688,2.6e-05,6.906627,0.053258,0.020863,6.925348,0.036807,0.006379,9.246678,0.08585,0.026432,"Abiotic"
"21","Alchemilla_filicaulis",5.622921,0.000815,1e-06,6.645603,0.030616,0.000922,6.451525,0.012521,0.000298,9.400919,0.031969,0.001244,"Abiotic"
"22","Alchemilla_fischeri",5.670372,0.003637,4.1e-05,7.481067,0.021854,0.03338,7.346148,0.055811,0.010206,9.28889,0.083582,0.042292,"Abiotic"
"23","Alchemilla_glabra",5.628217,0.000901,1e-06,6.737529,0.03496,0.001209,6.517923,0.013089,0.000384,9.435336,0.038449,0.001602,"Abiotic"
"24","Alchemilla_heptagona",5.623405,0.000927,4e-06,6.411608,0.010583,0.003273,6.5579,0.02018,0.001001,9.061631,0.018669,0.004146,"Abiotic"
"25","Alchemilla_hispanica",5.636623,0.003147,6.9e-05,6.920369,0.017433,0.055634,6.875415,0.01273,0.01701,9.346777,0.044295,0.070486,"Abiotic"
"26","Alchemilla_incisa",5.635691,0.003713,2.1e-05,6.918943,0.060721,0.01669,6.869801,0.048183,0.005103,9.36813,0.120032,0.021146,"Abiotic"
"27","Alchemilla_japonica",5.6335,0.003706,1.5e-05,5.788834,0.197913,0.011922,7.153679,0.041225,0.003645,7.793218,0.21933,0.015104,"Abiotic"
"28","Alchemilla_johnstonii",5.636116,0.002896,2.9e-05,7.43508,0.074611,0.023843,6.892496,0.046244,0.00729,9.652138,0.10179,0.030208,"Abiotic"
"29","Alchemilla_kiwuensis",5.670617,0.002776,1e-05,7.26127,0.08279,0.007948,7.242757,0.047048,0.00243,9.205132,0.124514,0.010069,"Abiotic"
"30","Alchemilla_longana",5.614405,NA,0.000206,7.021976,NA,0.166901,6.648985,NA,0.051029,9.443117,NA,0.211458,"Abiotic"
"31","Alchemilla_microbetula",5.633855,0.00523,5.1e-05,7.252307,0.140635,0.041725,7.080084,0.116256,0.012757,9.320403,0.185355,0.052865,"Abiotic"
"32","Alchemilla_oscensis",5.63045,0.009506,0.000103,7.104073,0.076759,0.083451,7.010763,0.000451,0.025514,9.215961,0.090416,0.105729,"Abiotic"
"33","Alchemilla_pedata",5.656646,0.003287,1.5e-05,7.058891,0.055281,0.011922,7.300977,0.042164,0.003645,8.96126,0.085682,0.015104,"Abiotic"
"34","Alchemilla_pentaphyllea",5.614033,0.003647,0.000103,7.471787,0.029295,0.083451,6.744003,0.010601,0.025514,9.920515,0.052965,0.105729,"Abiotic"
"35","Alchemilla_plicata",5.628512,0.000543,2e-06,6.513644,0.02483,0.002011,6.573142,0.007169,0.000615,9.174507,0.02737,0.002548,"Abiotic"
"36","Alchemilla_propinqua",5.625419,0.000593,1e-06,6.497356,0.023167,0.001151,6.595494,0.011196,0.000352,9.122102,0.029215,0.001458,"Abiotic"
"37","Alchemilla_retinervis",5.624712,0.007674,3.4e-05,6.918444,0.079429,0.027817,6.74032,0.064431,0.008505,9.606038,0.091393,0.035243,"Abiotic"
"38","Alchemilla_roccatii",5.62852,NA,0.000206,7.65112,NA,0.166901,6.767343,NA,0.051029,9.991361,NA,0.211458,"Abiotic"
"39","Alchemilla_saxatilis",5.63642,0.001976,8e-06,6.818907,0.042211,0.006676,6.962042,0.025172,0.002041,9.241178,0.076951,0.008458,"Abiotic"
"40","Alchemilla_stuhlmannii",5.638177,NA,0.000206,7.557995,NA,0.166901,6.862758,NA,0.051029,9.748762,NA,0.211458,"Abiotic"
"41","Alchemilla_subnivalis",5.627441,NA,0.000206,7.660585,NA,0.166901,6.660575,NA,0.051029,10.150152,NA,0.211458,"Abiotic"
"42","Alchemilla_tenuis",5.62498,0.006472,4.1e-05,6.937656,0.077962,0.03338,6.73884,0.07796,0.010206,9.508117,0.129331,0.042292,"Abiotic"
"43","Alchemilla_transiens",5.635436,0.002134,1.2e-05,6.838373,0.046213,0.009818,6.938246,0.032147,0.003002,9.243044,0.089925,0.012439,"Abiotic"
"44","Alchemilla_volkensii",5.66334,0.009708,5.1e-05,7.182072,0.184176,0.041725,7.292283,0.071422,0.012757,9.08704,0.104841,0.052865,"Abiotic"
"45","Alchemilla_woodii",5.663442,0.002796,1.9e-05,6.702801,0.046732,0.015173,7.41592,0.020557,0.004639,8.447339,0.062002,0.019223,"Abiotic"
"46","Alchemilla_xanthochlora",5.636281,0.000677,2e-06,6.771421,0.029421,0.00149,6.752546,0.016536,0.000464,9.290167,0.040191,0.001922,"Abiotic"
"47","Amelanchier_alnifolia",5.637464,0.001523,7e-06,6.164632,0.096149,0.005384,7.133658,0.025282,0.001646,8.230083,0.117208,0.006821,"Biotic"
"48","Amelanchier_canadensis",5.625918,0.00165,1.1e-05,6.96801,0.035782,0.009272,6.676942,0.029469,0.003002,9.553244,0.059603,0.012439,"Biotic"
"49","Amelanchier_interior",5.63076,0.001007,4e-06,6.67751,0.016688,0.003091,6.879369,0.013781,0.000945,9.014863,0.020141,0.003916,"Biotic"
"50","Amelanchier_laevis",5.633088,0.000785,1e-06,6.858492,0.014845,0.000856,6.864804,0.01225,0.000264,9.225703,0.018938,0.001096,"Biotic"
"51","Amelanchier_lamarckii",5.637444,0.00053,3e-06,6.589842,0.038422,0.002829,6.655556,0.011325,0.000911,9.184177,0.041407,0.003776,"Biotic"
"52","Amelanchier_nantucketensis",5.647727,0.003764,6.9e-05,7.016998,0.06132,0.055634,7.11503,0.082406,0.025514,9.12671,0.18438,0.105729,"Biotic"
"53","Amelanchier_ovalis",5.644744,0.001196,3e-06,6.681194,0.03646,0.00214,7.035051,0.02387,0.000654,8.873588,0.065632,0.002711,"Biotic"
"54","Amelanchier_quinti-martii",5.625441,0.006309,0.000103,6.821364,0.070262,0.083451,6.732331,0.075604,0.025514,9.354147,0.020351,0.105729,"Biotic"
"55","Amelanchier_stolonifera",5.626189,0.001669,2e-06,6.87867,0.019915,0.001964,6.771003,0.021755,0.000607,9.352603,0.020244,0.002517,"Biotic"
"56","Amelanchier_utahensis",5.638596,0.001043,1e-06,6.1176,0.036416,0.001012,7.393354,0.015423,0.000309,7.926317,0.045532,0.001282,"Biotic"
"57","Aphanes_arvensis",5.645816,0.000805,1e-06,6.558119,0.019888,0.000943,6.868795,0.020126,0.000295,8.910826,0.031777,0.001222,"Abiotic"
"58","Aphanes_australis",5.641661,0.000801,2e-06,6.584482,0.029676,0.001897,6.773828,0.025733,0.000607,9.03334,0.042927,0.002517,"Abiotic"
"59","Aphanes_cornucopioides",5.657056,0.001335,6e-06,6.29598,0.034969,0.005216,7.330067,0.018493,0.001595,8.179598,0.049308,0.006608,"Abiotic"
"60","Bencomia_caudata",5.66866,0.002979,5.1e-05,6.02055,0.101916,0.041725,7.428099,0.007554,0.012757,7.720852,0.042629,0.052865,"Biotic"
"61","Bencomia_exstipulata",5.657353,0.008555,0.000103,6.160316,0.042219,0.083451,7.543186,0.013242,0.025514,7.701635,0.042935,0.105729,"Biotic"
"62","Cercocarpus_ledifolius",5.62504,0.003479,4.1e-05,6.13183,0.0375,0.03338,7.203567,0.056552,0.010206,8.11861,0.121702,0.042292,"Abiotic"
"63","Cercocarpus_montanus",5.647781,0.001301,1e-06,6.070153,0.031155,0.001135,7.487388,0.014497,0.000347,7.7852,0.036587,0.001438,"Abiotic"
"64","Chaenomeles_speciosa",5.658229,0.001128,2e-06,6.94592,0.035414,0.001414,7.122349,0.018168,0.00044,9.030536,0.044881,0.001823,"Biotic"
"65","Chamaebatia_foliolosa",5.644696,0.004294,1.9e-05,6.822806,0.091531,0.015173,7.406854,0.032357,0.004639,8.638764,0.096014,0.019223,"Abiotic"
"66","Chamaemeles_coriacea",5.669708,NA,0.000206,6.452049,NA,0.166901,NA,NA,Inf,NA,NA,Inf,"Biotic"
"67","Chamaerhodos_sabulosa",5.607161,0.002125,5e-06,5.131457,0.098908,0.003974,6.967229,0.036888,0.001215,7.278725,0.125473,0.005035,"Abiotic"
"68","Cliffortia_acanthophylla",5.673151,NA,0.000206,5.594711,NA,0.166901,7.68156,NA,0.051029,7.089243,NA,0.211458,"Abiotic"
"69","Cliffortia_aculeata",5.664261,0.005403,6.9e-05,5.7805,0.168567,0.055634,7.586972,0.096065,0.01701,7.370005,0.210914,0.070486,"Abiotic"
"70","Cliffortia_acutifolia",5.672464,NA,0.000206,5.505332,NA,0.166901,7.691657,NA,0.051029,7.138073,NA,0.211458,"Abiotic"
"71","Cliffortia_alata",5.664522,NA,0.000206,6.077642,NA,0.166901,7.488294,NA,0.051029,7.702556,NA,0.211458,"Abiotic"
"72","Cliffortia_amplexistipula",5.660177,0.00101,5.1e-05,5.731896,0.075962,0.041725,7.608876,0.008893,0.012757,7.219092,0.05336,0.052865,"Abiotic"
"73","Cliffortia_anthospermoides",5.665215,NA,0.000206,6.380123,NA,0.166901,7.277248,NA,0.051029,8.369157,NA,0.211458,"Abiotic"
"74","Cliffortia_apiculata",5.663674,0.00621,6.9e-05,5.992686,0.407929,0.055634,7.518962,0.097727,0.01701,7.624871,0.467985,0.070486,"Abiotic"
"75","Cliffortia_arborea",5.653715,0.001263,6.9e-05,5.607588,0.151198,0.055634,7.550726,0.016865,0.01701,7.306957,0.103213,0.070486,"Abiotic"
"76","Cliffortia_arcuata",5.65834,0.002407,5.1e-05,6.280517,0.129867,0.041725,7.458265,0.006613,0.012757,7.764978,0.117014,0.052865,"Abiotic"
"77","Cliffortia_atrata",5.664056,0.001793,6.9e-05,6.698476,0.113696,0.055634,7.37237,0.080032,0.025514,8.417253,0.111275,0.105729,"Abiotic"
"78","Cliffortia_baccans",5.661394,0.001606,6.9e-05,5.484937,0.105868,0.055634,7.59639,0.001614,0.01701,7.151078,0.067993,0.070486,"Abiotic"
"79","Cliffortia_brevifolia",5.668903,0.00083,6.9e-05,6.355096,0.081432,0.055634,7.281452,0.064784,0.01701,8.211669,0.057325,0.070486,"Abiotic"
"80","Cliffortia_browniana",5.660925,0.0048,2.6e-05,6.658748,0.084197,0.020863,7.405621,0.043385,0.006379,8.488371,0.125719,0.026432,"Abiotic"
"81","Cliffortia_burchellii",5.663352,0.002338,3.4e-05,6.377808,0.147156,0.027817,7.383638,0.029922,0.008505,8.057319,0.130723,0.035243,"Abiotic"
"82","Cliffortia_burgersii",5.67212,NA,0.000206,6.297109,NA,0.166901,7.362011,NA,0.051029,7.885329,NA,0.211458,"Abiotic"
"83","Cliffortia_carinata",5.660868,0.002096,5.1e-05,6.116101,0.289238,0.041725,7.451989,0.047672,0.012757,7.767272,0.18136,0.052865,"Abiotic"
"84","Cliffortia_castanea",5.660207,0.001833,4.1e-05,5.965898,0.185193,0.03338,7.506619,0.033292,0.010206,7.632565,0.148088,0.042292,"Abiotic"
"85","Cliffortia_ceresana",5.656866,NA,0.000206,6.645091,NA,0.166901,7.415777,NA,0.051029,8.108021,NA,0.211458,"Abiotic"
"86","Cliffortia_cervicornu",5.658725,0.001485,6.9e-05,5.726044,0.13585,0.055634,7.541793,0.036091,0.01701,7.253218,0.102903,0.070486,"Abiotic"
"87","Cliffortia_complanata",5.666076,0.002942,0.000103,6.447681,0.372335,0.083451,7.527012,0.032026,0.025514,7.862274,0.356782,0.105729,"Abiotic"
"88","Cliffortia_crenata",5.663099,0.004223,4.1e-05,5.823713,0.198257,0.03338,7.519918,0.040044,0.010206,7.557216,0.189649,0.042292,"Abiotic"
"89","Cliffortia_cristata",5.659123,0.004706,0.000103,6.487131,0.229464,0.083451,7.521389,0.055733,0.025514,7.885005,0.366398,0.105729,"Abiotic"
"90","Cliffortia_curvifolia",5.667637,NA,0.000206,6.261492,NA,0.166901,7.308543,NA,0.051029,8.17976,NA,0.211458,"Abiotic"
"91","Cliffortia_cymbifolia",5.65894,0.006275,0.000103,6.655002,0.029609,0.083451,7.505508,0.057174,0.025514,7.97209,0.184708,0.105729,"Abiotic"
"92","Cliffortia_densa",5.662787,NA,0.000206,6.135565,NA,0.166901,7.444833,NA,0.051029,7.887209,NA,0.211458,"Abiotic"
"93","Cliffortia_dentata",5.654417,NA,0.000206,6.903747,NA,0.166901,7.358831,NA,0.051029,8.448486,NA,0.211458,"Abiotic"
"94","Cliffortia_dichotoma",5.668673,NA,0.000206,5.669881,NA,0.166901,7.7012,NA,0.051029,7.069023,NA,0.211458,"Abiotic"
"95","Cliffortia_dispar",5.65768,0.000763,6.9e-05,6.409037,0.143735,0.055634,7.450179,0.042562,0.01701,7.904851,0.167331,0.070486,"Abiotic"
"96","Cliffortia_dodecandra",5.667983,NA,0.000206,6.755769,NA,0.166901,7.307873,NA,0.051029,8.211483,NA,0.211458,"Abiotic"
"97","Cliffortia_dracomontana",5.644563,NA,0.000206,6.72022,NA,0.166901,7.193686,NA,0.051029,8.844769,NA,0.211458,"Abiotic"
"98","Cliffortia_dregeana",5.660701,NA,0.000206,6.745236,NA,0.166901,7.49276,NA,0.051029,8.105911,NA,0.211458,"Abiotic"
"99","Cliffortia_drepanoides",5.661567,0.002608,0.000103,6.587533,0.152986,0.083451,7.397555,0.003676,0.025514,8.272166,0.050956,0.105729,"Abiotic"
"100","Cliffortia_erectisepala",5.663129,0.003125,0.000103,6.414452,0.448306,0.083451,7.484379,0.047173,0.025514,8.028349,0.445101,0.105729,"Abiotic"
"101","Cliffortia_ericifolia",5.670053,NA,0.000206,6.673298,NA,0.166901,7.390181,NA,0.051029,8.16877,NA,0.211458,"Abiotic"
"102","Cliffortia_eriocephalina",5.655962,0.001618,2.3e-05,6.351759,0.141749,0.018545,7.442046,0.024941,0.00567,7.931067,0.119051,0.023495,"Abiotic"
"103","Cliffortia_esterhuyseniae",5.671431,NA,0.000206,6.095825,NA,0.166901,7.54009,NA,0.051029,8.071843,NA,0.211458,"Abiotic"
"104","Cliffortia_exilifolia",5.663245,0.002216,6.9e-05,6.373933,0.21131,0.055634,7.391698,0.030782,0.01701,8.174535,0.205916,0.070486,"Abiotic"
"105","Cliffortia_falcata",5.666139,0.002307,2.9e-05,6.272359,0.117951,0.023843,7.379985,0.032729,0.00729,7.954168,0.073819,0.030208,"Abiotic"
"106","Cliffortia_ferricola",5.665908,NA,0.000206,6.590301,NA,0.166901,7.350516,NA,0.051029,8.384347,NA,0.211458,"Abiotic"
"107","Cliffortia_ferruginea",5.666419,0.001758,3.4e-05,6.412445,0.128951,0.027817,7.36798,0.034456,0.010206,8.188333,0.153127,0.042292,"Abiotic"
"108","Cliffortia_filicauloides",5.641375,NA,0.000206,6.75227,NA,0.166901,7.306531,NA,0.051029,8.801921,NA,0.211458,"Abiotic"
"109","Cliffortia_filifolia",5.667981,0.001308,6.9e-05,6.383484,0.024111,0.055634,7.324245,0.054154,0.01701,8.165183,0.144747,0.070486,"Abiotic"
"110","Cliffortia_glauca",5.66118,0.002037,4.1e-05,6.4381,0.138649,0.03338,7.419801,0.026293,0.010206,8.018666,0.121106,0.042292,"Abiotic"
"111","Cliffortia_gracillima",5.669018,NA,0.000206,6.075346,NA,0.166901,7.559038,NA,0.051029,7.505492,NA,0.211458,"Abiotic"
"112","Cliffortia_graminea",5.65824,0.006628,0.000103,6.831304,0.11471,0.083451,7.392604,0.036323,0.025514,8.283812,0.095957,0.105729,"Abiotic"
"113","Cliffortia_hantamensis",5.658537,0.00253,3.4e-05,5.917358,0.203451,0.027817,7.512997,0.055619,0.008505,7.493937,0.189719,0.035243,"Abiotic"
"114","Cliffortia_heterophylla",5.667637,NA,0.000206,6.473891,NA,0.166901,7.247793,NA,0.051029,8.423542,NA,0.211458,"Abiotic"
"115","Cliffortia_hexandra",5.662908,0.010243,0.000103,6.03946,0.404671,0.083451,7.585239,0.098625,0.025514,7.466433,0.327566,0.105729,"Abiotic"
"116","Cliffortia_hirsuta",5.661397,NA,0.000206,6.922644,NA,0.166901,7.374002,NA,0.051029,8.569596,NA,0.211458,"Abiotic"
"117","Cliffortia_hirta",5.667983,NA,0.000206,6.173786,NA,0.166901,7.333023,NA,0.051029,7.954723,NA,0.211458,"Abiotic"
"118","Cliffortia_ilicifolia",5.666537,0.001395,3.4e-05,6.522421,0.14345,0.027817,7.351162,0.015943,0.008505,8.181856,0.100019,0.035243,"Abiotic"
"119","Cliffortia_incana",5.670053,NA,0.000206,6.36647,NA,0.166901,7.353082,NA,0.051029,7.96832,NA,0.211458,"Abiotic"
"120","Cliffortia_integerrima",5.665561,NA,0.000206,6.981006,NA,0.166901,7.40001,NA,0.051029,8.350902,NA,0.211458,"Abiotic"
"121","Cliffortia_juniperina",5.66769,0.002858,4.1e-05,6.232733,0.282804,0.03338,7.505101,0.044581,0.010206,7.804922,0.264522,0.042292,"Abiotic"
"122","Cliffortia_lanceolata",5.659656,NA,0.000206,6.139885,NA,0.166901,7.440147,NA,0.051029,7.853993,NA,0.211458,"Abiotic"
"123","Cliffortia_lepida",5.652665,NA,0.000206,6.444131,NA,0.166901,7.424165,NA,0.051029,7.996317,NA,0.211458,"Abiotic"
"124","Cliffortia_linearifolia",5.664052,0.001127,8e-06,6.664144,0.066256,0.006419,7.412774,0.017536,0.001963,8.399032,0.073255,0.008133,"Abiotic"
"125","Cliffortia_marginata",5.6666,NA,0.000206,6.710523,NA,0.166901,7.382746,NA,0.051029,8.377011,NA,0.211458,"Abiotic"
"126","Cliffortia_micrantha",5.663132,0.002083,0.000103,5.902977,0.254003,0.083451,7.538035,0.030345,0.025514,7.583911,0.101792,0.105729,"Abiotic"
"127","Cliffortia_monophylla",5.667963,0.006219,0.000103,6.572938,0.255774,0.083451,7.403607,0.056308,0.025514,8.10626,0.432107,0.105729,"Abiotic"
"128","Cliffortia_montana",5.654262,0.002732,4.1e-05,6.112526,0.093555,0.03338,7.437274,0.027954,0.010206,7.878517,0.095985,0.042292,"Abiotic"
"129","Cliffortia_multiformis",5.664868,NA,0.000206,6.340359,NA,0.166901,7.319202,NA,0.051029,8.167068,NA,0.211458,"Abiotic"
"130","Cliffortia_neglecta",5.655708,0.001688,2.9e-05,6.32705,0.149586,0.023843,7.443171,0.018885,0.00729,7.924899,0.112583,0.030208,"Abiotic"
"131","Cliffortia_nitidula",5.671625,0.003356,1.9e-05,7.232397,0.07219,0.015173,7.283996,0.05454,0.004639,9.021579,0.119069,0.019223,"Abiotic"
"132","Cliffortia_nivenioides",5.653716,NA,0.000206,6.33328,NA,0.166901,7.398174,NA,0.051029,8.010028,NA,0.211458,"Abiotic"
"133","Cliffortia_obcordata",5.668673,NA,0.000206,6.856462,NA,0.166901,7.374629,NA,0.051029,8.164795,NA,0.211458,"Abiotic"
"134","Cliffortia_obovata",5.667983,NA,0.000206,6.224558,NA,0.166901,7.421178,NA,0.051029,8.156797,NA,0.211458,"Abiotic"
"135","Cliffortia_odorata",5.667635,0.000809,2.9e-05,6.510213,0.083088,0.023843,7.354443,0.033327,0.00729,8.252295,0.073349,0.030208,"Abiotic"
"136","Cliffortia_oligodonta",5.649502,NA,0.000206,6.754604,NA,0.166901,7.393878,NA,0.051029,8.263075,NA,0.211458,"Abiotic"
"137","Cliffortia_ovalis",5.654417,NA,0.000206,6.903747,NA,0.166901,7.358194,NA,0.051029,8.426612,NA,0.211458,"Abiotic"
"138","Cliffortia_paucistaminea",5.665498,0.002391,1.4e-05,6.664479,0.068775,0.011127,7.392948,0.014145,0.003402,8.413164,0.078408,0.014097,"Abiotic"
"139","Cliffortia_pedunculata",5.667291,NA,0.000206,6.84588,NA,0.166901,7.455877,NA,0.051029,8.451481,NA,0.211458,"Abiotic"
"140","Cliffortia_phillipsii",5.659656,NA,0.000206,6.937314,NA,0.166901,7.385851,NA,0.051029,8.576405,NA,0.211458,"Abiotic"
"141","Cliffortia_phyllanthoides",5.668328,NA,0.000206,6.238325,NA,0.166901,7.299797,NA,0.051029,8.193953,NA,0.211458,"Abiotic"
"142","Cliffortia_pilifera",5.666946,NA,0.000206,6.785588,NA,0.166901,7.49887,NA,0.051029,8.189522,NA,0.211458,"Abiotic"
"143","Cliffortia_polita",5.661858,0.00148,6.9e-05,6.35033,0.203386,0.055634,7.449987,0.021838,0.01701,7.971946,0.149837,0.070486,"Abiotic"
"144","Cliffortia_polygonifolia",5.671086,0.000866,5.1e-05,6.294403,0.209734,0.041725,7.49257,0.026167,0.012757,7.902692,0.16703,0.052865,"Abiotic"
"145","Cliffortia_prionota",5.662092,NA,0.000206,6.779922,NA,0.166901,7.299121,NA,0.051029,8.550628,NA,0.211458,"Abiotic"
"146","Cliffortia_propinqua",5.657738,0.000523,0.000103,6.417181,0.330406,0.083451,7.502236,0.051575,0.025514,7.883586,0.35257,0.105729,"Abiotic"
"147","Cliffortia_pulchella",5.666483,0.001283,6.9e-05,6.021427,0.083621,0.055634,7.477822,0.045369,0.01701,7.676898,0.091168,0.070486,"Abiotic"
"148","Cliffortia_pungens",5.654067,NA,0.000206,6.356108,NA,0.166901,7.429521,NA,0.051029,7.958227,NA,0.211458,"Abiotic"
"149","Cliffortia_ramosissima",5.660017,0.00111,1.3e-05,6.1547,0.07549,0.010431,7.480961,0.02073,0.003189,7.80723,0.083053,0.013216,"Abiotic"
"150","Cliffortia_repens",5.661814,0.003387,2.3e-05,6.86357,0.044426,0.018545,7.342365,0.011028,0.00567,8.689742,0.044852,0.023495,"Abiotic"
"151","Cliffortia_robusta",5.653541,0.000526,0.000103,6.004177,0.082598,0.083451,7.387682,0.007426,0.025514,7.869217,0.078108,0.105729,"Abiotic"
"152","Cliffortia_ruscifolia",5.662997,0.002942,3.4e-05,6.277081,0.172746,0.027817,7.503434,0.056144,0.008505,7.795259,0.18846,0.035243,"Abiotic"
"153","Cliffortia_scandens",5.659308,NA,0.000206,6.45047,NA,0.166901,7.409136,NA,0.051029,8.180881,NA,0.211458,"Abiotic"
"154","Cliffortia_sericea",5.660526,0.001218,0.000103,6.6318,0.17503,0.083451,7.429461,0.081517,0.025514,8.12523,0.419968,0.105729,"Abiotic"
"155","Cliffortia_setifolia",5.655642,0.000875,0.000103,6.028006,0.269104,0.083451,7.459451,0.051527,0.025514,7.701234,0.164337,0.105729,"Abiotic"
"156","Cliffortia_spathulata",5.638533,NA,0.000206,6.717805,NA,0.166901,7.118826,NA,0.051029,8.958669,NA,0.211458,"Abiotic"
"157","Cliffortia_stricta",5.664268,0.001433,2.9e-05,6.440457,0.123485,0.023843,7.386252,0.018425,0.00729,8.131222,0.114634,0.030208,"Abiotic"
"158","Cliffortia_strigosa",5.660701,NA,0.000206,6.745236,NA,0.166901,7.467942,NA,0.051029,8.070281,NA,0.211458,"Abiotic"
"159","Cliffortia_strobilifera",5.667772,0.001151,1e-05,6.449103,0.091811,0.007948,7.43153,0.025787,0.00243,8.07851,0.115876,0.010069,"Abiotic"
"160","Cliffortia_subsetacea",5.666946,NA,0.000206,6.869014,NA,0.166901,7.379632,NA,0.051029,8.245384,NA,0.211458,"Abiotic"
"161","Cliffortia_tenuis",5.667637,NA,0.000206,6.261492,NA,0.166901,7.307873,NA,0.051029,8.149891,NA,0.211458,"Abiotic"
"162","Cliffortia_tricuspidata",5.670743,NA,0.000206,6.448889,NA,0.166901,7.551187,NA,0.051029,7.822044,NA,0.211458,"Abiotic"
"163","Cliffortia_triloba",5.668673,NA,0.000206,5.894403,NA,0.166901,7.643483,NA,0.051029,7.25982,NA,0.211458,"Abiotic"
"164","Cliffortia_uncinata",5.658611,NA,0.000206,6.118097,NA,0.166901,7.566311,NA,0.051029,7.466799,NA,0.211458,"Abiotic"
"165","Cliffortia_varians",5.665908,NA,0.000206,6.23637,NA,0.166901,7.521859,NA,0.051029,7.834392,NA,0.211458,"Abiotic"
"166","Cliffortia_virgata",5.661397,NA,0.000206,6.865891,NA,0.166901,7.459339,NA,0.051029,8.340695,NA,0.211458,"Abiotic"
"167","Cliffortia_viridis",5.663828,NA,0.000206,6.908755,NA,0.166901,7.390181,NA,0.051029,8.573384,NA,0.211458,"Abiotic"
"168","Cliffortia_weimarckii",5.644563,NA,0.000206,6.232448,NA,0.166901,7.365813,NA,0.051029,8.078378,NA,0.211458,"Abiotic"
"169","Coleogyne_ramosissima",5.656707,0.001843,6e-06,5.468574,0.068436,0.004909,7.716928,0.025163,0.001501,6.985868,0.076983,0.006219,"Biotic"
"170","Comarum_palustre",5.610974,0.000723,0,6.375394,0.018988,0.000184,6.477019,0.009441,5.9e-05,9.118776,0.01713,0.000243,"Abiotic"
"171","Cotoneaster_acutifolius",5.644409,0.001604,2e-06,6.492605,0.036346,0.001636,7.098492,0.013528,5e-04,8.591274,0.043374,0.002073,"Biotic"
"172","Cotoneaster_adpressus",5.639542,0.00242,3e-06,6.587952,0.04914,0.002113,7.002181,0.01848,0.000646,8.797562,0.050416,0.002677,"Biotic"
"173","Cotoneaster_ambiguus",5.644541,0.003844,1.3e-05,6.634286,0.061363,0.010431,7.020811,0.024294,0.003189,8.801915,0.067022,0.013216,"Biotic"
"174","Cotoneaster_apiculatus",5.645265,0.003253,1e-05,6.790542,0.065779,0.007948,6.938961,0.05757,0.00243,9.045735,0.102247,0.010069,"Biotic"
"175","Cotoneaster_atropurpureus",5.642117,0.001665,1.5e-05,6.612319,0.117981,0.011922,6.775067,0.054523,0.003925,9.083249,0.126118,0.016266,"Biotic"
"176","Cotoneaster_bullatus",5.635684,0.000708,4e-06,6.787413,0.056862,0.003273,6.600175,0.009219,0.001086,9.391552,0.068605,0.004499,"Biotic"
"177","Cotoneaster_buxifolius",5.654711,0.002744,7e-06,6.843141,0.032512,0.005384,7.084354,0.019508,0.001646,8.941922,0.046948,0.006821,"Biotic"
"178","Cotoneaster_cambricus",5.643499,0.001635,6.9e-05,6.952468,0.082443,0.055634,6.545037,0.047562,0.01701,9.685072,0.184286,0.070486,"Biotic"
"179","Cotoneaster_coriaceus",5.660106,0.001444,4e-06,6.939728,0.040698,0.00321,7.169291,0.021033,0.000981,8.976996,0.053408,0.004067,"Biotic"
"180","Cotoneaster_dammeri",5.648722,0.001698,4e-06,6.830694,0.045639,0.002878,6.896315,0.031562,0.000963,9.159238,0.062743,0.00399,"Biotic"
"181","Cotoneaster_dielsianus",5.635504,0.000623,4e-06,6.756782,0.064464,0.003149,6.606896,0.008522,0.001063,9.365801,0.070933,0.004405,"Biotic"
"182","Cotoneaster_divaricatus",5.635814,0.000486,3e-06,6.665982,0.049825,0.002419,6.610751,0.008118,0.000895,9.278102,0.058203,0.00371,"Biotic"
"183","Cotoneaster_foveolatus",5.650939,0.002251,5e-06,6.814483,0.037105,0.003709,6.995848,0.030087,0.001134,9.006876,0.049762,0.004699,"Biotic"
"184","Cotoneaster_franchetii",5.654385,0.00087,1e-06,6.955115,0.033168,0.001091,7.097783,0.015237,0.000347,9.048728,0.038226,0.001438,"Biotic"
"185","Cotoneaster_frigidus",5.650757,0.002391,2.6e-05,7.052594,0.123081,0.020863,7.08839,0.030779,0.006379,9.239275,0.123529,0.026432,"Biotic"
"186","Cotoneaster_glaucophyllus",5.65945,0.001108,5e-06,6.856578,0.061176,0.004173,7.252565,0.023196,0.001379,8.810346,0.077099,0.005715,"Biotic"
"187","Cotoneaster_glomerulatus",5.647216,0.004905,2.9e-05,6.877859,0.08607,0.023843,7.066791,0.038646,0.00729,8.951936,0.107367,0.030208,"Biotic"
"188","Cotoneaster_hebephyllus",5.634832,0.002662,7e-06,6.578326,0.042051,0.005755,6.99793,0.036389,0.00176,8.763463,0.052395,0.007292,"Biotic"
"189","Cotoneaster_horizontalis",5.648573,0.001031,1e-06,6.823455,0.031411,0.000993,6.900809,0.020052,0.000321,9.146182,0.042209,0.00133,"Biotic"
"190","Cotoneaster_melanocarpus",5.614756,0.00137,1.4e-05,6.184626,0.060694,0.011127,6.854185,0.018503,0.003402,8.553135,0.062037,0.014097,"Biotic"
"191","Cotoneaster_mongolicus",5.606291,0.002329,2.3e-05,5.600724,0.059799,0.018545,6.930537,0.036281,0.00567,7.896206,0.068252,0.023495,"Biotic"
"192","Cotoneaster_morrisonensis",5.653015,NA,0.000206,7.908387,NA,0.166901,6.838405,NA,0.051029,10.364923,NA,0.211458,"Biotic"
"193","Cotoneaster_moupinensis",5.648306,0.001976,4e-06,6.818704,0.034817,0.00321,6.879612,0.028991,0.001021,9.139438,0.044471,0.004229,"Biotic"
"194","Cotoneaster_nitens",5.640338,0.003094,1.2e-05,6.663638,0.058769,0.009818,6.917795,0.060574,0.003002,8.903253,0.085457,0.012439,"Biotic"
"195","Cotoneaster_obscurus",5.649163,0.003266,8e-06,6.780139,0.0477,0.006676,7.036151,0.032721,0.002041,8.903346,0.061724,0.008458,"Biotic"
"196","Cotoneaster_oliganthus",5.633514,0.004098,5.1e-05,5.430383,0.255462,0.041725,7.255147,0.033758,0.012757,7.392807,0.18203,0.052865,"Biotic"
"197","Cotoneaster_pannosus",5.661077,0.000926,2e-06,6.701853,0.037774,0.001368,7.278402,0.019161,0.000429,8.626695,0.050734,0.001777,"Biotic"
"198","Cotoneaster_przewalskii",5.638768,0.000829,3.4e-05,6.392442,0.070765,0.027817,6.672298,0.036348,0.008505,8.973653,0.091446,0.035243,"Biotic"
"199","Cotoneaster_rehderi",5.645977,0.00037,4.1e-05,6.953193,0.209258,0.03338,6.841893,0.013053,0.012757,9.333053,0.29243,0.052865,"Biotic"
"200","Cotoneaster_reticulatus",5.670398,NA,0.000206,7.249215,NA,0.166901,7.044033,NA,0.051029,9.423353,NA,0.211458,"Biotic"
"201","Cotoneaster_rotundifolius",5.646457,0.005359,1.6e-05,6.914242,0.074497,0.012839,6.970972,0.060225,0.003925,9.071671,0.086293,0.016266,"Biotic"
"202","Cotoneaster_salicifolius",5.65348,0.00173,4e-06,6.920314,0.038869,0.003149,6.919321,0.022865,0.001001,9.203514,0.040045,0.004146,"Biotic"
"203","Cotoneaster_subadpressus",5.651636,0.003872,1.2e-05,6.950828,0.052143,0.009818,6.994001,0.058895,0.003002,9.050298,0.072264,0.012439,"Biotic"
"204","Cotoneaster_submultiflorus",5.636217,0.001684,3e-06,6.036902,0.092311,0.002736,7.135549,0.023605,0.000837,8.135632,0.09864,0.003467,"Biotic"
"205","Cotoneaster_taoensis",5.615577,0.002834,5.1e-05,6.391451,0.055964,0.041725,6.92863,0.020707,0.012757,8.69783,0.063534,0.052865,"Biotic"
"206","Cotoneaster_turbinatus",5.661608,0.003534,2.9e-05,7.073863,0.083887,0.023843,7.145751,0.022099,0.00729,9.111756,0.120177,0.030208,"Biotic"
"207","Cotoneaster_verruculosus",5.65096,0.005122,1.4e-05,6.85929,0.074265,0.011127,7.055549,0.052157,0.003402,8.966145,0.081083,0.014097,"Biotic"
"208","Crataegus_agrestina",5.674182,NA,0.000206,7.192182,NA,0.166901,7.365813,NA,0.051029,9.057306,NA,0.211458,"Biotic"
"209","Crataegus_brachyacantha",5.674621,0.000845,1e-05,7.144484,0.026085,0.008345,7.354292,0.007778,0.002551,9.005193,0.033903,0.010573,"Biotic"
"210","Crataegus_castlegarensis",5.634208,0.001261,4e-06,6.225612,0.068877,0.003338,7.10166,0.023163,0.001021,8.333531,0.085332,0.004229,"Biotic"
"211","Crataegus_chrysocarpa",5.628063,0.000658,1e-06,6.563946,0.026387,0.00097,6.893185,0.014872,3e-04,8.905821,0.03567,0.001244,"Biotic"
"212","Crataegus_compacta",5.639242,0.001778,0.000103,6.75013,0.088275,0.083451,6.913913,0.025341,0.025514,9.100692,0.112245,0.105729,"Biotic"
"213","Crataegus_dodgei",5.640081,0.00098,1e-05,6.893489,0.032298,0.007948,6.965168,0.016815,0.00243,9.161864,0.031995,0.010069,"Biotic"
"214","Crataegus_douglasii",5.634052,0.000838,2e-06,6.384169,0.052261,0.001414,7.055758,0.018379,0.000436,8.516962,0.064883,0.001807,"Biotic"
"215","Crataegus_enderbyensis",5.634968,NA,0.000206,6.410175,NA,0.166901,6.877296,NA,0.051029,8.793612,NA,0.211458,"Biotic"
"216","Crataegus_erythropoda",5.631024,0.001744,1.1e-05,6.075322,0.039658,0.008784,7.328242,0.023802,0.002686,7.936111,0.05379,0.011129,"Biotic"
"217","Crataegus_harbisonii",5.673101,0.000548,2.9e-05,7.211625,0.033105,0.023843,7.344678,0.010269,0.00729,9.099623,0.043194,0.030208,"Biotic"
"218","Crataegus_heldreichii",5.647312,0.005546,3.4e-05,6.737931,0.079904,0.027817,7.14061,0.053164,0.008505,8.777103,0.095168,0.035243,"Biotic"
"219","Crataegus_hupehensis",5.658205,0.00184,8e-06,6.675858,0.072133,0.006182,7.144873,0.019438,0.00189,8.782454,0.077536,0.007832,"Biotic"
"220","Crataegus_irrasa",5.625676,0.001165,9e-06,6.825255,0.03739,0.007586,6.757771,0.028132,0.00243,9.304887,0.067878,0.010069,"Biotic"
"221","Crataegus_kansuensis",5.642144,0.001839,5e-06,6.369754,0.041016,0.003709,7.105723,0.020652,0.001134,8.440027,0.054076,0.004699,"Biotic"
"222","Crataegus_laevigata",5.636895,0.000447,2e-06,6.586581,0.031043,0.001504,6.662725,0.009736,0.000491,9.14419,0.033276,0.002033,"Biotic"
"223","Crataegus_lassa",5.670314,0.001394,2.3e-05,7.141979,0.033646,0.018545,7.337393,0.013419,0.00567,9.02126,0.051273,0.023495,"Biotic"
"224","Crataegus_marshallii",5.673576,0.00079,3e-06,7.17497,0.018674,0.002829,7.348558,0.008439,0.000865,9.045466,0.023809,0.003584,"Biotic"
"225","Crataegus_maximowiczii",5.622125,0.001814,6e-06,6.587241,0.032814,0.004909,6.84324,0.017978,0.001501,8.933163,0.037142,0.006219,"Biotic"
"226","Crataegus_meyeri",5.650206,NA,0.000206,6.212606,NA,0.166901,7.072422,NA,0.051029,8.318986,NA,0.211458,"Biotic"
"227","Crataegus_munda",5.668111,0.001443,2.1e-05,7.174604,0.0384,0.01669,7.311717,0.017536,0.005103,9.075625,0.053106,0.021146,"Biotic"
"228","Crataegus_okennonii",5.634728,0.001262,1.5e-05,6.359712,0.102226,0.011922,6.978659,0.02726,0.003645,8.665989,0.122943,0.015104,"Biotic"
"229","Crataegus_pentagyna",5.648699,0.00125,1e-05,6.49642,0.075019,0.007948,7.031604,0.013935,0.00243,8.675106,0.08759,0.010069,"Biotic"
"230","Crataegus_phaenopyrum",5.653164,0.002591,1.6e-05,6.789656,0.038584,0.012839,7.218593,0.054189,0.004252,8.769612,0.08891,0.017622,"Biotic"
"231","Crataegus_pinnatifida",5.638093,0.00173,2e-06,6.619374,0.037118,0.001834,7.032003,0.019995,0.000561,8.77244,0.050462,0.002324,"Biotic"
"232","Crataegus_pseudoheterophylla",5.652659,0.002457,6.9e-05,6.179568,0.126908,0.055634,7.052941,0.018928,0.01701,8.369546,0.112946,0.070486,"Biotic"
"233","Crataegus_punctata",5.661595,0.001419,8e-06,7.179163,0.023036,0.006676,7.240382,0.012178,0.002041,9.156969,0.023856,0.008458,"Biotic"
"234","Crataegus_pycnoloba",5.641375,NA,0.000206,6.84588,NA,0.166901,7.118826,NA,0.051029,8.944289,NA,0.211458,"Biotic"
"235","Crataegus_rhipidophylla",5.632753,0.000599,3e-06,6.663898,0.049204,0.002196,6.591162,0.006908,0.000709,9.322878,0.054822,0.002937,"Biotic"
"236","Crataegus_rivularis",5.631736,0.001615,9e-06,6.000446,0.079819,0.007257,7.272485,0.024066,0.002219,7.932771,0.095527,0.009194,"Biotic"
"237","Crataegus_russanovii",5.640665,NA,0.000206,6.39693,NA,0.166901,6.654153,NA,0.051029,8.967249,NA,0.211458,"Biotic"
"238","Crataegus_saligna",5.629382,0.003184,2.6e-05,5.91646,0.112111,0.020863,7.308243,0.032657,0.006379,7.749666,0.097257,0.026432,"Biotic"
"239","Crataegus_sargentii",5.669962,0.001929,2.3e-05,7.28327,0.018226,0.018545,7.304259,0.018619,0.00567,9.195947,0.027142,0.023495,"Biotic"
"240","Crataegus_songarica",5.648206,0.002174,6.9e-05,6.677101,0.182624,0.055634,7.074915,0.148825,0.01701,8.772151,0.21974,0.070486,"Biotic"
"241","Crataegus_submollis",5.632269,0.000697,2e-06,6.646741,0.028007,0.002011,6.758853,0.020414,0.000654,9.105898,0.030519,0.002746,"Biotic"
"242","Crataegus_succulenta",5.637374,0.001152,1.6e-05,6.775043,0.015172,0.012839,6.897479,0.019868,0.003925,9.13853,0.029992,0.016266,"Biotic"
"243","Crataegus_triflora",5.670439,0.001208,1.1e-05,7.268649,0.017204,0.008784,7.307672,0.012049,0.002686,9.184916,0.022159,0.011129,"Biotic"
"244","Crataegus_wilsonii",5.652147,0.002091,6e-06,6.678073,0.053485,0.005216,7.073994,0.01943,0.001595,8.815358,0.05815,0.006608,"Biotic"
"245","Dasiphora_fruticosa",5.611583,0.001165,1e-06,6.293917,0.024605,0.000414,6.691435,0.017239,0.000128,8.823426,0.026954,0.000529,"Abiotic"
"246","Dendriopoterium_pulidoi",5.671431,NA,0.000206,5.891644,NA,0.166901,7.67601,NA,0.051029,7.356918,NA,0.211458,"Abiotic"
"247","Dichotomanthes_tristaniicarpa",5.669404,0.00209,1.9e-05,6.994675,0.054297,0.015173,7.178097,0.01846,0.004639,9.008653,0.066928,0.019223,"Biotic"
"248","Docynia_indica",5.664884,0.003227,1.1e-05,7.015401,0.060809,0.008784,7.141087,0.031188,0.002686,9.064023,0.071912,0.011129,"Biotic"
"249","Dryas_drummondii",5.601702,0.001646,2e-06,6.277032,0.062982,0.001439,6.503965,0.019498,0.000444,9.025453,0.066631,0.001855,"Abiotic"
"250","Dryas_octopetala",5.610407,0.001216,1e-06,6.595195,0.047098,0.001043,6.081074,0.067552,0.000345,9.773641,0.046189,0.001429,"Abiotic"
"251","Eriobotrya_bengalensis",5.686963,0.00284,6e-06,7.495242,0.06681,0.004909,7.2813,0.028786,0.001501,9.402491,0.073681,0.006219,"Biotic"
"252","Eriobotrya_deflexa",5.683891,0.002121,1.5e-05,7.599215,0.095756,0.011922,7.214353,0.030858,0.003645,9.565204,0.09256,0.015104,"Biotic"
"253","Eriobotrya_fragrans",5.679891,0.002411,1.5e-05,7.424095,0.038019,0.011922,7.16171,0.023222,0.003645,9.468627,0.041501,0.015104,"Biotic"
"254","Eriobotrya_malipoensis",5.678115,0.008033,6.9e-05,7.188733,0.13652,0.055634,7.133019,0.036609,0.01701,9.297012,0.112959,0.070486,"Biotic"
"255","Eriobotrya_prinoides",5.670036,0.003379,2.1e-05,6.892493,0.038504,0.01669,7.198781,0.031864,0.005103,8.842034,0.083357,0.021146,"Biotic"
"256","Eriobotrya_seguinii",5.668328,NA,0.000206,7.2086,NA,0.166901,7.062192,NA,0.051029,9.323669,NA,0.211458,"Biotic"
"257","Eriobotrya_tengyuehensis",5.670575,0.00256,2.1e-05,7.097049,0.059667,0.01669,7.171364,0.021172,0.005103,9.162615,0.078433,0.021146,"Biotic"
"258","Exochorda_giraldii",5.658634,0.001661,1.3e-05,6.650669,0.083939,0.010431,7.105854,0.030374,0.003189,8.799258,0.101453,0.013216,"Abiotic"
"259","Exochorda_serratifolia",5.642346,0.002558,1.3e-05,6.711866,0.08674,0.010431,7.057008,0.03684,0.003189,8.850267,0.120641,0.013216,"Abiotic"
"260","Fallugia_paradoxa",5.6565,0.002853,6e-06,5.799134,0.044172,0.005216,7.632243,0.028988,0.001595,7.412694,0.054232,0.006608,"Abiotic"
"261","Filipendula_multijuga",5.639831,0.005567,2.3e-05,7.471419,0.089822,0.018545,6.749552,0.11172,0.00567,9.886288,0.173422,0.023495,"Abiotic"
"262","Filipendula_vulgaris",5.639464,0.00064,1e-06,6.497825,0.015309,0.000545,6.852916,0.013836,0.000168,8.864394,0.023423,0.000698,"Abiotic"
"263","Fragaria_daltoniana",5.652971,0.007553,4.1e-05,7.286942,0.180332,0.03338,7.057698,0.08046,0.010206,9.413333,0.117358,0.042292,"Biotic"
"264","Fragaria_iinumae",5.632381,0.002249,1e-05,7.419473,0.042693,0.007948,6.63966,0.048461,0.00243,9.933799,0.080064,0.010069,"Biotic"
"265","Fragaria_mandshurica",5.598237,NA,0.000206,6.180017,NA,0.166901,6.73578,NA,0.051029,8.682877,NA,0.211458,"Biotic"
"266","Fragaria_moschata",5.632177,0.001335,8e-06,6.724142,0.056448,0.006182,6.62537,0.02271,0.001963,9.342177,0.058004,0.008133,"Biotic"
"267","Fragaria_nilgerrensis",5.661911,0.001632,3e-06,6.996183,0.025118,0.002649,7.071843,0.014789,0.00081,9.100289,0.033551,0.003356,"Biotic"
"268","Fragaria_nubicola",5.633468,0.005601,2.1e-05,6.557326,0.200676,0.01669,7.101512,0.035615,0.005103,8.800444,0.184893,0.021146,"Biotic"
"269","Fragaria_orientalis",5.622691,0.002248,2e-06,6.364743,0.043237,0.00156,6.907614,0.019851,0.000477,8.658686,0.043511,0.001976,"Biotic"
"270","Fragaria_pentaphylla",5.644857,0.004375,1.1e-05,6.772404,0.077959,0.008784,6.933199,0.046467,0.002686,9.003898,0.08119,0.011129,"Biotic"
"271","Fragaria_tibetica",5.62079,0.002188,4.1e-05,6.21703,0.14276,0.03338,6.865498,0.08725,0.010206,8.800078,0.14176,0.042292,"Biotic"
"272","Fragaria_viridis",5.640637,0.001202,4e-06,6.521599,0.029042,0.003338,6.820662,0.027529,0.001063,8.906513,0.046405,0.004405,"Biotic"
"273","Geum_aleppicum",5.629347,0.000667,0,6.49458,0.016931,0.000233,6.889958,0.009809,7.1e-05,8.806048,0.020739,0.000296,"Abiotic"
"274","Geum_bulgaricum",5.633264,0.008022,5.1e-05,6.618653,0.162607,0.041725,6.877462,0.1238,0.012757,8.968376,0.090776,0.052865,"Abiotic"
"275","Geum_calthifolium",5.623294,0.001096,3e-06,7.323285,0.06106,0.002692,6.43662,0.018641,0.001001,10.20998,0.073323,0.004315,"Abiotic"
"276","Geum_canadense",5.645218,0.000838,1e-06,6.851104,0.01639,0.000639,7.079167,0.013795,0.000196,8.990246,0.022723,0.000813,"Abiotic"
"277","Geum_chiloense",5.651809,0.006088,6.9e-05,6.774333,0.297726,0.055634,7.135033,0.074383,0.01701,8.809086,0.431824,0.070486,"Abiotic"
"278","Geum_heterocarpum",5.645251,0.001811,1.6e-05,6.511547,0.037184,0.012839,7.241147,0.024753,0.003925,8.403923,0.082797,0.016266,"Abiotic"
"279","Geum_leiospermum",5.636844,0.001522,1.1e-05,7.427351,0.1197,0.008784,6.953483,0.017124,0.002835,9.934987,0.08786,0.011748,"Abiotic"
"280","Geum_pentapetalum",5.632288,0.003828,8e-06,7.223648,0.076644,0.006182,6.681838,0.052219,0.00189,9.712847,0.081501,0.007832,"Abiotic"
"281","Geum_reptans",5.612561,0.003824,1.7e-05,7.227374,0.053944,0.013908,6.590406,0.048603,0.004252,9.719531,0.108119,0.017622,"Abiotic"
"282","Geum_rossii",5.583304,0.003134,2e-06,5.862382,0.081198,0.001964,6.473307,0.06174,0.000615,8.708188,0.05249,0.002548,"Abiotic"
"283","Geum_speciosum",5.637781,0.008902,0.000103,7.079603,0.123058,0.083451,6.800224,0.162966,0.025514,9.799496,0.027542,0.105729,"Abiotic"
"284","Geum_vernum",5.649414,0.000854,3e-06,6.925753,0.014054,0.002255,7.120156,0.01409,0.00069,9.024831,0.014808,0.002858,"Abiotic"
"285","Gillenia_trifoliata",5.650997,0.001571,6e-06,7.06984,0.034208,0.005058,7.104417,0.018906,0.001546,9.181293,0.033634,0.006408,"Abiotic"
"286","Hagenia_abyssinica",5.6629,0.002122,8e-06,7.138643,0.041386,0.006676,7.236391,0.02163,0.002041,9.077918,0.041391,0.008458,"Abiotic"
"287","Hesperomeles_palcensis",5.648816,0.005699,2.6e-05,6.636187,0.080644,0.020863,7.207427,0.040282,0.006379,8.672945,0.120911,0.026432,"Biotic"
"288","Holodiscus_discolor",5.642214,0.001258,2e-06,6.607406,0.055192,0.001504,7.174175,0.028276,0.000464,8.650252,0.07662,0.001922,"Abiotic"
"289","Horkeliella_purpurascens",5.642793,NA,0.000206,6.107023,NA,0.166901,7.624619,NA,0.051029,7.656337,NA,0.211458,"Abiotic"
"290","Ivesia_kingii",5.643163,0.001427,1e-05,5.394194,0.066929,0.008345,7.569857,0.021414,0.002551,7.013966,0.087666,0.010573,"Abiotic"
"291","Ivesia_lycopodioides",5.617298,0.004306,6.9e-05,6.535977,0.051365,0.055634,7.297572,0.044678,0.01701,8.361133,0.056251,0.070486,"Abiotic"
"292","Kageneckia_angustifolia",5.633873,0.006792,0.000103,6.372794,0.168236,0.083451,7.291139,0.095952,0.025514,8.220932,0.262704,0.105729,"Abiotic"
"293","Kageneckia_oblonga",5.646967,0.007546,2.9e-05,6.165124,0.3046,0.023843,7.266345,0.048807,0.00729,8.053643,0.288563,0.030208,"Abiotic"
"294","Kelseya_uniflora",5.619725,0.005465,4.1e-05,5.963315,0.156532,0.03338,7.145285,0.052925,0.010206,7.989992,0.171108,0.042292,"Abiotic"
"295","Lachemilla_uniflora",5.649908,0.010866,3.4e-05,7.280589,0.142729,0.027817,6.904264,0.065093,0.008505,9.527403,0.118112,0.035243,"Abiotic"
"296","Leucosidea_sericea",5.664015,0.001454,1.2e-05,6.556478,0.090806,0.009818,7.471378,0.022861,0.003002,8.263027,0.108225,0.012439,"Abiotic"
"297","Lindleya_mespiloides",5.674017,0.001494,7e-06,6.176263,0.080607,0.005961,7.571255,0.017241,0.001822,7.784052,0.080079,0.007552,"Abiotic"
"298","Luetkea_pectinata",5.61455,0.001341,2e-06,6.861318,0.057615,0.001357,6.569457,0.023798,0.000429,9.644722,0.059445,0.001777,"Abiotic"
"299","Lyonothamnus_floribundus",5.667282,0.002994,6.9e-05,5.960588,0.132668,0.055634,7.446753,0.104314,0.01701,7.665084,0.096532,0.070486,"Abiotic"
"300","Malus_asiatica",5.651904,0.002011,4e-06,6.511808,0.062477,0.003149,7.135391,0.019156,0.000963,8.579374,0.075026,0.00399,"Biotic"
"301","Malus_baccata",5.623914,0.006569,2.9e-05,6.482055,0.12688,0.023843,6.96578,0.064162,0.00729,8.719995,0.115216,0.030208,"Biotic"
"302","Malus_brevipes",5.651417,0.006147,0.000103,7.082021,0.014701,0.083451,6.990038,0.164578,0.025514,9.370381,0.236922,0.105729,"Biotic"
"303","Malus_florentina",5.65913,0.002614,0.000103,6.715042,0.055748,0.083451,7.100429,0.004536,0.025514,8.852679,0.054526,0.105729,"Biotic"
"304","Malus_halliana",5.663089,0.001539,5e-06,7.042272,0.05806,0.00428,7.06874,0.020915,0.001308,9.177114,0.066295,0.005422,"Biotic"
"305","Malus_honanensis",5.653938,0.001413,9e-06,6.526635,0.040093,0.007257,7.1103,0.02696,0.002219,8.633246,0.057942,0.009194,"Biotic"
"306","Malus_ioensis",5.650707,0.001112,5e-06,6.858204,0.019821,0.003793,7.180177,0.017949,0.00116,8.898575,0.024421,0.004806,"Biotic"
"307","Malus_leiocalyca",5.67351,0.00159,1.7e-05,7.415118,0.025052,0.013908,7.151158,0.01093,0.004252,9.437147,0.021608,0.017622,"Biotic"
"308","Malus_micromalus",5.649649,0.002316,8e-06,6.536585,0.120935,0.006676,7.177241,0.021846,0.002041,8.544128,0.133396,0.008458,"Biotic"
"309","Malus_ombrophila",5.656478,0.003532,1.1e-05,6.917973,0.06101,0.008784,7.107872,0.018907,0.002686,8.992805,0.063194,0.011129,"Biotic"
"310","Malus_rockii",5.651301,0.002895,7e-06,6.831049,0.054558,0.005755,7.050115,0.019987,0.00176,8.944751,0.055463,0.007292,"Biotic"
"311","Malus_sieboldii",5.653991,0.001448,2e-06,7.021517,0.037336,0.001757,6.970111,0.039881,0.000537,9.23019,0.045648,0.002226,"Biotic"
"312","Malus_sieversii",5.634774,0.005536,0.000103,6.280692,0.056134,0.083451,7.135265,0.049364,0.025514,8.384803,0.001598,0.105729,"Biotic"
"313","Malus_toringoides",5.634565,0.001734,1.6e-05,6.529111,0.047644,0.012839,7.059082,0.029809,0.003925,8.621053,0.059624,0.016266,"Biotic"
"314","Malus_transitoria",5.635194,0.002866,1e-05,6.263416,0.079006,0.008345,7.067825,0.03647,0.002551,8.393842,0.093461,0.010573,"Biotic"
"315","Neillia_affinis",5.662147,0.002975,1e-05,6.978397,0.047187,0.008345,7.100254,0.025498,0.002551,9.06807,0.05311,0.010573,"Abiotic"
"316","Neillia_gracilis",5.656661,0.004274,2.9e-05,6.931791,0.063744,0.023843,7.117914,0.031212,0.00729,8.887616,0.068937,0.030208,"Abiotic"
"317","Neillia_serratisepala",5.660561,0.003586,1.3e-05,7.057999,0.06239,0.010431,7.074511,0.025507,0.003189,9.195323,0.064501,0.013216,"Abiotic"
"318","Neillia_sinensis",5.663091,0.001225,4e-06,6.95721,0.045245,0.002878,7.044123,0.010064,0.00088,9.141178,0.047158,0.003646,"Abiotic"
"319","Neillia_tanakae",5.652665,NA,0.000206,7.568379,NA,0.166901,7.075809,NA,0.051029,9.541226,NA,0.211458,"Abiotic"
"320","Neillia_thibetica",5.661362,0.003144,2.6e-05,6.847339,0.03229,0.020863,7.025679,0.04327,0.006379,9.059338,0.071118,0.026432,"Abiotic"
"321","Neillia_thyrsiflora",5.664694,0.000768,5.1e-05,7.278783,0.035937,0.041725,7.14973,0.01955,0.012757,9.375582,0.074136,0.052865,"Abiotic"
"322","Neillia_uekii",5.642315,0.002719,2.9e-05,6.966649,0.048317,0.023843,6.939138,0.017663,0.00729,9.236586,0.038307,0.030208,"Abiotic"
"323","Osteomeles_schwerinae",5.657419,0.002662,6e-06,6.799398,0.02977,0.005058,7.112581,0.020478,0.001546,8.840627,0.03919,0.006408,"Biotic"
"324","Pentactina_rupicola",5.624559,NA,0.000206,7.296413,NA,0.166901,6.796824,NA,0.051029,9.56388,NA,0.211458,"Abiotic"
"325","Peraphyllum_ramosissimum",5.63934,0.001456,5e-06,5.819114,0.044682,0.004071,7.424398,0.027425,0.001245,7.591362,0.061263,0.005158,"Biotic"
"326","Photinia_beauverdiana",5.669124,0.000969,2e-06,7.172762,0.026451,0.00159,7.097615,0.011551,0.000486,9.293426,0.023521,0.002014,"Biotic"
"327","Photinia_berberidifolia",5.663809,0.006244,0.000103,6.954369,0.079137,0.083451,7.042055,0.06291,0.025514,9.069119,0.233618,0.105729,"Biotic"
"328","Photinia_bodinieri",5.666853,0.001392,6e-06,7.062144,0.033048,0.004909,7.069086,0.019987,0.001501,9.198607,0.040347,0.006219,"Biotic"
"329","Photinia_chihsiniana",5.678977,NA,0.000206,7.491088,NA,0.166901,7.12206,NA,0.051029,9.595875,NA,0.211458,"Biotic"
"330","Photinia_glomerata",5.661733,0.002878,7e-06,6.917203,0.041199,0.005961,7.125771,0.031502,0.001822,8.954608,0.049238,0.007552,"Biotic"
"331","Photinia_hirsuta",5.674717,0.001018,9e-06,7.393179,0.015909,0.007586,7.152032,0.010643,0.002319,9.432831,0.016475,0.009612,"Biotic"
"332","Photinia_impressivena",5.680693,0.00155,1.5e-05,7.406353,0.027285,0.011922,7.146895,0.021033,0.003645,9.465093,0.029706,0.015104,"Biotic"
"333","Photinia_integrifolia",5.651644,0.006404,2.6e-05,7.13165,0.104637,0.020863,6.989469,0.091334,0.006379,9.318805,0.036846,0.026432,"Biotic"
"334","Photinia_lochengensis",5.679661,NA,0.000206,7.305188,NA,0.166901,7.115582,NA,0.051029,9.4362,NA,0.211458,"Biotic"
"335","Photinia_oblongifolia",5.68426,0.00051,0.000103,6.941125,0.045442,0.083451,7.447676,0.012239,0.025514,8.872448,0.05101,0.105729,"Biotic"
"336","Photinia_parvifolia",5.672712,0.00085,2e-06,7.28255,0.02515,0.002011,7.115232,0.009556,0.000615,9.392132,0.021777,0.002548,"Biotic"
"337","Photinia_prionophylla",5.64516,0.008575,5.1e-05,6.745217,0.091852,0.041725,7.116814,0.028334,0.012757,8.697954,0.039691,0.052865,"Biotic"
"338","Photinia_prunifolia",5.679561,0.000969,4e-06,7.409507,0.020085,0.003406,7.171106,0.010111,0.001041,9.448854,0.020224,0.004315,"Biotic"
"339","Photinia_raupingensis",5.682725,0.001496,4.1e-05,7.449744,0.058594,0.03338,7.180875,0.011412,0.010206,9.445479,0.050941,0.042292,"Biotic"
"340","Photinia_schneideriana",5.67079,0.001055,4e-06,7.254022,0.028148,0.003551,7.085605,0.012306,0.001086,9.371407,0.018471,0.004499,"Biotic"
"341","Photinia_stenophylla",5.681455,0.005734,3.4e-05,7.150799,0.058855,0.027817,7.236953,0.093203,0.008505,9.11574,0.143469,0.035243,"Biotic"
"342","Photinia_tsaii",5.670398,NA,0.000206,7.369601,NA,0.166901,7.151485,NA,0.051029,9.472628,NA,0.211458,"Biotic"
"343","Photinia_tushanensis",5.667637,NA,0.000206,7.204149,NA,0.166901,7.011214,NA,0.051029,9.350189,NA,0.211458,"Biotic"
"344","Photinia_villosa",5.661509,0.001557,4e-06,7.214551,0.034281,0.00321,7.068963,0.014642,0.001021,9.378881,0.039165,0.004229,"Biotic"
"345","Physocarpus_amurensis",5.628065,0.00184,1.4e-05,6.500754,0.036143,0.011127,6.799028,0.050789,0.003402,8.892462,0.073817,0.014097,"Abiotic"
"346","Physocarpus_capitatus",5.645555,0.001155,4e-06,7.135406,0.065698,0.003477,7.065781,0.034024,0.001086,9.278219,0.094436,0.004499,"Abiotic"
"347","Physocarpus_malvaceus",5.629993,0.001149,4e-06,6.23093,0.053638,0.003035,7.146485,0.024289,0.000928,8.249743,0.075224,0.003845,"Abiotic"
"348","Physocarpus_monogynus",5.634178,0.002959,2.6e-05,6.089775,0.061222,0.020863,7.35546,0.051064,0.006379,7.938475,0.095981,0.026432,"Abiotic"
"349","Polylepis_hieronymi",5.666588,0.002171,3.4e-05,6.503732,0.067437,0.027817,7.414843,0.014574,0.008505,8.280725,0.03841,0.035243,"Abiotic"
"350","Polylepis_sericea",5.643952,0.002984,1e-05,6.774307,0.251861,0.007948,6.968392,0.033148,0.00243,9.048557,0.181354,0.010069,"Abiotic"
"351","Polylepis_tarapacana",5.630621,0.004111,1.9e-05,4.864359,0.327583,0.015173,7.420731,0.02721,0.004639,6.746129,0.308241,0.019223,"Abiotic"
"352","Potentilla_adscharica",5.616426,0.006519,6.9e-05,5.946843,0.659126,0.055634,6.900062,0.077616,0.01701,8.264427,0.702506,0.070486,"Abiotic"
"353","Potentilla_alba",5.634839,0.000834,2e-06,6.498832,0.027491,0.001941,6.773267,0.010332,0.000593,8.918854,0.030303,0.002459,"Abiotic"
"354","Potentilla_anglica",5.638023,0.000621,4e-06,6.518278,0.037352,0.00321,6.659793,0.015007,0.001063,9.116443,0.046847,0.004405,"Abiotic"
"355","Potentilla_articulata",5.623414,0.0085,2.9e-05,6.750329,0.074889,0.023843,6.596062,0.293665,0.00729,9.2357,0.309002,0.030208,"Abiotic"
"356","Potentilla_biennis",5.636279,0.001128,2e-06,5.987649,0.043495,0.001636,7.311534,0.020609,5e-04,7.871307,0.0518,0.002073,"Abiotic"
"357","Potentilla_biflora",5.57845,0.001217,2e-06,5.66456,0.0408,0.00156,6.269245,0.020367,0.000486,8.690863,0.040747,0.002014,"Abiotic"
"358","Potentilla_bipinnatifida",5.618757,0.002443,4.1e-05,6.32023,0.072433,0.03338,6.815494,0.058881,0.010206,8.685197,0.115539,0.042292,"Abiotic"
"359","Potentilla_centigrana",5.647919,0.001269,8e-06,7.410327,0.040834,0.006676,6.91851,0.016994,0.002041,9.659938,0.040432,0.008458,"Abiotic"
"360","Potentilla_chinensis",5.64737,0.001189,1e-06,6.667692,0.03687,0.00097,7.080518,0.012285,0.000298,8.788081,0.043731,0.001237,"Abiotic"
"361","Potentilla_discolor",5.661657,0.001404,2e-06,6.914066,0.041024,0.00156,7.133276,0.010621,0.000477,9.003587,0.047568,0.001976,"Abiotic"
"362","Potentilla_divina",5.619067,0.00808,6.9e-05,6.885701,0.047165,0.055634,6.67264,0.048802,0.01701,9.745332,0.10921,0.070486,"Abiotic"
"363","Potentilla_drummondii",5.620401,0.001528,4e-06,6.893274,0.075584,0.00298,6.868499,0.034121,0.000911,9.363516,0.085074,0.003776,"Abiotic"
"364","Potentilla_elegans",5.571714,0.001763,3e-06,5.739699,0.055718,0.002782,6.259032,0.025013,0.00085,8.766399,0.056535,0.003524,"Abiotic"
"365","Potentilla_flabellifolia",5.623104,0.002302,8e-06,6.958818,0.086526,0.006419,6.973706,0.041722,0.001963,9.33175,0.115492,0.008133,"Abiotic"
"366","Potentilla_grammopetala",5.619132,NA,0.000206,7.279319,NA,0.166901,6.708084,NA,0.051029,9.721546,NA,0.211458,"Abiotic"
"367","Potentilla_grandiflora",5.614615,0.001336,3e-06,6.797372,0.06191,0.002649,6.366875,0.028235,0.000837,9.583892,0.059284,0.003467,"Abiotic"
"368","Potentilla_griffithii",5.641202,0.003363,5e-06,6.535556,0.067192,0.003974,7.072546,0.028496,0.001215,8.660902,0.061309,0.005035,"Abiotic"
"369","Potentilla_hippiana",5.626934,0.001527,3e-06,6.226172,0.031801,0.002782,7.303963,0.022532,0.00085,8.084025,0.041324,0.003524,"Abiotic"
"370","Potentilla_hyparctica",5.575757,0.001279,1e-06,5.684999,0.037073,0.000523,5.92577,0.044721,0.000182,9.085643,0.036513,0.000753,"Abiotic"
"371","Potentilla_micrantha",5.644753,0.001009,2e-06,6.736463,0.032307,0.001964,6.9922,0.018317,6e-04,9.005373,0.04661,0.002488,"Abiotic"
"372","Potentilla_multicaulis",5.639726,0.002271,3e-06,6.28462,0.039163,0.002782,7.11783,0.02507,0.00085,8.369824,0.051146,0.003524,"Abiotic"
"373","Potentilla_multifida",5.5928,0.001452,6e-06,5.869592,0.049961,0.005058,6.368718,0.032498,0.001701,8.722444,0.059204,0.007049,"Abiotic"
"374","Potentilla_norvegica",5.622188,0.000588,0,6.49186,0.014227,0.000168,6.706035,0.010171,5.2e-05,8.993747,0.016264,0.000218,"Abiotic"
"375","Potentilla_persica",5.648591,0.007925,0.000103,5.893001,0.216247,0.083451,7.46955,0.124831,0.025514,7.587275,0.362522,0.105729,"Abiotic"
"376","Potentilla_pimpinelloides",5.628756,0.001766,6.9e-05,6.502517,0.154602,0.055634,6.819935,0.021113,0.01701,8.880894,0.145712,0.070486,"Abiotic"
"377","Potentilla_recta",5.638891,0.000496,0,6.615145,0.015236,0.000265,6.935239,0.009773,8.2e-05,8.890701,0.019082,0.000341,"Abiotic"
"378","Potentilla_simulatrix",5.640397,0.003153,1.2e-05,6.195157,0.053729,0.009818,7.226392,0.01856,0.003002,8.135552,0.074555,0.012439,"Abiotic"
"379","Potentilla_speciosa",5.639915,0.003621,2.9e-05,6.838745,0.066733,0.023843,7.046622,0.05375,0.00729,9.021112,0.107035,0.030208,"Abiotic"
"380","Potentilla_sterilis",5.643481,0.000843,2e-06,6.668293,0.026312,0.001834,6.84653,0.0219,0.000573,9.050507,0.037049,0.002376,"Abiotic"
"381","Potentilla_stipularis",5.566344,0.00134,4e-06,5.681814,0.043881,0.003628,6.096935,0.034832,0.001109,8.820313,0.053563,0.004597,"Abiotic"
"382","Potentilla_stolonifera",5.622198,0.004097,9e-06,7.026635,0.114052,0.006954,6.618368,0.058685,0.002551,9.635442,0.113479,0.010573,"Abiotic"
"383","Potentilla_subvahliana",5.571671,0.001611,2e-06,5.467357,0.052738,0.001703,6.11351,0.032265,0.000543,8.664063,0.041338,0.00225,"Abiotic"
"384","Potentilla_thurberi",5.655899,0.001968,6e-06,6.353413,0.057614,0.005216,7.58784,0.014918,0.001595,8.001327,0.071019,0.006608,"Abiotic"
"385","Potentilla_thuringiaca",5.626473,0.003491,2.3e-05,6.684529,0.13508,0.018545,6.538799,0.05179,0.00567,9.37061,0.13221,0.023495,"Abiotic"
"386","Potentilla_tollii",5.550048,NA,0.000206,5.278115,NA,0.166901,6.293419,NA,0.051029,8.153637,NA,0.211458,"Abiotic"
"387","Potentilla_uniflora",5.594384,0.001997,2e-06,6.126271,0.062665,0.001875,6.536408,0.034509,0.000587,8.917564,0.063172,0.002431,"Abiotic"
"388","Potentilla_villosula",5.601866,0.001717,2e-06,6.406852,0.068257,0.00149,6.431415,0.02265,0.000505,9.341792,0.068957,0.002115,"Abiotic"
"389","Prinsepia_uniflora",5.646819,0.001501,1.5e-05,6.245099,0.034295,0.011922,7.146205,0.032987,0.003645,8.31521,0.057104,0.015104,"Biotic"
"390","Prunus_alleghaniensis",5.643496,0.001694,4.1e-05,6.938473,0.046459,0.03338,7.018721,0.040887,0.010206,9.133801,0.104284,0.042292,"Biotic"
"391","Prunus_americana",5.644804,0.00079,1e-06,6.638029,0.025659,0.000704,7.168372,0.01403,0.000215,8.680592,0.033564,0.000892,"Biotic"
"392","Prunus_amplifolia",5.690333,0.002915,9e-06,7.634293,0.090723,0.007257,7.217336,0.019407,0.002219,9.630097,0.103477,0.009194,"Biotic"
"393","Prunus_andersonii",5.641633,0.002147,1e-05,5.612072,0.085875,0.008345,7.514011,0.033539,0.002551,7.268003,0.116454,0.010573,"Biotic"
"394","Prunus_annularis",5.67232,0.005888,3.4e-05,7.667989,0.143315,0.027817,7.269298,0.085877,0.008505,9.507949,0.21815,0.035243,"Biotic"
"395","Prunus_brachybotrya",5.675811,0.001848,4e-06,7.227377,0.055294,0.003035,7.417677,0.012628,0.000928,8.947478,0.058255,0.003845,"Biotic"
"396","Prunus_brachypoda",5.658059,0.002265,1.7e-05,6.956116,0.072251,0.013908,7.019878,0.026377,0.004252,9.128093,0.081996,0.017622,"Biotic"
"397","Prunus_brittoniana",5.667447,0.013769,6.9e-05,7.083387,0.267877,0.055634,7.210188,0.039934,0.01701,9.011317,0.224415,0.070486,"Biotic"
"398","Prunus_buergeriana",5.652812,0.002761,9e-06,7.579249,0.052513,0.006954,6.88379,0.147651,0.002126,9.756213,0.090118,0.008811,"Biotic"
"399","Prunus_clarofolia",5.650904,0.003524,1.5e-05,6.917453,0.092319,0.011922,6.982034,0.017808,0.003645,9.152222,0.094723,0.015104,"Biotic"
"400","Prunus_davidiana",5.653313,0.003457,1e-05,6.603558,0.090265,0.007948,7.137383,0.03042,0.00243,8.650906,0.109079,0.010069,"Biotic"
"401","Prunus_debilis",5.691497,0.001744,5e-06,7.786205,0.058942,0.004071,7.187274,0.019294,0.001245,9.765149,0.074327,0.005158,"Biotic"
"402","Prunus_dielsiana",5.669417,0.002806,4.1e-05,7.330887,0.038922,0.03338,7.098871,0.0454,0.010206,9.420772,0.079143,0.042292,"Biotic"
"403","Prunus_fasciculata",5.662174,0.001942,6e-06,5.503163,0.072925,0.004511,7.776284,0.023093,0.001379,6.913378,0.0866,0.005715,"Biotic"
"404","Prunus_geniculata",5.68833,0.000508,0.000103,7.119635,0.000809,0.083451,7.471067,0.004839,0.025514,8.854307,0.001499,0.105729,"Biotic"
"405","Prunus_gracilis",5.666438,0.001883,6e-06,6.556984,0.06257,0.005058,7.539989,0.022011,0.001546,8.229898,0.082054,0.006408,"Biotic"
"406","Prunus_grayana",5.650373,0.002313,7e-06,7.519766,0.038752,0.005961,6.925603,0.038263,0.001822,9.763676,0.062378,0.007552,"Biotic"
"407","Prunus_henryi",5.663017,0.001272,6.9e-05,7.243404,0.075433,0.055634,7.163916,0.023402,0.01701,9.281566,0.11127,0.070486,"Biotic"
"408","Prunus_hortulana",5.656508,0.000777,8e-06,6.950667,0.016869,0.006182,7.244913,0.012976,0.00189,8.931712,0.019927,0.007832,"Biotic"
"409","Prunus_integrifolia",5.667142,0.002029,5e-06,7.291213,0.079281,0.004173,7.176895,0.021392,0.001276,9.269258,0.074159,0.005286,"Biotic"
"410","Prunus_japonica",5.641531,0.006315,2.3e-05,6.928346,0.117934,0.018545,6.957666,0.054992,0.00567,9.151654,0.092704,0.023495,"Biotic"
"411","Prunus_kansuensis",5.644972,0.004672,5.1e-05,6.394507,0.157717,0.041725,6.944267,0.04247,0.012757,8.650912,0.166824,0.052865,"Biotic"
"412","Prunus_leveilleana",5.652479,0.002632,5.1e-05,7.348014,0.160224,0.041725,6.9756,0.033777,0.012757,9.554645,0.138458,0.052865,"Biotic"
"413","Prunus_maackii",5.618812,0.003223,7e-06,6.680959,0.057932,0.005755,6.776381,0.025137,0.001822,9.084641,0.050139,0.007552,"Biotic"
"414","Prunus_mahaleb",5.646891,0.000806,2e-06,6.49673,0.021952,0.001227,6.974077,0.021203,0.000375,8.712523,0.037906,0.001555,"Biotic"
"415","Prunus_maximowiczii",5.633788,0.002,4e-06,7.153093,0.053871,0.003035,6.810605,0.022514,0.000963,9.517849,0.05302,0.00399,"Biotic"
"416","Prunus_mexicana",5.664446,0.001133,2e-06,6.815855,0.037127,0.001897,7.377571,0.015251,0.00058,8.651707,0.050154,0.002403,"Biotic"
"417","Prunus_mira",5.633535,0.001212,3.4e-05,6.401482,0.150866,0.027817,7.149633,0.06111,0.008505,8.545027,0.203113,0.035243,"Biotic"
"418","Prunus_munsoniana",5.655811,0.000798,1.1e-05,6.929378,0.018158,0.008784,7.268704,0.01711,0.002686,8.880659,0.02887,0.011129,"Biotic"
"419","Prunus_nipponica",5.639422,0.004318,1.4e-05,7.462725,0.063406,0.011127,6.673979,0.113788,0.003402,9.967569,0.158646,0.014097,"Biotic"
"420","Prunus_oblonga",5.676583,NA,0.000206,7.435438,NA,0.166901,7.171657,NA,0.051029,9.410666,NA,0.211458,"Biotic"
"421","Prunus_occidentalis",5.686823,0.002409,1.6e-05,7.735521,0.087926,0.012839,7.369779,0.027554,0.004252,9.541401,0.113018,0.017622,"Biotic"
"422","Prunus_oleifolia",5.680342,0.002129,1.6e-05,7.009852,0.093832,0.012839,7.398963,0.015023,0.003925,8.81901,0.112249,0.016266,"Biotic"
"423","Prunus_ovalis",5.669743,0.008969,6.9e-05,7.018797,0.271,0.055634,7.148594,0.071004,0.01701,9.120845,0.268202,0.070486,"Biotic"
"424","Prunus_pedunculata",5.604809,0.002216,3.4e-05,5.787176,0.049843,0.027817,6.76372,0.093069,0.008505,8.226197,0.081965,0.035243,"Biotic"
"425","Prunus_pensylvanica",5.624523,0.000727,1e-06,6.736579,0.016403,0.00052,6.781848,0.011838,0.000162,9.179622,0.022253,0.000671,"Biotic"
"426","Prunus_phaeosticta",5.678529,0.001652,6e-06,7.483288,0.045034,0.005216,7.14423,0.023654,0.001595,9.546484,0.049667,0.006608,"Biotic"
"427","Prunus_pleiocerasus",5.648094,NA,0.000206,6.852243,NA,0.166901,6.728629,NA,0.051029,9.155145,NA,0.211458,"Biotic"
"428","Prunus_prostrata",5.650364,0.001671,9e-06,6.431071,0.061817,0.006954,7.290137,0.020478,0.002126,8.286921,0.07796,0.008811,"Biotic"
"429","Prunus_reflexa",5.679603,0.002258,1.5e-05,7.145742,0.078913,0.011922,7.229026,0.043801,0.003645,9.131713,0.119665,0.015104,"Biotic"
"430","Prunus_rivularis",5.665895,0.002052,8e-06,6.635119,0.05102,0.006419,7.500764,0.025632,0.001963,8.357316,0.076242,0.008133,"Biotic"
"431","Prunus_sargentii",5.64418,0.001494,4e-06,7.285232,0.03857,0.00321,6.888794,0.021228,0.001021,9.582218,0.037522,0.004229,"Biotic"
"432","Prunus_serrula",5.638841,0.003519,1.6e-05,6.689434,0.055848,0.012839,7.059709,0.028533,0.003925,8.752345,0.045828,0.016266,"Biotic"
"433","Prunus_serrulata",5.657331,0.001547,4e-06,6.942672,0.061722,0.003149,7.120586,0.026639,0.000981,9.037362,0.076566,0.004146,"Biotic"
"434","Prunus_skutchii",5.687943,0.004425,3.4e-05,7.559472,0.14399,0.027817,7.438131,0.042399,0.008505,9.27677,0.175314,0.035243,"Biotic"
"435","Prunus_spinosissima",5.660224,0.002225,3.4e-05,5.677327,0.049959,0.027817,7.537237,0.051248,0.008505,7.424789,0.067982,0.035243,"Biotic"
"436","Prunus_spinulosa",5.668235,0.00124,4e-06,7.461481,0.036032,0.003406,7.11252,0.01631,0.001041,9.560279,0.038087,0.004315,"Biotic"
"437","Prunus_stipulacea",5.670763,0.031519,0.000103,6.742122,0.847719,0.083451,7.252452,0.058766,0.025514,8.654913,0.816175,0.105729,"Biotic"
"438","Prunus_subhirtella",5.65342,0.002062,1.1e-05,7.020888,0.115238,0.008784,7.106546,0.045848,0.002686,9.109793,0.136875,0.011129,"Biotic"
"439","Prunus_takesimensis",5.64915,NA,0.000206,7.241366,NA,0.166901,6.931472,NA,0.051029,9.465448,NA,0.211458,"Biotic"
"440","Prunus_tangutica",5.636209,0.004101,0.000103,5.91204,0.708033,0.083451,7.069301,0.208638,0.025514,8.080728,0.830802,0.105729,"Biotic"
"441","Prunus_tomentosa",5.647233,0.001422,9e-06,6.666793,0.112026,0.006954,7.144146,0.043638,0.002126,8.719128,0.142077,0.008811,"Biotic"
"442","Prunus_tucumanensis",5.670502,0.002701,2.6e-05,6.545661,0.044059,0.020863,7.392881,0.0081,0.006379,8.378037,0.042751,0.026432,"Biotic"
"443","Prunus_umbellata",5.663741,0.002108,3e-06,7.083625,0.026989,0.002829,7.242248,0.023088,0.000865,9.059972,0.015376,0.003584,"Biotic"
"444","Prunus_undulata",5.665028,0.004339,1e-05,7.165417,0.080434,0.007948,7.065575,0.053165,0.00243,9.33366,0.05588,0.010069,"Biotic"
"445","Prunus_ussuriensis",5.629811,0.003225,3.4e-05,6.58973,0.079379,0.027817,7.013283,0.036433,0.008505,8.750288,0.093157,0.035243,"Biotic"
"446","Prunus_webbii",5.663099,0.003756,3.4e-05,6.651852,0.08905,0.027817,7.360668,0.048526,0.008505,8.371451,0.111565,0.035243,"Biotic"
"447","Prunus_zippeliana",5.676757,0.001796,6e-06,7.600808,0.051493,0.005216,7.209937,0.01519,0.001646,9.599449,0.042565,0.006821,"Biotic"
"448","Pseudocydonia_sinensis",5.658431,0.001123,2.1e-05,7.109837,0.092095,0.01669,7.087016,0.012659,0.005103,9.296231,0.079623,0.021146,"Biotic"
"449","Pygeum_topengii",5.681537,0.001353,7e-06,7.344956,0.02816,0.005961,7.187504,0.014853,0.001822,9.384611,0.029407,0.007552,"Biotic"
"450","Pyracantha_angustifolia",5.66016,0.00096,2e-06,6.929012,0.044777,0.001941,7.208114,0.020046,0.000622,8.895281,0.059945,0.002579,"Biotic"
"451","Pyracantha_coccinea",5.654677,0.001115,2e-06,6.672054,0.045642,0.001255,7.12205,0.024336,0.000405,8.75998,0.059697,0.001678,"Biotic"
"452","Pyrus_elaeagnifolia",5.64458,0.003353,2.9e-05,6.350215,0.074702,0.023843,7.104914,0.040232,0.00729,8.439231,0.099369,0.030208,"Biotic"
"453","Pyrus_hopeiensis",5.647019,0.004127,6.9e-05,6.293148,0.082888,0.055634,7.282177,0.018853,0.01701,8.202648,0.092261,0.070486,"Biotic"
"454","Pyrus_korshinskyi",5.64031,NA,0.000206,6.226537,NA,0.166901,7.190676,NA,0.051029,8.531096,NA,0.211458,"Biotic"
"455","Pyrus_pashia",5.664733,0.002121,4e-06,7.007898,0.036064,0.00298,7.117297,0.01699,0.000911,9.078238,0.035374,0.003776,"Biotic"
"456","Pyrus_phaeocarpa",5.65508,0.003993,2.1e-05,6.698317,0.133065,0.01669,7.160683,0.035074,0.005103,8.750001,0.156895,0.021146,"Biotic"
"457","Pyrus_pseudopashia",5.663662,0.003723,4.1e-05,7.100663,0.05835,0.03338,7.069692,0.027594,0.010206,9.157395,0.118241,0.042292,"Biotic"
"458","Pyrus_salicifolia",5.651717,0.002761,2.6e-05,6.19414,0.090429,0.020863,7.096576,0.018412,0.006379,8.337592,0.076868,0.026432,"Biotic"
"459","Pyrus_sinkiangensis",5.647011,0.004447,2.6e-05,5.539232,0.421706,0.020863,7.218816,0.081755,0.006379,7.537081,0.504577,0.026432,"Biotic"
"460","Pyrus_spinosa",5.660876,0.001264,4e-06,6.604849,0.040744,0.003406,7.24474,0.019622,0.001063,8.552269,0.051242,0.004405,"Biotic"
"461","Pyrus_syriaca",5.656025,0.005068,2.3e-05,6.300364,0.159212,0.018545,7.437454,0.05579,0.00567,8.063865,0.169561,0.023495,"Biotic"
"462","Rhodotypos_scandens",5.651313,0.000997,3e-06,6.94613,0.027172,0.002318,7.092176,0.015505,0.000719,9.079269,0.034454,0.002978,"Biotic"
"463","Rosa_abietina",5.628276,0.002088,6.9e-05,7.0666,0.043218,0.055634,6.744045,0.05649,0.01701,9.642121,0.08076,0.070486,"Biotic"
"464","Rosa_abyssinica",5.663883,0.002684,4.1e-05,6.960206,0.086217,0.03338,7.436063,0.029276,0.010206,8.714387,0.116403,0.042292,"Biotic"
"465","Rosa_agrestis",5.64932,0.001118,2e-06,6.57064,0.028518,0.00159,7.088946,0.020838,0.000491,8.683108,0.04818,0.002033,"Biotic"
"466","Rosa_banksiae",5.665904,0.003659,2.6e-05,6.658298,0.193722,0.020863,7.359258,0.110829,0.00729,8.40483,0.318857,0.030208,"Biotic"
"467","Rosa_bella",5.642571,0.002277,9e-06,6.248129,0.037466,0.006954,7.229407,0.018654,0.002126,8.206878,0.048827,0.008811,"Biotic"
"468","Rosa_brunonii",5.650534,0.004812,1.1e-05,6.815036,0.094068,0.008784,7.08243,0.052267,0.002686,8.906397,0.097369,0.011129,"Biotic"
"469","Rosa_caesia",5.628829,0.000811,1.3e-05,6.573239,0.060904,0.010431,6.556139,0.01572,0.003925,9.226073,0.046577,0.016266,"Biotic"
"470","Rosa_californica",5.653243,0.002044,5e-06,6.345741,0.078382,0.003709,7.415904,0.027364,0.00116,8.127717,0.102189,0.004806,"Biotic"
"471","Rosa_carolina",5.636609,0.001125,3e-06,7.034004,0.013021,0.002061,6.87158,0.023597,0.000709,9.378127,0.031739,0.002937,"Biotic"
"472","Rosa_caudata",5.656416,0.002593,2.1e-05,6.898676,0.074761,0.01669,6.996239,0.030967,0.005103,9.079215,0.084483,0.021146,"Biotic"
"473","Rosa_cymosa",5.67221,0.000871,2e-06,7.189697,0.022149,0.001517,7.102937,0.009156,0.000468,9.310712,0.019387,0.00194,"Biotic"
"474","Rosa_davidii",5.649518,0.002581,7e-06,6.660487,0.055884,0.005755,6.963068,0.02338,0.00176,8.887898,0.058128,0.007292,"Biotic"
"475","Rosa_davurica",5.617916,0.001861,2e-06,6.412743,0.035998,0.00159,6.876419,0.022467,0.000486,8.717443,0.044042,0.002014,"Biotic"
"476","Rosa_ecae",5.631635,0.004461,2.6e-05,6.293651,0.162754,0.020863,7.312689,0.02989,0.006379,7.971047,0.153701,0.026432,"Biotic"
"477","Rosa_foliolosa",5.670486,0.001839,2.1e-05,6.868355,0.045394,0.01669,7.44685,0.023919,0.005103,8.644005,0.068635,0.021146,"Biotic"
"478","Rosa_gallica",5.644753,0.001064,2e-06,6.518278,0.022493,0.00149,6.919646,0.024974,0.000472,8.80281,0.039967,0.001958,"Biotic"
"479","Rosa_glauca",5.629827,0.00065,2e-06,6.583321,0.028643,0.001236,6.580083,0.009502,0.000412,9.22086,0.033536,0.001719,"Biotic"
"480","Rosa_helenae",5.655971,0.001785,4e-06,6.936746,0.03552,0.003273,7.002654,0.019565,0.001001,9.105243,0.03609,0.004146,"Biotic"
"481","Rosa_henryi",5.67098,0.000844,2e-06,7.226435,0.024316,0.001814,7.109829,0.008841,0.000555,9.341412,0.020322,0.002298,"Biotic"
"482","Rosa_hirtula",5.658959,NA,0.000206,7.323171,NA,0.166901,7.096721,NA,0.051029,9.405907,NA,0.211458,"Biotic"
"483","Rosa_laevigata",5.674668,0.000796,2e-06,7.271978,0.020052,0.001451,7.125485,0.009195,0.000444,9.369816,0.017699,0.001839,"Biotic"
"484","Rosa_laxa",5.637742,0.002915,1.6e-05,5.273712,0.137627,0.012839,7.244928,0.03429,0.003925,7.234368,0.162766,0.016266,"Biotic"
"485","Rosa_lichiangensis",5.663586,0.003261,6.9e-05,6.907568,0.013683,0.055634,7.14039,0.024368,0.01701,8.829855,0.066635,0.070486,"Biotic"
"486","Rosa_longicuspis",5.662288,0.001936,5e-06,6.986966,0.032396,0.003709,7.095902,0.021095,0.001134,9.053694,0.039567,0.004699,"Biotic"
"487","Rosa_macrophylla",5.638561,0.003211,6e-06,6.468375,0.115434,0.005216,7.099465,0.02434,0.001595,8.604298,0.12048,0.006608,"Biotic"
"488","Rosa_marginata",5.63995,0.000871,1.6e-05,6.471466,0.057194,0.012839,6.789128,0.022801,0.003925,8.915845,0.077299,0.016266,"Biotic"
"489","Rosa_maximowicziana",5.638035,0.002424,9e-06,6.812056,0.063729,0.007257,6.931453,0.028334,0.002319,9.066606,0.061931,0.009612,"Biotic"
"490","Rosa_micrantha",5.652558,0.001182,4e-06,6.518965,0.040942,0.002928,7.190271,0.022308,0.000895,8.54884,0.067763,0.00371,"Biotic"
"491","Rosa_moyesii",5.645053,0.002121,4e-06,6.921389,0.054944,0.003273,6.846899,0.032653,0.001041,9.230237,0.07333,0.004315,"Biotic"
"492","Rosa_multibracteata",5.628626,0.006574,2.3e-05,6.79822,0.044672,0.018545,6.747803,0.080467,0.00567,9.123601,0.075878,0.023495,"Biotic"
"493","Rosa_nipponensis",5.634204,0.004994,4.1e-05,7.445795,0.07598,0.03338,6.617232,0.155045,0.010206,10.008841,0.242966,0.042292,"Biotic"
"494","Rosa_nitida",5.624117,0.001337,3e-06,6.974422,0.022296,0.002491,6.675076,0.01971,0.000823,9.562906,0.029839,0.003411,"Biotic"
"495","Rosa_obtusifolia",5.646933,0.002158,1.4e-05,6.715043,0.064649,0.011127,6.974359,0.049848,0.003402,8.976276,0.102596,0.014097,"Biotic"
"496","Rosa_odorata",5.669402,0.002639,5e-06,7.065819,0.044588,0.003709,7.169242,0.025067,0.001134,9.075865,0.043708,0.004699,"Biotic"
"497","Rosa_omeiensis",5.643966,0.002089,3e-06,6.643087,0.037812,0.002318,7.032553,0.015618,0.000709,8.791684,0.038087,0.002937,"Biotic"
"498","Rosa_persetosa",5.6508,0.004427,2.9e-05,6.802334,0.049934,0.023843,6.997672,0.043726,0.00729,8.96913,0.096354,0.030208,"Biotic"
"499","Rosa_phoenicia",5.682389,NA,0.000206,6.280396,NA,0.166901,7.504392,NA,0.051029,8.039157,NA,0.211458,"Biotic"
"500","Rosa_platyacantha",5.636908,0.002358,1.1e-05,5.081026,0.181673,0.008784,7.293922,0.038554,0.002686,7.02604,0.197097,0.011129,"Biotic"
"501","Rosa_praelucens",5.635322,0.002499,0.000103,6.76179,0.064755,0.083451,7.094336,0.038161,0.025514,8.79185,0.074168,0.105729,"Biotic"
"502","Rosa_primula",5.647392,0.003966,2.9e-05,6.50522,0.146307,0.023843,7.144797,0.047565,0.00729,8.56529,0.173934,0.030208,"Biotic"
"503","Rosa_roxburghii",5.664764,0.001178,3e-06,7.037392,0.031195,0.002782,7.03338,0.014232,0.00085,9.203514,0.032045,0.003524,"Biotic"
"504","Rosa_rubus",5.667577,0.001089,2e-06,7.070817,0.027599,0.001854,7.048465,0.012496,0.000567,9.235377,0.023665,0.00235,"Biotic"
"505","Rosa_sambucina",5.658421,0.001452,1.3e-05,7.554272,0.051358,0.010431,7.060221,0.027849,0.003189,9.703294,0.060147,0.013216,"Biotic"
"506","Rosa_sempervirens",5.661837,0.000809,2e-06,6.601926,0.032219,0.001875,7.217042,0.018067,0.000587,8.572412,0.050482,0.002431,"Biotic"
"507","Rosa_sericea",5.64614,0.002565,4e-06,6.709107,0.060221,0.002928,7.071123,0.018527,0.000895,8.835629,0.057642,0.00371,"Biotic"
"508","Rosa_sertata",5.652354,0.002259,4e-06,6.721527,0.048686,0.00321,7.006794,0.047782,0.000981,8.907235,0.072282,0.004067,"Biotic"
"509","Rosa_setigera",5.653242,0.001107,3e-06,6.942322,0.015682,0.00214,7.175498,0.016399,0.000663,8.985104,0.017579,0.002746,"Biotic"
"510","Rosa_sherardii",5.635105,0.000601,3e-06,6.574146,0.037744,0.002568,6.592918,0.008013,0.00081,9.20696,0.039359,0.003356,"Biotic"
"511","Rosa_sikangensis",5.640488,0.003085,1.9e-05,6.560127,0.087673,0.015173,7.128293,0.030914,0.004639,8.641662,0.127777,0.019223,"Biotic"
"512","Rosa_stellata",5.644533,0.007781,0.000103,6.19236,0.221099,0.083451,7.593009,0.068988,0.025514,7.929594,0.181134,0.105729,"Biotic"
"513","Rosa_subcollina",5.629776,0.000613,5.1e-05,6.423108,0.04144,0.041725,6.587387,0.012741,0.01701,9.09931,0.01989,0.070486,"Biotic"
"514","Rosa_transmorrisonensis",5.647741,NA,0.000206,8.02715,NA,0.166901,6.60123,NA,0.051029,10.733327,NA,0.211458,"Biotic"
"515","Rosa_villosa",5.632165,0.000856,2e-06,6.730185,0.033816,0.001357,6.640032,0.016064,0.000425,9.318963,0.041361,0.001762,"Biotic"
"516","Rosa_weisiensis",5.661397,NA,0.000206,6.906755,NA,0.166901,7.198931,NA,0.051029,8.715224,NA,0.211458,"Biotic"
"517","Rosa_willmottiae",5.63256,0.002633,1.4e-05,6.35336,0.152267,0.011127,7.045917,0.047329,0.003402,8.495107,0.151053,0.014097,"Biotic"
"518","Rosa_zhongdianensis",5.637821,NA,0.000206,6.697034,NA,0.166901,7.056175,NA,0.051029,8.717682,NA,0.211458,"Biotic"
"519","Rubus_alexeterius",5.6509,0.007131,3.4e-05,6.731542,0.144088,0.027817,7.11804,0.017847,0.008505,8.772681,0.106576,0.035243,"Biotic"
"520","Rubus_allegheniensis",5.639112,0.000835,1e-06,6.877965,0.014118,0.000932,6.96675,0.013144,0.000288,9.13559,0.017509,0.001195,"Biotic"
"521","Rubus_alpinus",5.661507,0.00504,3.4e-05,7.34561,0.14811,0.027817,7.166577,0.040071,0.008505,9.446607,0.166988,0.035243,"Biotic"
"522","Rubus_amabilis",5.643409,0.003448,9e-06,6.788234,0.076054,0.007586,6.889944,0.042372,0.002319,9.02859,0.080582,0.009612,"Biotic"
"523","Rubus_amphidasys",5.669865,0.000945,6e-06,7.284368,0.035927,0.004636,7.073549,0.01418,0.001417,9.417476,0.027007,0.005874,"Biotic"
"524","Rubus_arcticus",5.599382,0.000935,1e-06,6.20365,0.032518,0.000826,6.49389,0.013857,0.000259,8.941616,0.032261,0.001073,"Biotic"
"525","Rubus_argutus",5.661933,0.001482,2e-06,7.106739,0.018176,0.001897,7.235075,0.016938,0.000587,9.09359,0.020314,0.002431,"Biotic"
"526","Rubus_arizonensis",5.670459,0.002706,2.6e-05,6.146464,0.056416,0.020863,7.780266,0.022535,0.006379,7.574162,0.077257,0.026432,"Biotic"
"527","Rubus_assamensis",5.665949,0.002411,9e-06,7.099593,0.047544,0.007257,7.038482,0.028968,0.002219,9.243913,0.040927,0.009194,"Biotic"
"528","Rubus_biflorus",5.649721,0.002748,7e-06,6.885207,0.066803,0.005563,7.053639,0.022561,0.001701,8.972748,0.071955,0.007049,"Biotic"
"529","Rubus_bifrons",5.648077,0.001307,3e-06,6.80638,0.061684,0.002318,7.024421,0.028703,0.000719,8.980665,0.073524,0.002978,"Biotic"
"530","Rubus_buergeri",5.662821,0.00077,5e-06,7.560381,0.041088,0.003793,7.098943,0.01128,0.001187,9.624927,0.039781,0.004918,"Biotic"
"531","Rubus_calycinus",5.656335,0.008063,6.9e-05,7.179248,0.100207,0.055634,7.065592,0.048265,0.01701,9.294131,0.04043,0.070486,"Biotic"
"532","Rubus_canadensis",5.632128,0.000873,2e-06,6.950717,0.017146,0.001575,6.832741,0.014092,0.000491,9.355888,0.022601,0.002033,"Biotic"
"533","Rubus_canescens",5.647499,0.001192,3e-06,6.613973,0.028548,0.002035,7.041607,0.02035,0.00063,8.760462,0.043644,0.002611,"Biotic"
"534","Rubus_caudifolius",5.667771,0.001396,4.1e-05,7.192425,0.05828,0.03338,7.007416,0.01356,0.010206,9.417035,0.074386,0.042292,"Biotic"
"535","Rubus_chingii",5.670059,0.001015,1e-05,7.298789,0.040496,0.007948,7.125297,0.016364,0.00243,9.389879,0.03571,0.010069,"Biotic"
"536","Rubus_cochinchinensis",5.680382,0.004026,8e-06,7.358273,0.065678,0.006676,7.190526,0.049822,0.002041,9.352024,0.046029,0.008458,"Biotic"
"537","Rubus_corchorifolius",5.667797,0.000875,1e-06,7.20526,0.026305,0.001209,7.089341,0.009536,0.00037,9.334973,0.023581,0.001532,"Biotic"
"538","Rubus_coreanus",5.662969,0.001059,3e-06,7.096718,0.034164,0.002318,7.056942,0.011671,0.000709,9.262501,0.035075,0.002937,"Biotic"
"539","Rubus_crataegifolius",5.646367,0.001448,3e-06,7.286194,0.041875,0.00214,6.941841,0.01881,0.000663,9.524546,0.043665,0.002746,"Biotic"
"540","Rubus_croceacanthus",5.675066,0.00282,1.3e-05,7.72974,0.035834,0.010431,7.196152,0.039623,0.003925,9.718844,0.065906,0.016266,"Biotic"
"541","Rubus_deliciosus",5.631469,0.003223,2.3e-05,5.985506,0.063377,0.018545,7.335106,0.040565,0.00567,7.831947,0.070022,0.023495,"Biotic"
"542","Rubus_eustephanos",5.664235,0.00214,4.1e-05,7.145436,0.058377,0.03338,7.012829,0.025183,0.010206,9.368694,0.061319,0.042292,"Biotic"
"543","Rubus_faberi",5.677768,0.003519,2.9e-05,7.171146,0.068602,0.023843,7.104248,0.033414,0.00729,9.308823,0.045999,0.030208,"Biotic"
"544","Rubus_fockeanus",5.652341,0.003334,9e-06,6.830093,0.039902,0.007586,7.058012,0.033054,0.002319,8.940056,0.049468,0.009612,"Biotic"
"545","Rubus_glabratus",5.643321,0.004981,3.4e-05,7.076932,0.07635,0.027817,6.877356,0.06784,0.008505,9.353831,0.072084,0.035243,"Biotic"
"546","Rubus_glaucus",5.662972,0.002827,7e-06,7.516447,0.072617,0.005563,7.118449,0.032982,0.001701,9.539518,0.059678,0.007049,"Biotic"
"547","Rubus_gunnianus",5.635817,0.002016,4.1e-05,7.284357,0.111264,0.03338,6.803436,0.028527,0.010206,9.700084,0.109495,0.042292,"Biotic"
"548","Rubus_hawaiensis",5.661274,0.01565,0.000103,7.616074,0.70632,0.083451,7.222662,0.116876,0.025514,9.869563,0.771495,0.105729,"Biotic"
"549","Rubus_humulifolius",5.598016,0.0021,4e-06,6.326294,0.025296,0.002928,6.463105,0.019705,0.000895,9.061978,0.030564,0.00371,"Biotic"
"550","Rubus_hunanensis",5.669612,0.001181,1e-05,7.301358,0.024741,0.007948,7.076998,0.01801,0.00243,9.420537,0.023071,0.010069,"Biotic"
"551","Rubus_ichangensis",5.663732,0.001093,7e-06,7.068287,0.036302,0.005384,7.005249,0.014812,0.001646,9.273066,0.036127,0.006821,"Biotic"
"552","Rubus_idaeopsis",5.664171,0.002025,1e-05,7.027266,0.058779,0.008345,7.071088,0.016933,0.002551,9.203524,0.055816,0.010573,"Biotic"
"553","Rubus_illecebrosus",5.648042,0.002001,1.4e-05,7.546479,0.036888,0.011127,6.933164,0.036465,0.003402,9.773647,0.058182,0.014097,"Biotic"
"554","Rubus_innominatus",5.669994,0.001133,4e-06,7.197,0.029573,0.003338,7.079375,0.011627,0.001021,9.342579,0.02479,0.004229,"Biotic"
"555","Rubus_irenaeus",5.6701,0.000972,5e-06,7.248594,0.022873,0.003974,7.067895,0.012907,0.001215,9.396325,0.016025,0.005035,"Biotic"
"556","Rubus_lambertianus",5.672267,0.000819,2e-06,7.265334,0.024035,0.001897,7.115261,0.008269,0.00058,9.367113,0.021023,0.002403,"Biotic"
"557","Rubus_lasiococcus",5.625962,0.001486,1.3e-05,7.322283,0.097219,0.010431,6.897294,0.037447,0.003189,9.724992,0.095106,0.013216,"Biotic"
"558","Rubus_lasiostylus",5.656771,0.002748,9e-06,6.930157,0.052884,0.007586,6.977157,0.033616,0.002319,9.169057,0.062305,0.009612,"Biotic"
"559","Rubus_leucodermis",5.641555,0.00122,3e-06,6.799336,0.065218,0.002454,7.181529,0.029608,0.000762,8.834701,0.088376,0.003156,"Biotic"
"560","Rubus_mesogaeus",5.652306,0.001603,2e-06,7.062504,0.040699,0.002011,6.953402,0.019542,0.000615,9.307025,0.050375,0.002548,"Biotic"
"561","Rubus_moorei",5.667637,NA,0.000206,7.539559,NA,0.166901,7.319865,NA,0.051029,9.396903,NA,0.211458,"Biotic"
"562","Rubus_neomexicanus",5.647192,0.002377,1.3e-05,6.18467,0.140199,0.010431,7.559732,0.023413,0.003189,7.904542,0.136485,0.013216,"Biotic"
"563","Rubus_nessensis",5.634896,0.000486,2e-06,6.641623,0.038663,0.001545,6.622419,0.008194,0.000495,9.215225,0.042348,0.002053,"Biotic"
"564","Rubus_nivalis",5.637042,0.00259,1.9e-05,7.477055,0.087537,0.015173,6.778639,0.035829,0.005103,9.991473,0.116895,0.021146,"Biotic"
"565","Rubus_odoratus",5.636655,0.000725,1e-06,6.80641,0.023108,0.001175,6.83252,0.016393,0.000359,9.202853,0.01982,0.001489,"Biotic"
"566","Rubus_palmatus",5.653956,0.001764,9e-06,7.509721,0.04629,0.007257,7.020243,0.025676,0.002319,9.667602,0.041185,0.009612,"Biotic"
"567","Rubus_parkeri",5.66398,0.002684,1.5e-05,7.03206,0.044385,0.011922,6.92794,0.043611,0.003645,9.299366,0.039901,0.015104,"Biotic"
"568","Rubus_parvus",5.640025,0.002544,1.6e-05,7.786626,0.155686,0.012839,6.979988,0.013555,0.003925,10.068031,0.10814,0.016266,"Biotic"
"569","Rubus_pectinarioides",5.664831,0.008664,0.000103,7.413137,0.260086,0.083451,7.148915,0.044771,0.025514,9.413965,0.004528,0.105729,"Biotic"
"570","Rubus_pectinellus",5.648221,0.001641,6e-06,7.583748,0.030751,0.005058,6.907879,0.023224,0.001546,9.849102,0.038416,0.006408,"Biotic"
"571","Rubus_pedatus",5.62852,NA,0.000206,6.687109,NA,0.166901,6.911747,NA,0.051029,9.018574,NA,0.211458,"Biotic"
"572","Rubus_pedemontanus",5.637916,0.000426,3e-06,6.491088,0.018473,0.002384,6.66495,0.007936,0.000762,9.079967,0.02285,0.003156,"Biotic"
"573","Rubus_pensilvanicus",5.647679,0.001529,2e-06,6.991828,0.01504,0.001941,7.061675,0.022784,0.000607,9.152433,0.024259,0.002517,"Biotic"
"574","Rubus_phoenicolasius",5.650268,0.000774,2e-06,7.115886,0.024654,0.001294,7.037059,0.01255,0.000396,9.279937,0.028611,0.001639,"Biotic"
"575","Rubus_pinnatisepalus",5.667626,0.003847,1.9e-05,7.332775,0.088997,0.015173,7.039177,0.072652,0.004639,9.435097,0.098721,0.019223,"Biotic"
"576","Rubus_pirifolius",5.6844,0.001956,4e-06,7.506492,0.069526,0.003551,7.223925,0.017213,0.001086,9.501596,0.074749,0.004499,"Biotic"
"577","Rubus_pungens",5.650362,0.003819,1.4e-05,7.159701,0.090675,0.011127,6.966292,0.059749,0.003402,9.31826,0.116888,0.014097,"Biotic"
"578","Rubus_ribisoideus",5.667948,0.001225,1.5e-05,7.701454,0.057538,0.011922,7.156375,0.026415,0.004252,9.668472,0.07038,0.017622,"Biotic"
"579","Rubus_rufus",5.667447,0.001415,8e-06,7.133659,0.04003,0.006676,7.048555,0.01824,0.002041,9.292838,0.051378,0.008458,"Biotic"
"580","Rubus_sapidus",5.675502,0.001771,8e-06,7.255139,0.076245,0.006419,7.408815,0.018404,0.001963,8.953653,0.087476,0.008133,"Biotic"
"581","Rubus_setchuenensis",5.663813,0.001712,4e-06,7.031694,0.024673,0.003551,7.005751,0.019195,0.001086,9.223747,0.030222,0.004499,"Biotic"
"582","Rubus_setosus",5.632301,0.001461,6e-06,6.98146,0.018455,0.005058,6.84591,0.024439,0.001546,9.395998,0.031942,0.006408,"Biotic"
"583","Rubus_spectabilis",5.637114,0.00178,4e-06,7.161077,0.07929,0.003149,6.844118,0.026942,0.001021,9.598519,0.086207,0.004229,"Biotic"
"584","Rubus_stans",5.642254,0.005318,1.7e-05,6.78739,0.048904,0.013908,6.989522,0.066279,0.004252,8.935245,0.091673,0.017622,"Biotic"
"585","Rubus_subinopertus",5.667509,0.003622,2.1e-05,7.069442,0.091615,0.01669,7.118314,0.038737,0.005103,9.177577,0.097676,0.021146,"Biotic"
"586","Rubus_subtibetanus",5.65075,0.005962,2.1e-05,6.868076,0.070381,0.01669,6.944884,0.074944,0.005103,9.039432,0.089255,0.021146,"Biotic"
"587","Rubus_sulcatus",5.635591,0.000593,1.7e-05,6.336556,0.029721,0.013908,6.597346,0.007717,0.004639,9.019305,0.031012,0.019223,"Biotic"
"588","Rubus_sumatranus",5.671936,0.001136,2e-06,7.330942,0.021981,0.001652,7.131689,0.010226,0.000505,9.410942,0.020252,0.002094,"Biotic"
"589","Rubus_tephrodes",5.670227,0.001398,6e-06,7.264937,0.030317,0.004769,7.069014,0.025348,0.001458,9.412327,0.036616,0.006042,"Biotic"
"590","Rubus_tricolor",5.660206,0.004154,2.1e-05,6.89897,0.030024,0.01669,7.04113,0.051069,0.005103,9.06263,0.084213,0.021146,"Biotic"
"591","Rubus_trifidus",5.66313,0.001648,5.1e-05,7.329168,0.030366,0.041725,7.150282,0.020313,0.012757,9.410921,0.031566,0.052865,"Biotic"
"592","Rubus_trilobus",5.659883,0.002757,1.3e-05,7.115568,0.090546,0.010431,7.339788,0.026406,0.003189,8.873836,0.111144,0.013216,"Biotic"
"593","Rubus_trivialis",5.672827,0.001121,2e-06,7.038264,0.029321,0.002011,7.372059,0.012292,0.000622,8.889791,0.038526,0.002579,"Biotic"
"594","Rubus_tsangii",5.673133,0.001752,1.6e-05,7.208224,0.056946,0.012839,7.109984,0.032342,0.003925,9.304474,0.059591,0.016266,"Biotic"
"595","Rubus_ulmifolius",5.657876,0.000922,2e-06,6.506021,0.028304,0.001227,7.192918,0.019587,0.000384,8.53079,0.04705,0.00159,"Biotic"
"596","Rubus_ursinus",5.649883,0.001421,3e-06,6.842192,0.075211,0.002351,7.171949,0.033632,0.00075,8.863979,0.103678,0.00311,"Biotic"
"597","Rubus_urticifolius",5.679087,0.000986,2e-06,7.42753,0.037831,0.001368,7.24549,0.013346,0.000422,9.349926,0.037217,0.001748,"Biotic"
"598","Rubus_vigorosus",5.640099,0.001871,2.3e-05,6.47989,0.059143,0.018545,6.697321,0.035106,0.00567,9.033562,0.061119,0.023495,"Biotic"
"599","Rubus_wallichianus",5.666958,0.00489,1.7e-05,7.25965,0.086932,0.013908,7.098623,0.075715,0.004252,9.340788,0.10287,0.017622,"Biotic"
"600","Rubus_yiwuanus",5.636752,NA,0.000206,7.292337,NA,0.166901,6.410175,NA,0.051029,9.643031,NA,0.211458,"Biotic"
"601","Sanguisorba_albiflora",5.63847,0.005015,3.4e-05,7.438596,0.074348,0.027817,6.680874,0.104857,0.008505,9.932723,0.154847,0.035243,"Abiotic"
"602","Sanguisorba_canadensis",5.613688,0.00118,2e-06,6.695044,0.054081,0.001255,6.49868,0.021397,0.000415,9.423692,0.055976,0.001733,"Abiotic"
"603","Sanguisorba_hakusanensis",5.636997,0.002306,1.5e-05,7.449441,0.051187,0.011922,6.760422,0.05068,0.003645,9.857793,0.082133,0.015104,"Abiotic"
"604","Sanguisorba_officinalis",5.627445,0.000912,0,6.515637,0.020395,0.000219,6.769687,0.01164,6.9e-05,8.959401,0.021435,0.000284,"Abiotic"
"605","Sarcopoterium_spinosum",5.669674,0.001295,8e-06,6.543832,0.056229,0.006419,7.40225,0.024164,0.002686,8.269219,0.061379,0.011129,"Abiotic"
"606","Sibbaldia_parviflora",5.618239,0.002561,1.4e-05,6.630633,0.075841,0.011127,6.754303,0.067119,0.003402,9.256035,0.149562,0.014097,"Abiotic"
"607","Sibbaldia_procumbens",5.606333,0.000729,0,6.538579,0.023128,0.000301,6.513137,0.015599,9.4e-05,9.295415,0.027523,0.000389,"Abiotic"
"608","Sibiraea_laevigata",5.618597,0.003846,1.6e-05,6.193652,0.079895,0.012839,6.91528,0.057367,0.003925,8.496796,0.125669,0.016266,"Abiotic"
"609","Sorbaria_arborea",5.648729,0.002732,5e-06,6.723149,0.050136,0.00428,7.011985,0.026472,0.001308,8.897942,0.056277,0.005422,"Abiotic"
"610","Sorbus_californica",5.631902,0.00187,1.3e-05,6.874232,0.107604,0.010431,7.228799,0.029182,0.003189,8.918975,0.135309,0.013216,"Biotic"
"611","Sorbus_commixta",5.641053,0.002091,4e-06,7.408228,0.047964,0.003406,6.847773,0.028845,0.001041,9.736952,0.057164,0.004315,"Biotic"
"612","Sorbus_decora",5.617786,0.000909,1e-06,6.726177,0.017161,0.000874,6.664143,0.013101,0.000276,9.288777,0.021238,0.001143,"Biotic"
"613","Sorbus_dunnii",5.672935,0.001715,1.7e-05,7.386724,0.037667,0.013908,7.129573,0.018814,0.004252,9.445624,0.029016,0.017622,"Biotic"
"614","Sorbus_glomerulata",5.654069,0.004783,1.5e-05,6.911588,0.05438,0.011922,7.048674,0.044084,0.003645,9.017996,0.058317,0.015104,"Biotic"
"615","Sorbus_intermedia",5.640303,0.002101,5.1e-05,6.782216,0.171806,0.041725,6.711595,0.059888,0.012757,9.383765,0.253302,0.052865,"Biotic"
"616","Sorbus_koehneana",5.640179,0.002268,3e-06,6.6507,0.045421,0.002829,6.971298,0.019621,0.000865,8.844375,0.05043,0.003584,"Biotic"
"617","Sorbus_prattii",5.642383,0.002523,5e-06,6.720763,0.044313,0.003793,6.977977,0.023762,0.00116,8.917377,0.053527,0.004806,"Biotic"
"618","Sorbus_randaiensis",5.639955,NA,0.000206,8.100161,NA,0.166901,6.692084,NA,0.051029,10.602468,NA,0.211458,"Biotic"
"619","Sorbus_scopulina",5.622835,0.001063,1e-06,6.487235,0.043595,0.001143,6.951007,0.025534,0.000354,8.751048,0.057667,0.001468,"Biotic"
"620","Sorbus_tianschanica",5.623941,0.002926,7e-06,5.407604,0.156942,0.005563,7.131967,0.037317,0.001701,7.502908,0.176615,0.007049,"Biotic"
"621","Sorbus_tsinlingensis",5.659162,0.017078,0.000103,7.043911,0.343179,0.083451,6.957895,0.09828,0.025514,9.257647,0.301941,0.105729,"Biotic"
"622","Sorbus_vilmorinii",5.643458,0.003799,1.5e-05,6.882006,0.055172,0.011922,6.995867,0.043619,0.003645,9.02295,0.074991,0.015104,"Biotic"
"623","Sorbus_yuana",5.658115,0.006302,5.1e-05,7.047717,0.046766,0.041725,6.980267,0.081302,0.012757,9.308766,0.102461,0.052865,"Biotic"
"624","Spiraea_alba",5.629299,0.000752,1e-06,6.684803,0.018414,0.000723,6.857072,0.01099,0.000224,9.051024,0.019996,0.000927,"Abiotic"
"625","Spiraea_blumei",5.657158,0.001352,3e-06,6.937868,0.062427,0.002649,7.093769,0.016742,0.000823,9.040794,0.070943,0.003411,"Abiotic"
"626","Spiraea_canescens",5.630356,0.003019,8e-06,6.400188,0.111436,0.006182,7.099523,0.033275,0.00189,8.576474,0.112644,0.007832,"Abiotic"
"627","Spiraea_cantoniensis",5.660011,0.00207,2e-06,6.993341,0.055261,0.00156,7.128859,0.024626,0.000486,9.069743,0.057882,0.002014,"Abiotic"
"628","Spiraea_chamaedryfolia",5.635841,0.014082,6.9e-05,6.452939,0.270325,0.055634,6.777394,0.077614,0.01701,8.940679,0.298243,0.070486,"Abiotic"
"629","Spiraea_chinensis",5.664162,0.001225,2e-06,7.189981,0.034631,0.001652,7.086285,0.010028,0.000505,9.303998,0.036199,0.002094,"Abiotic"
"630","Spiraea_crenata",5.628642,0.000775,3e-06,6.196713,0.020039,0.002113,6.865434,0.012881,0.000646,8.532279,0.028983,0.002677,"Abiotic"
"631","Spiraea_dahurica",5.595215,0.006775,3.4e-05,6.117494,0.171874,0.027817,6.655536,0.081772,0.008505,8.646596,0.12089,0.035243,"Abiotic"
"632","Spiraea_decumbens",5.650982,0.006631,6.9e-05,6.782593,0.246515,0.055634,7.10053,0.16924,0.01701,8.807,0.506125,0.070486,"Abiotic"
"633","Spiraea_douglasii",5.6352,0.000985,2e-06,6.855979,0.053296,0.00162,6.785361,0.025788,0.000515,9.294991,0.06275,0.002136,"Abiotic"
"634","Spiraea_formosana",5.653716,NA,0.000206,7.921536,NA,0.166901,6.841615,NA,0.051029,10.19884,NA,0.211458,"Abiotic"
"635","Spiraea_hypericifolia",5.628286,0.001544,2e-06,5.990489,0.049006,0.001403,6.980449,0.020972,0.000429,8.222904,0.059323,0.001777,"Abiotic"
"636","Spiraea_laeta",5.651774,0.003984,1.2e-05,6.833474,0.041261,0.009818,6.920602,0.045175,0.003002,9.053308,0.065448,0.012439,"Abiotic"
"637","Spiraea_lasiocarpa",5.625069,0.020555,0.000103,5.088282,0.30079,0.083451,7.050702,0.19424,0.025514,7.473496,0.044568,0.105729,"Abiotic"
"638","Spiraea_longigemmis",5.648102,0.005079,1.6e-05,6.784911,0.066076,0.012839,6.983397,0.066197,0.003925,8.969427,0.100726,0.016266,"Abiotic"
"639","Spiraea_media",5.604679,0.000996,1e-06,6.228701,0.02326,0.000791,6.669114,0.010996,0.000242,8.754308,0.027869,0.001002,"Abiotic"
"640","Spiraea_miyabei",5.641303,0.002819,1.9e-05,7.252333,0.029667,0.015173,6.854302,0.028019,0.005103,9.525017,0.033143,0.021146,"Abiotic"
"641","Spiraea_mollifolia",5.637591,0.003352,6e-06,6.585405,0.070029,0.005216,7.007141,0.0715,0.001595,8.742526,0.106267,0.006608,"Abiotic"
"642","Spiraea_mongolica",5.630188,0.003284,7e-06,6.296278,0.089576,0.005384,6.929269,0.053337,0.001646,8.584613,0.114858,0.006821,"Abiotic"
"643","Spiraea_nipponica",5.641636,0.002744,7e-06,6.878215,0.09573,0.005755,6.900814,0.065655,0.00189,9.171575,0.14091,0.007832,"Abiotic"
"644","Spiraea_prunifolia",5.659018,0.001175,2e-06,7.044943,0.040183,0.001854,7.148536,0.018705,0.000567,9.109798,0.049687,0.00235,"Abiotic"
"645","Spiraea_purpurea",5.651214,0.009443,5.1e-05,7.106172,0.090686,0.041725,7.00135,0.129117,0.012757,9.270844,0.054765,0.052865,"Abiotic"
"646","Spiraea_rosthornii",5.646403,0.002277,5e-06,6.674866,0.051626,0.003793,6.987013,0.028151,0.00116,8.843728,0.060075,0.004806,"Abiotic"
"647","Spiraea_schneideriana",5.641485,0.003958,8e-06,6.833562,0.058612,0.006676,6.960247,0.050415,0.002041,8.987867,0.064948,0.008458,"Abiotic"
"648","Spiraea_sublobata",5.668484,0.002582,3.4e-05,6.880067,0.084647,0.027817,7.138742,0.045138,0.008505,8.978445,0.124724,0.035243,"Abiotic"
"649","Spiraea_thunbergii",5.65731,0.00129,4e-06,7.116647,0.043802,0.003035,7.151132,0.02003,0.000945,9.17159,0.053982,0.003916,"Abiotic"
"650","Spiraea_trichocarpa",5.639584,0.002244,1.3e-05,7.044393,0.07472,0.010431,6.955798,0.030776,0.003189,9.255389,0.096384,0.013216,"Abiotic"
"651","Spiraea_trilobata",5.642079,0.001786,2e-06,6.445393,0.039184,0.001987,7.041548,0.030284,0.000615,8.610328,0.053863,0.002548,"Abiotic"
"652","Spiraea_veitchii",5.656175,0.002106,6e-06,6.909037,0.036616,0.005216,7.0559,0.01729,0.001595,9.018151,0.044813,0.006608,"Abiotic"
"653","Spiraea_virginiana",5.654865,0.004357,6.9e-05,7.236318,0.046531,0.055634,7.137513,0.059139,0.01701,9.30971,0.047973,0.070486,"Abiotic"
"654","Stranvaesia_davidiana",5.662761,0.00146,3e-06,7.017922,0.030521,0.002692,7.039621,0.016211,0.000823,9.185113,0.032763,0.003411,"Biotic"
"655","Stranvaesia_nussia",5.669349,0.003823,6.9e-05,6.691477,0.271674,0.055634,7.336195,0.15143,0.01701,8.494597,0.423537,0.070486,"Biotic"
"656","Stranvaesia_oblanceolata",5.681707,NA,0.000206,7.362645,NA,0.166901,7.293018,NA,0.051029,9.303193,NA,0.211458,"Biotic"
