"","species","temp","se_temp","within_sp_var_temp","prec","se_prec","within_sp_var_prec","Dispersal_mode"
"1","Acnistus_arborescens",5.682352,0.001083,1e-06,7.231587,0.054525,0.001901,"Biotic"
"2","Anisodus_luridus",5.633464,0.00399,1.1e-05,6.412924,0.158551,0.014731,"Abiotic"
"3","Anisodus_tanguticus",5.622902,0.002284,5e-06,6.395852,0.04522,0.006734,"Abiotic"
"4","Anthocercis_angustifolia",5.665733,0.001904,8.8e-05,6.298757,0.253752,0.117851,"Abiotic"
"5","Anthocercis_gracilis",5.665215,NA,0.000175,6.558198,NA,0.235703,"Abiotic"
"6","Anthocercis_intricata",5.682468,0.001878,4.4e-05,5.85548,0.194607,0.058926,"Abiotic"
"7","Anthocercis_littorea",5.674641,0.001523,8e-06,6.401815,0.105302,0.010714,"Abiotic"
"8","Anthocercis_sylvicola",5.664175,NA,0.000175,7.089243,NA,0.235703,"Abiotic"
"9","Anthotroche_myoporoides",5.683408,0.001416,5.8e-05,5.689367,0.101467,0.078568,"Abiotic"
"10","Anthotroche_pannosa",5.680221,0.000796,4e-06,5.517037,0.049576,0.005357,"Abiotic"
"11","Anthotroche_walcottii",5.679916,0.000852,4.4e-05,5.939365,0.113272,0.058926,"Abiotic"
"12","Atropa_belladonna",5.643885,0.000828,1e-06,6.612741,0.023861,0.001901,"Biotic"
"13","Atropanthe_sinensis",5.66113,0.002062,4.4e-05,7.093625,0.080718,0.058926,"Abiotic"
"14","Aureliana_fasciculata",5.680446,0.001253,2e-06,7.260314,0.033624,0.003229,"Biotic"
"15","Benthamiella_patagonica",5.636929,0.001513,7e-06,5.363154,0.07102,0.009065,"Abiotic"
"16","Benthamiella_skottsbergii",5.637451,0.003717,5.8e-05,5.189382,0.094297,0.078568,"Abiotic"
"17","Bouchetia_erecta",5.679171,0.002948,1.9e-05,6.661944,0.070166,0.026189,"Abiotic"
"18","Browallia_eludens",5.664432,0.00152,4.4e-05,6.404751,0.064262,0.058926,"Abiotic"
"19","Browallia_speciosa",5.678278,0.002651,6e-06,7.717574,0.073764,0.00873,"Abiotic"
"20","Brugmansia_arborea",5.680832,0.011458,3.5e-05,7.922719,0.389438,0.047141,"Biotic"
"21","Brugmansia_aurea",5.667002,0.002828,7e-06,7.402773,0.087953,0.009428,"Biotic"
"22","Brugmansia_sanguinea",5.654732,0.00307,7e-06,6.587458,0.302433,0.009821,"Biotic"
"23","Brunfelsia_americana",5.690842,0.004994,1.9e-05,7.306054,0.124178,0.026189,"Abiotic"
"24","Brunfelsia_uniflora",5.685452,0.001032,2e-06,7.0558,0.038295,0.002086,"Abiotic"
"25","Capsicum_baccatum",5.6876,0.001006,2e-06,6.921588,0.063945,0.002104,"Biotic"
"26","Capsicum_cardenasii",5.658611,NA,0.000175,6.413459,NA,0.235703,"Biotic"
"27","Capsicum_ceratocalyx",5.665215,NA,0.000175,6.818924,NA,0.235703,"Biotic"
"28","Capsicum_chacoense",5.683042,0.001126,2e-06,6.624018,0.048655,0.003229,"Biotic"
"29","Capsicum_chinense",5.697837,0.000851,3e-06,7.818911,0.042656,0.003626,"Biotic"
"30","Capsicum_eximium",5.668411,0.00159,4.4e-05,6.432663,0.042459,0.058926,"Biotic"
"31","Capsicum_flexuosum",5.676588,0.001037,4e-06,7.377099,0.019021,0.005124,"Biotic"
"32","Capsicum_frutescens",5.692491,0.000645,0,7.338551,0.026513,0.000611,"Biotic"
"33","Capsicum_geminifolium",5.673517,0.004797,1.9e-05,7.451182,0.160771,0.026189,"Biotic"
"34","Capsicum_hunzikerianum",5.668842,0.002934,8.8e-05,7.487505,0.074137,0.117851,"Biotic"
"35","Capsicum_pereirae",5.682321,0.002542,2.5e-05,7.178013,0.05972,0.033672,"Biotic"
"36","Capsicum_pubescens",5.673591,0.00243,4e-06,7.092699,0.061621,0.004714,"Biotic"
"37","Capsicum_recurvatum",5.673299,0.002083,1.5e-05,7.44648,0.062237,0.019642,"Biotic"
"38","Capsicum_schottianum",5.672727,0.002167,1.3e-05,7.456055,0.058044,0.018131,"Biotic"
"39","Capsicum_villosum",5.672357,0.001693,2.5e-05,7.464963,0.113011,0.033672,"Biotic"
"40","Cestrum_aurantiacum",5.674918,0.002099,5e-06,7.250727,0.049865,0.007366,"Biotic"
"41","Cestrum_dasyanthum",5.649482,0.004532,5.8e-05,7.404343,0.075292,0.078568,"Biotic"
"42","Cestrum_diurnum",5.695445,0.001544,6e-06,7.227641,0.075745,0.008128,"Biotic"
"43","Cestrum_endlicheri",5.678636,NA,0.000175,7.549609,NA,0.235703,"Biotic"
"44","Cestrum_fasciculatum",5.671718,0.004894,1.9e-05,7.119935,0.182186,0.026189,"Biotic"
"45","Cestrum_fragile",5.686274,0.002276,1.8e-05,7.939789,0.067652,0.02357,"Biotic"
"46","Cestrum_fulvescens",5.668239,0.001734,1.9e-05,6.803409,0.119992,0.026189,"Biotic"
"47","Cestrum_glanduliferum",5.689147,0.00184,4e-06,7.594332,0.0594,0.006044,"Biotic"
"48","Cestrum_guatemalense",5.675259,0.005167,2.9e-05,7.189772,0.113529,0.039284,"Biotic"
"49","Cestrum_inclusum",5.686797,0.007917,4.4e-05,7.344148,0.007588,0.058926,"Biotic"
"50","Cestrum_irazuense",5.653619,0.008041,4.4e-05,7.924347,0.031,0.058926,"Biotic"
"51","Cestrum_laxum",5.662331,0.003175,9e-06,7.042394,0.078317,0.012405,"Biotic"
"52","Cestrum_luteovirescens",5.685971,0.003494,1.8e-05,7.562671,0.076058,0.02357,"Biotic"
"53","Cestrum_macrophyllum",5.689244,0.004131,2.2e-05,7.424613,0.097898,0.029463,"Biotic"
"54","Cestrum_megalophyllum",5.68915,0.001554,2e-06,7.71699,0.051491,0.002534,"Biotic"
"55","Cestrum_miradorense",5.674868,NA,0.000175,7.383989,NA,0.235703,"Biotic"
"56","Cestrum_oblongifolium",5.675654,0.002404,9e-06,6.801769,0.087863,0.011785,"Biotic"
"57","Cestrum_pacayense",5.663205,0.003265,4.4e-05,7.338019,0.14708,0.058926,"Biotic"
"58","Cestrum_poasanum",5.671197,0.006915,2.9e-05,7.96774,0.01804,0.039284,"Biotic"
"59","Cestrum_rigidum",5.669868,0.003577,1e-05,7.094332,0.082318,0.013095,"Biotic"
"60","Cestrum_roseum",5.665892,0.003148,1.3e-05,6.955208,0.075335,0.016836,"Biotic"
"61","Cestrum_thyrsoideum",5.664382,0.002477,1.9e-05,6.836916,0.084995,0.026189,"Biotic"
"62","Cestrum_tomentosum",5.67447,0.001526,2e-06,7.115599,0.049853,0.002481,"Biotic"
"63","Cestrum_violaceum",5.662787,NA,0.000175,7.383989,NA,0.235703,"Biotic"
"64","Chamaesaracha_coronopus",5.666873,0.001347,2e-06,5.88239,0.038032,0.002224,"Biotic"
"65","Chamaesaracha_sordida",5.671597,0.001209,3e-06,5.974494,0.041058,0.003367,"Biotic"
"66","Coeloneurum_ferrugineum",5.699771,0.00251,8.8e-05,6.900361,0.041796,0.117851,"Biotic"
"67","Combera_paradoxa",5.632568,0.004133,5.8e-05,6.772269,0.092629,0.078568,"Abiotic"
"68","Crenidium_spinescens",5.678361,0.000805,3.5e-05,5.522782,0.042036,0.047141,"Abiotic"
"69","Cyphanthera_albicans",5.667243,0.001868,1.6e-05,6.419076,0.111632,0.021428,"Abiotic"
"70","Cyphanthera_microphylla",5.670411,0.00056,8e-06,5.928319,0.053039,0.011224,"Abiotic"
"71","Datura_ceratocaula",5.67523,0.002652,9e-06,6.510335,0.065323,0.011785,"Abiotic"
"72","Datura_discolor",5.687655,0.000986,1e-06,5.967579,0.083726,0.001948,"Abiotic"
"73","Datura_ferox",5.67464,0.000836,1e-06,6.336252,0.053252,0.001339,"Abiotic"
"74","Datura_metel",5.685924,0.001171,1e-06,7.009233,0.04759,0.001034,"Abiotic"
"75","Datura_quercifolia",5.668698,0.001534,3e-06,6.133207,0.045843,0.003416,"Abiotic"
"76","Deprea_orinocensis",5.662343,0.003506,1.5e-05,7.552467,0.148232,0.019642,"Biotic"
"77","Deprea_paneroi",5.668328,NA,0.000175,7.021976,NA,0.235703,"Biotic"
"78","Discopodium_penninervium",5.667208,0.002581,7e-06,7.224459,0.051668,0.009065,"Biotic"
"79","Duboisia_myoporoides",5.674035,0.001593,5e-06,7.057399,0.056436,0.007366,"Biotic"
"80","Duckeodendron_cestroides",5.704282,0.000333,8.8e-05,7.817715,0.03783,0.117851,"Biotic"
"81","Dunalia_brachyacantha",5.662262,0.002387,6e-06,6.240845,0.076437,0.00873,"Biotic"
"82","Dunalia_solanacea",5.664349,0.004037,9e-06,7.532889,0.105504,0.011785,"Biotic"
"83","Dunalia_spinosa",5.652932,0.003889,1.5e-05,5.295728,0.460242,0.019642,"Biotic"
"84","Dyssochroma_viridiflora",5.679285,0.001296,7e-06,7.255062,0.066177,0.009821,"Biotic"
"85","Espadaea_amoena",5.696001,0.000924,4.4e-05,7.240719,0.061094,0.058926,"Biotic"
"86","Fabiana_imbricata",5.644589,0.001896,6e-06,6.032169,0.13549,0.007603,"Abiotic"
"87","Heteranthia_decipiens",5.688694,0.0021,3.5e-05,6.73037,0.088908,0.047141,"Abiotic"
"88","Hyoscyamus_albus",5.666604,0.000701,2e-06,6.304292,0.032365,0.002405,"Abiotic"
"89","Hyoscyamus_aureus",5.672601,0.00317,2.2e-05,6.282171,0.16835,0.029463,"Abiotic"
"90","Hyoscyamus_muticus",5.691881,0.003881,2.5e-05,4.143959,0.348785,0.033672,"Abiotic"
"91","Hyoscyamus_niger",5.636687,0.000699,1e-06,6.483658,0.017553,0.000751,"Abiotic"
"92","Hyoscyamus_pusillus",5.639854,0.003249,6e-06,5.350376,0.154717,0.007603,"Abiotic"
"93","Hyoscyamus_turcomanicus",5.655981,0.004721,8.8e-05,5.51303,0.028233,0.117851,"Abiotic"
"94","Iochroma_cyaneum",5.669041,0.004801,1.9e-05,6.926579,0.152312,0.026189,"Biotic"
"95","Iochroma_fuchsioides",5.665469,0.005712,1.9e-05,7.214356,0.144448,0.026189,"Biotic"
"96","Iochroma_grandiflorum",5.67345,0.006101,2.2e-05,6.654427,0.253627,0.029463,"Biotic"
"97","Iochroma_stenanthum",5.657722,0.005759,8.8e-05,6.654587,0.456109,0.117851,"Biotic"
"98","Jaborosa_integrifolia",5.678584,0.001432,7e-06,6.927288,0.028446,0.009821,"Biotic"
"99","Jaltomata_bernardelloana",5.643147,NA,0.000175,6.934397,NA,0.235703,"Biotic"
"100","Jaltomata_contumacensis",5.661744,NA,0.000175,6.383507,NA,0.235703,"Biotic"
"101","Jaltomata_darcyana",5.700275,0.001267,5.8e-05,7.563271,0.075467,0.078568,"Biotic"
"102","Jaltomata_lezamae",5.65284,0.000526,8.8e-05,6.622,0.082414,0.117851,"Biotic"
"103","Jaltomata_lojae",5.69289,NA,0.000175,6.844815,NA,0.235703,"Biotic"
"104","Jaltomata_sagastegui",5.663481,NA,0.000175,6.198479,NA,0.235703,"Biotic"
"105","Juanulloa_mexicana",5.692916,0.001673,4e-06,7.558706,0.079767,0.005749,"Biotic"
"106","Latua_pubiflora",5.645977,NA,0.000175,7.758761,NA,0.235703,"Biotic"
"107","Lycianthes_amatitlanensis",5.691442,0.002039,5e-06,7.791885,0.074898,0.006734,"Biotic"
"108","Lycianthes_beckneriana",5.672173,0.007844,5.8e-05,8.029368,0.133403,0.078568,"Biotic"
"109","Lycianthes_biflora",5.682,0.001313,1e-06,7.434228,0.030561,0.001932,"Biotic"
"110","Lycianthes_ciliolata",5.674928,0.003298,1e-05,7.006035,0.101445,0.013095,"Biotic"
"111","Lycianthes_dejecta",5.669633,0.001202,1.8e-05,6.462899,0.077626,0.02357,"Biotic"
"112","Lycianthes_denticulata",5.696029,0.004807,2.9e-05,7.814757,0.099053,0.039284,"Biotic"
"113","Lycianthes_fasciculata",5.676508,0.002888,1.5e-05,6.741691,0.099593,0.019642,"Biotic"
"114","Lycianthes_furcatistellata",5.674649,0.009781,8.8e-05,8.120485,0.090727,0.117851,"Biotic"
"115","Lycianthes_geminiflora",5.679305,0.002025,2.2e-05,7.609905,0.134831,0.029463,"Biotic"
"116","Lycianthes_glandulosa",5.691847,0.001838,4e-06,7.644869,0.073466,0.005481,"Biotic"
"117","Lycianthes_heteroclita",5.689674,0.001557,3e-06,7.74023,0.055932,0.004533,"Biotic"
"118","Lycianthes_jalicensis",5.690191,NA,0.000175,7.385851,NA,0.235703,"Biotic"
"119","Lycianthes_jelskii",5.65669,0.001223,8.8e-05,6.656817,0.249937,0.117851,"Biotic"
"120","Lycianthes_lycioides",5.66127,0.00201,3e-06,6.239096,0.123983,0.004365,"Biotic"
"121","Lycianthes_lysimachioides",5.667798,0.001311,3e-06,7.23504,0.048733,0.004286,"Biotic"
"122","Lycianthes_multiflora",5.691111,0.002902,9e-06,7.770909,0.062069,0.012405,"Biotic"
"123","Lycianthes_nitida",5.694637,0.001368,6e-06,7.90942,0.066859,0.00873,"Biotic"
"124","Lycianthes_peduncularis",5.671469,0.002825,2.9e-05,6.496759,0.074921,0.039284,"Biotic"
"125","Lycianthes_pringlei",5.674787,0.002527,3.5e-05,6.788636,0.115401,0.047141,"Biotic"
"126","Lycianthes_rzedowskii",5.674662,0.008408,8.8e-05,7.117681,0.038496,0.117851,"Biotic"
"127","Lycianthes_stephanocalyx",5.682884,0.003275,1e-05,7.570627,0.077014,0.013095,"Biotic"
"128","Lycianthes_surotatensis",5.680512,0.001118,4.4e-05,7.018848,0.07699,0.058926,"Biotic"
"129","Lycianthes_synanthera",5.691053,0.00236,1.6e-05,8.023165,0.051375,0.021428,"Biotic"
"130","Lycianthes_tricolor",5.676286,0.002854,1.1e-05,7.319519,0.078299,0.014731,"Biotic"
"131","Lycium_afrum",5.667819,0.001619,1.9e-05,6.107855,0.15543,0.026189,"Biotic"
"132","Lycium_ameghinoi",5.647659,0.001354,5e-06,5.270853,0.028808,0.006932,"Biotic"
"133","Lycium_americanum",5.682833,0.001625,4e-06,6.562562,0.0503,0.005124,"Biotic"
"134","Lycium_amoenum",5.669459,0.000942,2.5e-05,4.843343,0.254496,0.033672,"Biotic"
"135","Lycium_andersonii",5.668614,0.001723,3e-06,5.444514,0.063208,0.003741,"Biotic"
"136","Lycium_arenicola",5.66559,0.002395,1.2e-05,6.294917,0.057943,0.015714,"Biotic"
"137","Lycium_athium",5.687253,0.002262,5.8e-05,6.711389,0.102056,0.078568,"Biotic"
"138","Lycium_australe",5.673027,0.000469,2e-06,5.619248,0.03192,0.002357,"Biotic"
"139","Lycium_barbarum",5.644806,0.000664,1e-06,6.340122,0.027768,0.000775,"Biotic"
"140","Lycium_berlandieri",5.679253,0.000961,2e-06,5.801565,0.053921,0.002143,"Biotic"
"141","Lycium_bosciifolium",5.675795,0.001189,7e-06,5.122636,0.149239,0.009821,"Biotic"
"142","Lycium_brevipes",5.685482,0.001347,4e-06,5.02741,0.092944,0.00481,"Biotic"
"143","Lycium_californicum",5.666767,0.003286,8.8e-05,5.68794,0.280768,0.117851,"Biotic"
"144","Lycium_carolinianum",5.691039,0.001262,3e-06,6.67876,0.071607,0.004209,"Biotic"
"145","Lycium_cestroides",5.674537,0.001914,6e-06,6.338891,0.073535,0.008418,"Biotic"
"146","Lycium_chanar",5.640376,0.004566,2.9e-05,4.54831,0.14611,0.039284,"Biotic"
"147","Lycium_chilense",5.655393,0.002134,4e-06,5.589202,0.090482,0.005749,"Biotic"
"148","Lycium_ciliatum",5.673197,0.001426,4e-06,6.203593,0.070295,0.005481,"Biotic"
"149","Lycium_cooperi",5.669031,0.001719,8e-06,5.275121,0.066299,0.010248,"Biotic"
"150","Lycium_cuneatum",5.687923,0.001538,5e-06,6.655748,0.051669,0.007366,"Biotic"
"151","Lycium_dasystemum",5.639143,0.0037,1.6e-05,5.006447,0.332561,0.021428,"Biotic"
"152","Lycium_decumbens",5.671123,0.001998,1.5e-05,4.358464,0.357762,0.019642,"Biotic"
"153","Lycium_deserti",5.649847,0.011142,5.8e-05,4.202844,1.387679,0.078568,"Biotic"
"154","Lycium_eenii",5.676705,0.002721,1.9e-05,5.306586,0.235226,0.026189,"Biotic"
"155","Lycium_elongatum",5.677031,0.001206,7e-06,6.342167,0.064968,0.009428,"Biotic"
"156","Lycium_europaeum",5.664163,0.001088,3e-06,6.161866,0.041831,0.004365,"Biotic"
"157","Lycium_exsertum",5.676275,0.002195,1.2e-05,5.781833,0.100682,0.015714,"Biotic"
"158","Lycium_ferocissimum",5.669044,0.000697,2e-06,6.113401,0.0455,0.002288,"Biotic"
"159","Lycium_fremontii",5.683515,0.001342,4e-06,5.193661,0.081171,0.005749,"Biotic"
"160","Lycium_fuscum",5.630249,0.011481,8.8e-05,4.613353,0.059476,0.117851,"Biotic"
"161","Lycium_gilliesianum",5.658708,0.001485,5e-06,5.656076,0.085626,0.006547,"Biotic"
"162","Lycium_hirsutum",5.671502,0.001488,9e-06,5.641222,0.154358,0.012405,"Biotic"
"163","Lycium_horridum",5.668261,0.001494,5e-06,5.676237,0.143238,0.006734,"Biotic"
"164","Lycium_infaustum",5.677202,0.00137,8e-06,6.002849,0.116026,0.010248,"Biotic"
"165","Lycium_macrodon",5.683776,0.001719,1.9e-05,5.243431,0.144143,0.026189,"Biotic"
"166","Lycium_minutifolium",5.64173,0.000355,8.8e-05,3.844457,0.512252,0.117851,"Biotic"
"167","Lycium_nodosum",5.691457,0.002158,7e-06,6.402222,0.110226,0.009065,"Biotic"
"168","Lycium_oxycarpum",5.670725,0.001364,9e-06,5.525039,0.102335,0.011785,"Biotic"
"169","Lycium_pallidum",5.657893,0.001461,3e-06,5.70343,0.050546,0.003626,"Biotic"
"170","Lycium_parishii",5.680857,0.001586,1.1e-05,5.266311,0.124999,0.014731,"Biotic"
"171","Lycium_pilifolium",5.671197,0.001623,1.1e-05,5.365268,0.210971,0.014731,"Biotic"
"172","Lycium_puberulum",5.676317,0.001281,1.5e-05,5.732785,0.01715,0.019642,"Biotic"
"173","Lycium_pumilum",5.67249,0.001684,1.2e-05,5.415093,0.129246,0.015714,"Biotic"
"174","Lycium_rachidocladum",5.64633,0.000706,8.8e-05,5.802616,1.102136,0.117851,"Biotic"
"175","Lycium_ruthenicum",5.64509,0.001818,3e-06,4.816849,0.11854,0.003928,"Biotic"
"176","Lycium_sandwicense",5.692608,0.000532,2.9e-05,6.807169,0.263138,0.039284,"Biotic"
"177","Lycium_schizocalyx",5.673567,0.001915,7e-06,5.700109,0.144834,0.009821,"Biotic"
"178","Lycium_schweinfurthii",5.67472,0.000706,2.5e-05,6.264926,0.099857,0.033672,"Biotic"
"179","Lycium_shawii",5.68745,0.001489,4e-06,5.306893,0.182449,0.005238,"Biotic"
"180","Lycium_shockleyi",5.652271,0.004607,3.5e-05,5.039742,0.13316,0.047141,"Biotic"
"181","Lycium_stenophyllum",5.656625,0.010113,4.4e-05,3.049754,1.039738,0.058926,"Biotic"
"182","Lycium_tenuispinosum",5.660675,0.003214,1.2e-05,5.538206,0.129422,0.015714,"Biotic"
"183","Lycium_tetrandrum",5.669095,0.002547,4.4e-05,3.783604,0.636628,0.058926,"Biotic"
"184","Lycium_torreyi",5.669628,0.001835,4e-06,5.467765,0.084053,0.00481,"Biotic"
"185","Lycium_villosum",5.676945,0.002543,2.2e-05,5.258971,0.18078,0.029463,"Biotic"
"186","Lycium_vimineum",5.675203,0.004116,8.8e-05,6.884936,0.06492,0.117851,"Biotic"
"187","Lycium_yunnanense",5.670251,0.00566,5.8e-05,6.980856,0.100087,0.078568,"Biotic"
"188","Mandragora_caulescens",5.631022,0.002814,4e-06,6.497933,0.075403,0.005749,"Biotic"
"189","Mandragora_officinarum",5.671795,0.000915,4e-06,6.36047,0.040224,0.006044,"Biotic"
"190","Markea_ulei",5.69354,0.006353,2.5e-05,7.845168,0.103807,0.033672,"Biotic"
"191","Melananthus_guatemalensis",5.691124,0.003281,2.2e-05,7.273622,0.108841,0.029463,"Abiotic"
"192","Merinthopodium_neuranthum",5.692743,0.002506,1.5e-05,8.085513,0.078506,0.019642,"Biotic"
"193","Nectouxia_formosa",5.65813,0.001957,1.9e-05,6.954555,0.03767,0.026189,"Biotic"
"194","Nicandra_physalodes",5.650441,0.002531,8e-06,7.005987,0.035339,0.010248,"Biotic"
"195","Nicotiana_acaulis",5.642411,0.003348,2.9e-05,5.366235,0.094442,0.039284,"Abiotic"
"196","Nicotiana_acuminata",5.651854,0.002174,5e-06,6.031849,0.152707,0.006932,"Abiotic"
"197","Nicotiana_africana",5.664554,0.016813,8.8e-05,5.547385,0.883946,0.117851,"Abiotic"
"198","Nicotiana_alata",5.656377,0.002011,2e-06,6.851205,0.049481,0.002203,"Abiotic"
"199","Nicotiana_amplexicaulis",5.679314,0.001605,3.5e-05,6.49659,0.029279,0.047141,"Abiotic"
"200","Nicotiana_bonariensis",5.669761,0.001668,1e-05,7.371913,0.02588,0.013095,"Abiotic"
"201","Nicotiana_cavicola",5.683358,0.000808,8e-06,5.454469,0.020698,0.010248,"Abiotic"
"202","Nicotiana_clevelandii",5.680881,0.00151,4e-06,5.142155,0.088004,0.005612,"Abiotic"
"203","Nicotiana_corymbosa",5.635447,0.002965,1.3e-05,5.687121,0.182996,0.016836,"Abiotic"
"204","Nicotiana_forgetiana",5.670737,0.001858,4.4e-05,7.42654,0.045028,0.058926,"Abiotic"
"205","Nicotiana_glutinosa",5.668113,0.003022,1e-05,5.540962,0.347176,0.013865,"Abiotic"
"206","Nicotiana_goodspeedii",5.67161,0.000422,3e-06,5.655132,0.037116,0.003416,"Abiotic"
"207","Nicotiana_gossei",5.684142,0.000789,8e-06,5.63757,0.033906,0.010248,"Abiotic"
"208","Nicotiana_langsdorffii",5.654107,0.003447,6e-06,6.868639,0.100972,0.00873,"Abiotic"
"209","Nicotiana_linearis",5.640867,0.001757,9e-06,5.932405,0.150963,0.011785,"Abiotic"
"210","Nicotiana_longiflora",5.676662,0.001248,2e-06,6.760957,0.062124,0.002946,"Abiotic"
"211","Nicotiana_maritima",5.668705,0.000565,9e-06,5.902619,0.062463,0.011785,"Abiotic"
"212","Nicotiana_megalosiphon",5.684132,0.001488,8e-06,6.227144,0.064675,0.011224,"Abiotic"
"213","Nicotiana_noctiflora",5.661787,0.002576,6e-06,5.638469,0.127275,0.007857,"Abiotic"
"214","Nicotiana_nudicaulis",5.674636,0.003624,3.5e-05,6.150647,0.193711,0.047141,"Abiotic"
"215","Nicotiana_obtusifolia",5.675147,0.000936,1e-06,5.779318,0.045449,0.001241,"Abiotic"
"216","Nicotiana_occidentalis",5.688091,0.001466,4e-06,5.524686,0.035733,0.005238,"Abiotic"
"217","Nicotiana_otophora",5.677518,0.001442,1.3e-05,6.664288,0.045677,0.018131,"Abiotic"
"218","Nicotiana_paniculata",5.663422,0.0053,1e-05,3.940843,0.481633,0.013865,"Abiotic"
"219","Nicotiana_plumbaginifolia",5.687413,0.001489,2e-06,6.84397,0.060357,0.003061,"Abiotic"
"220","Nicotiana_quadrivalvis",5.663916,0.001983,1.2e-05,5.949348,0.084498,0.015714,"Abiotic"
"221","Nicotiana_repanda",5.684249,0.001186,5e-06,6.425806,0.052329,0.007366,"Abiotic"
"222","Nicotiana_rotundifolia",5.673858,0.000818,4e-06,5.829211,0.045492,0.005612,"Abiotic"
"223","Nicotiana_rustica",5.64917,0.001711,1e-06,6.589591,0.034367,0.001603,"Abiotic"
"224","Nicotiana_simulans",5.681563,0.000552,2e-06,5.442281,0.033143,0.002507,"Abiotic"
"225","Nicotiana_solanifolia",5.668843,0.00137,4.4e-05,3.331709,0.448296,0.058926,"Abiotic"
"226","Nicotiana_spegazzinii",5.64632,0.004841,1.5e-05,5.737094,0.137835,0.019642,"Abiotic"
"227","Nicotiana_stocktonii",5.686467,NA,0.000175,5.953243,NA,0.235703,"Abiotic"
"228","Nicotiana_suaveolens",5.668106,0.001421,3e-06,6.436619,0.067813,0.003995,"Abiotic"
"229","Nicotiana_sylvestris",5.654712,0.003174,5e-06,6.440878,0.078179,0.007143,"Abiotic"
"230","Nicotiana_tomentosa",5.669717,0.00416,9e-06,7.012655,0.088644,0.011785,"Abiotic"
"231","Nicotiana_tomentosiformis",5.676112,0.005666,1.9e-05,7.138506,0.103988,0.026189,"Abiotic"
"232","Nicotiana_umbratica",5.703837,0.000909,5.8e-05,5.800957,0.012426,0.078568,"Abiotic"
"233","Nicotiana_undulata",5.641514,0.003574,8e-06,5.696895,0.22269,0.010714,"Abiotic"
"234","Nicotiana_velutina",5.680884,0.000614,1e-06,5.574616,0.030328,0.001274,"Abiotic"
"235","Nicotiana_wigandioides",5.656553,0.007179,3.5e-05,6.830849,0.196299,0.047141,"Abiotic"
"236","Nierembergia_aristata",5.674335,0.001416,5e-06,6.737309,0.056183,0.006203,"Abiotic"
"237","Nierembergia_browallioides",5.664075,0.002788,1.3e-05,6.160851,0.118041,0.016836,"Abiotic"
"238","Nierembergia_calycina",5.676532,0.000707,2.5e-05,6.998037,0.038445,0.033672,"Abiotic"
"239","Nierembergia_ericoides",5.663747,0.002451,3.5e-05,6.816325,0.082413,0.047141,"Abiotic"
"240","Nierembergia_hatschbachii",5.671431,NA,0.000175,7.49276,NA,0.235703,"Abiotic"
"241","Nierembergia_linariifolia",5.674558,0.001105,3e-06,6.767096,0.071326,0.003928,"Abiotic"
"242","Nierembergia_micrantha",5.67047,0.003124,4.4e-05,7.358486,0.094578,0.058926,"Abiotic"
"243","Nierembergia_pulchella",5.644266,0.004572,4.4e-05,6.334342,0.122644,0.058926,"Abiotic"
"244","Nierembergia_repens",5.657587,0.003153,1.2e-05,6.823546,0.080036,0.015714,"Abiotic"
"245","Nierembergia_rigida",5.671962,0.000969,7e-06,6.480757,0.043132,0.009065,"Abiotic"
"246","Nierembergia_rivularis",5.67335,0.003506,2.9e-05,6.74163,0.14088,0.039284,"Abiotic"
"247","Nierembergia_scoparia",5.67576,0.00149,1.3e-05,7.221666,0.048633,0.016836,"Abiotic"
"248","Nierembergia_tucumanensis",5.644917,NA,0.000175,5.484797,NA,0.235703,"Abiotic"
"249","Nierembergia_veitchii",5.673579,0.002191,2.5e-05,6.293425,0.158089,0.033672,"Abiotic"
"250","Nolana_aplocaryoides",5.672891,0.00126,4.4e-05,2.305023,0.443834,0.058926,"Abiotic"
"251","Nolana_arequipensis",5.678977,0,8.8e-05,1.098612,0,0.117851,"Abiotic"
"252","Nolana_baccata",5.666821,0.002953,2.5e-05,3.989258,0.386519,0.033672,"Abiotic"
"253","Nolana_chancoana",5.678122,0.000855,8.8e-05,0.89588,0.202732,0.117851,"Abiotic"
"254","Nolana_chapiensis",5.658959,NA,0.000175,4.158883,NA,0.235703,"Abiotic"
"255","Nolana_crassulifolia",5.677495,0.000994,5.8e-05,0.346574,0.346574,0.078568,"Abiotic"
"256","Nolana_elegans",5.669816,0.002714,5.8e-05,2.709823,0.345451,0.078568,"Abiotic"
"257","Nolana_flaccida",5.674868,NA,0.000175,2.833213,NA,0.235703,"Abiotic"
"258","Nolana_humifusa",5.675639,0.000644,2.2e-05,0.534583,0.234978,0.029463,"Abiotic"
"259","Nolana_inflata",5.676583,NA,0.000175,0.693147,NA,0.235703,"Abiotic"
"260","Nolana_linearifolia",5.669822,0.001021,5.8e-05,1.700599,0.601986,0.078568,"Abiotic"
"261","Nolana_lycioides",5.674288,0.002851,5.8e-05,1.165503,0.69302,0.078568,"Abiotic"
"262","Nolana_onoana",5.669364,NA,0.000175,1.098612,NA,0.235703,"Abiotic"
"263","Nolana_peruviana",5.670511,0.001353,5.8e-05,1.229626,0.536479,0.078568,"Abiotic"
"264","Nolana_ramosissima",5.672808,NA,0.000175,2.197225,NA,0.235703,"Abiotic"
"265","Nolana_rostrata",5.665041,0.001213,8.8e-05,3.528088,0.160792,0.117851,"Abiotic"
"266","Nolana_rupicola",5.670504,0.001926,2.9e-05,3.431748,0.412857,0.039284,"Abiotic"
"267","Nolana_scaposa",5.677609,0.000684,8.8e-05,0.346574,0.346574,0.117851,"Abiotic"
"268","Nolana_sedifolia",5.668667,0.001298,1.9e-05,3.464819,0.541894,0.026189,"Abiotic"
"269","Nolana_stenophylla",5.672464,NA,0.000175,2.639057,NA,0.235703,"Abiotic"
"270","Nolana_tarapacana",5.678293,0.000593,4.4e-05,1.476939,0.592731,0.058926,"Abiotic"
"271","Nolana_tocopillensis",5.673495,NA,0.000175,2.197225,NA,0.235703,"Abiotic"
"272","Nolana_villosa",5.672464,NA,0.000175,2.639057,NA,0.235703,"Abiotic"
"273","Nothocestrum_longifolium",5.67056,0.002591,4.4e-05,7.738854,0.079384,0.058926,"Biotic"
"274","Oryctes_nevadensis",5.648915,0.000714,5.8e-05,5.069387,0.128661,0.078568,"Abiotic"
"275","Pantacantha_ameghinoi",5.643472,0.003081,1.3e-05,5.562607,0.126822,0.018131,"Abiotic"
"276","Petunia_altiplana",5.669204,0.001717,1.5e-05,7.449736,0.028166,0.019642,"Abiotic"
"277","Petunia_bonjardinensis",5.658611,NA,0.000175,7.448916,NA,0.235703,"Abiotic"
"278","Petunia_exserta",5.674868,0.000343,8.8e-05,7.256248,0.00988,0.117851,"Abiotic"
"279","Petunia_integrifolia",5.676944,0.000774,3e-06,7.275036,0.02261,0.004135,"Abiotic"
"280","Petunia_littoralis",5.681025,NA,0.000175,7.277939,NA,0.235703,"Abiotic"
"281","Petunia_mantiqueirensis",5.664522,NA,0.000175,7.475906,NA,0.235703,"Abiotic"
"282","Petunia_reitzii",5.668328,NA,0.000175,7.298445,NA,0.235703,"Abiotic"
"283","Petunia_saxicola",5.667983,NA,0.000175,7.345365,NA,0.235703,"Abiotic"
"284","Petunia_scheideana",5.671797,0.001409,1.6e-05,7.425134,0.033315,0.021428,"Abiotic"
"285","Petunia_secreta",5.677438,0.000171,8.8e-05,7.298782,0.001691,0.117851,"Abiotic"
"286","Physalis_angulata",5.689136,0.000518,0,7.06525,0.022277,0.000235,"Biotic"
"287","Physalis_angustifolia",5.686817,0.00225,1.8e-05,7.189722,0.038795,0.02357,"Biotic"
"288","Physalis_arborescens",5.697727,0.000992,1e-05,7.001784,0.07683,0.013865,"Biotic"
"289","Physalis_arenicola",5.687518,0.002179,2.5e-05,7.141118,0.02945,0.033672,"Biotic"
"290","Physalis_caudella",5.65984,0.003158,1.3e-05,6.489366,0.082896,0.016836,"Biotic"
"291","Physalis_cinerascens",5.680662,0.001629,4e-06,6.464416,0.078479,0.005612,"Biotic"
"292","Physalis_cordata",5.68706,0.001765,2e-06,7.313502,0.060073,0.003101,"Biotic"
"293","Physalis_coztomatl",5.656194,0.002739,2.5e-05,6.943163,0.111154,0.033672,"Biotic"
"294","Physalis_crassifolia",5.675431,0.001278,4e-06,5.245075,0.076789,0.00481,"Biotic"
"295","Physalis_glutinosa",5.668195,0.002246,8e-06,6.467672,0.082489,0.011224,"Biotic"
"296","Physalis_greenmanii",5.674623,0.012183,8.8e-05,7.405789,0.004558,0.117851,"Biotic"
"297","Physalis_hederifolia",5.666174,0.001235,1e-06,5.94814,0.038366,0.001541,"Biotic"
"298","Physalis_heterophylla",5.645001,0.000847,1e-06,6.776127,0.020637,0.001179,"Biotic"
"299","Physalis_ignota",5.699624,0.001647,1.6e-05,7.411853,0.072565,0.021428,"Biotic"
"300","Physalis_lagascae",5.692247,0.000792,1e-06,7.12561,0.032549,0.000796,"Biotic"
"301","Physalis_longifolia",5.649005,0.001095,2e-06,6.368057,0.047237,0.002032,"Biotic"
"302","Physalis_melanocystis",5.693968,0.001573,6e-06,7.153771,0.07388,0.00873,"Biotic"
"303","Physalis_microcarpa",5.689688,0.004755,2.5e-05,7.111281,0.133183,0.033672,"Biotic"
"304","Physalis_microphysa",5.671108,0.002088,1.3e-05,6.05439,0.066279,0.016836,"Biotic"
"305","Physalis_nicandroides",5.681788,0.001785,4e-06,6.774149,0.065421,0.00491,"Biotic"
"306","Physalis_patula",5.670687,0.002415,9e-06,6.51137,0.097587,0.011785,"Biotic"
"307","Physalis_pruinosa",5.688714,0.00131,3e-06,6.850995,0.07234,0.003928,"Biotic"
"308","Physalis_pubescens",5.684475,0.000796,0,7.079024,0.031469,0.000555,"Biotic"
"309","Physalis_pumila",5.65729,0.000917,1e-05,6.828633,0.034308,0.013865,"Biotic"
"310","Physalis_sordida",5.673893,0.003886,1.2e-05,6.593386,0.077522,0.015714,"Biotic"
"311","Physalis_virginiana",5.64493,0.001414,1e-06,6.692281,0.032998,0.001856,"Biotic"
"312","Physalis_viscosa",5.675769,0.001005,1e-06,6.652274,0.05138,0.001932,"Biotic"
"313","Physalis_walteri",5.684047,0.00162,8e-06,7.182347,0.014323,0.010714,"Biotic"
"314","Physochlaina_infundibularis",5.661916,0.002259,8.8e-05,6.470562,0.205261,0.117851,"Abiotic"
"315","Physochlaina_orientalis",5.638836,0.002006,1.6e-05,6.459781,0.075141,0.021428,"Abiotic"
"316","Physochlaina_physaloides",5.609657,0.004018,1.5e-05,5.555895,0.143306,0.019642,"Abiotic"
"317","Physochlaina_praealta",5.620584,0.004741,7e-06,5.57464,0.164791,0.009428,"Abiotic"
"318","Protoschwenkia_mandonii",5.666596,0.001907,5.8e-05,6.825219,0.041328,0.078568,"Abiotic"
"319","Przewalskia_tangutica",5.610776,0.003306,6e-06,6.061423,0.07401,0.008128,"Abiotic"
"320","Quincula_lobata",5.66485,0.00135,2e-06,6.097043,0.03235,0.002162,"Biotic"
"321","Salpiglossis_sinuata",5.642582,0.002219,7e-06,6.506338,0.113212,0.009065,"Abiotic"
"322","Saracha_punctata",5.658862,0.002843,6e-06,6.927202,0.070197,0.008418,"Biotic"
"323","Schizanthus_alpestris",5.650793,0.002808,2.2e-05,4.97858,0.259394,0.029463,"Abiotic"
"324","Schizanthus_candidus",5.669018,0.001035,8.8e-05,3.666512,0.140151,0.117851,"Abiotic"
"325","Schizanthus_grahamii",5.626817,0.003352,2.2e-05,6.364107,0.08871,0.029463,"Abiotic"
"326","Schizanthus_hookeri",5.640369,0.002319,1.5e-05,6.026372,0.208576,0.019642,"Abiotic"
"327","Schizanthus_integrifolius",5.648823,0.006094,2.9e-05,3.400278,0.431932,0.039284,"Abiotic"
"328","Schizanthus_lacteus",5.669881,0.000517,8.8e-05,2.124248,0.178337,0.117851,"Abiotic"
"329","Schizanthus_laetus",5.669191,0.000518,8.8e-05,2.302585,0,0.117851,"Abiotic"
"330","Schizanthus_litoralis",5.669018,NA,0.000175,5.746203,NA,0.235703,"Abiotic"
"331","Schizanthus_parvulus",5.64915,NA,0.000175,5.676754,NA,0.235703,"Abiotic"
"332","Schizanthus_pinnatus",5.65701,0.001784,9e-06,6.605015,0.199448,0.011785,"Abiotic"
"333","Schizanthus_porrigens",5.663408,0.002455,2.9e-05,5.982471,0.138924,0.039284,"Abiotic"
"334","Schwenckia_glabrata",5.697222,0.003996,2.9e-05,7.375694,0.228254,0.039284,"Abiotic"
"335","Sclerophylax_adnatifolia",5.662278,0.003593,1.8e-05,5.176437,0.06578,0.02357,"Abiotic"
"336","Sclerophylax_spinescens",5.678893,0.002257,8e-06,6.781817,0.052404,0.010714,"Abiotic"
"337","Scopolia_carniolica",5.632506,0.001068,7e-06,6.564878,0.052058,0.009065,"Abiotic"
"338","Scopolia_japonica",5.645547,0.002096,1e-05,7.474538,0.044095,0.013095,"Abiotic"
"339","Sessea_corymbiflora",5.66046,0.007285,1.8e-05,7.297994,0.130559,0.02357,"Abiotic"
"340","Sessea_stipulata",5.659883,0.005203,1.8e-05,6.812115,0.127376,0.02357,"Abiotic"
"341","Sessea_vestita",5.643147,NA,0.000175,7.191429,NA,0.235703,"Abiotic"
"342","Solandra_brachycalyx",5.684673,0.005268,2.2e-05,8.00979,0.110473,0.029463,"Biotic"
"343","Solandra_grandiflora",5.681661,0.002157,4e-06,7.375517,0.052898,0.005612,"Biotic"
"344","Solanum_absconditum",5.694336,0.002144,1.6e-05,6.736668,0.080912,0.021428,"Biotic"
"345","Solanum_abutiloides",5.672715,0.001763,7e-06,6.553494,0.07519,0.009821,"Biotic"
"346","Solanum_acanthodapis",5.67624,NA,0.000175,7.461066,NA,0.235703,"Biotic"
"347","Solanum_acaule",5.648055,0.002706,5e-06,5.865062,0.139047,0.006932,"Biotic"
"348","Solanum_accrescens",5.688799,0.00333,2.2e-05,7.936753,0.074203,0.029463,"Biotic"
"349","Solanum_acerifolium",5.677124,0.001422,2e-06,7.462778,0.041201,0.003022,"Biotic"
"350","Solanum_aculeastrum",5.679584,0.001675,3e-06,7.111576,0.039887,0.004622,"Biotic"
"351","Solanum_aculeatissimum",5.678611,0.00098,1e-06,7.206344,0.028896,0.001196,"Biotic"
"352","Solanum_acutilobum",5.692583,0.003534,1.6e-05,7.003587,0.120172,0.021428,"Biotic"
"353","Solanum_adscendens",5.689694,0.002197,5e-06,6.596211,0.099201,0.006932,"Abiotic"
"354","Solanum_agrarium",5.694631,0.000895,3e-06,6.725583,0.048215,0.004286,"Biotic"
"355","Solanum_agrimonifolium",5.679492,0.007065,3.5e-05,7.600602,0.242418,0.047141,"Biotic"
"356","Solanum_albidum",5.675126,0.002211,4e-06,7.059759,0.06577,0.00491,"Biotic"
"357","Solanum_aligerum",5.666823,0.001922,2e-06,6.999998,0.075994,0.003143,"Biotic"
"358","Solanum_allophyllum",5.701944,0.000633,9e-06,7.51722,0.042619,0.011785,"Biotic"
"359","Solanum_amygdalifolium",5.683935,0.001284,3e-06,6.935187,0.039655,0.004622,"Biotic"
"360","Solanum_anceps",5.689981,0.001251,2e-06,7.682967,0.047086,0.002648,"Biotic"
"361","Solanum_andreanum",5.647307,0.005724,2.9e-05,7.273549,0.066938,0.039284,"Biotic"
"362","Solanum_anguivi",5.683177,0.001143,1e-06,7.199108,0.031162,0.001551,"Biotic"
"363","Solanum_angustialatum",5.6912,0.0027,8.8e-05,7.311175,0.009352,0.117851,"Biotic"
"364","Solanum_angustifolium",5.660618,0.000984,0,6.35677,0.025061,0.000649,"Abiotic"
"365","Solanum_annuum",5.658921,0.008716,8.8e-05,5.849785,0.411706,0.117851,"Biotic"
"366","Solanum_aphyodendron",5.677521,0.001173,2e-06,7.440582,0.040423,0.002086,"Biotic"
"367","Solanum_appendiculatum",5.673989,0.001864,4e-06,7.131063,0.067758,0.005481,"Biotic"
"368","Solanum_arachnidanthum",5.69973,0.00078,2.2e-05,7.357814,0.088838,0.029463,"Biotic"
"369","Solanum_arboreum",5.691191,0.002205,4e-06,7.841981,0.070655,0.00481,"Biotic"
"370","Solanum_argentinum",5.680352,0.001439,3e-06,6.516701,0.053889,0.004622,"Biotic"
"371","Solanum_argopetalum",5.678749,0.00089,5.8e-05,6.343335,0.023409,0.078568,"Biotic"
"372","Solanum_arundo",5.685257,0.003906,2.5e-05,6.369866,0.146724,0.033672,"Biotic"
"373","Solanum_asperolanatum",5.670802,0.001839,3e-06,7.257649,0.063493,0.003995,"Biotic"
"374","Solanum_asperum",5.697005,0.000525,1e-06,7.32224,0.03383,0.001482,"Biotic"
"375","Solanum_asterophorum",5.691013,0.00084,5e-06,7.082046,0.041383,0.006547,"Biotic"
"376","Solanum_asymmetriphyllum",5.707276,NA,0.000175,7.288928,NA,0.235703,"Abiotic"
"377","Solanum_atropurpureum",5.681949,0.000867,3e-06,7.282837,0.022949,0.004135,"Biotic"
"378","Solanum_aturense",5.687721,0.001565,2e-06,7.817748,0.054174,0.003229,"Biotic"
"379","Solanum_aviculare",5.669564,0.001304,3e-06,6.798499,0.047315,0.003626,"Biotic"
"380","Solanum_bahamense",5.698446,0.000455,5e-06,7.01017,0.045057,0.006734,"Biotic"
"381","Solanum_batoides",5.692014,0.00272,1.8e-05,6.511687,0.148771,0.02357,"Biotic"
"382","Solanum_beaugleholei",5.704392,0.000675,2.9e-05,6.35965,0.063612,0.039284,"Biotic"
"383","Solanum_berthaultii",5.664374,0.003339,1.2e-05,6.147067,0.133734,0.015714,"Biotic"
"384","Solanum_bolivianum",5.671143,0.002924,2.2e-05,6.921155,0.069583,0.029463,"Biotic"
"385","Solanum_bonariense",5.669465,0.00141,3e-06,6.682863,0.072516,0.004135,"Biotic"
"386","Solanum_brevicaule",5.65375,0.002941,1e-05,5.526138,0.14959,0.013865,"Biotic"
"387","Solanum_brevifolium",5.66259,0.003597,7e-06,7.40109,0.102417,0.009428,"Biotic"
"388","Solanum_brownii",5.668874,0.001942,1.6e-05,6.742503,0.087408,0.021428,"Biotic"
"389","Solanum_bulbocastanum",5.675342,0.002881,1.1e-05,6.813679,0.078836,0.014731,"Biotic"
"390","Solanum_bumeliifolium",5.694574,NA,0.000175,6.198479,NA,0.235703,"Biotic"
"391","Solanum_cacosmum",5.69942,0.000524,1.9e-05,7.642422,0.046574,0.026189,"Biotic"
"392","Solanum_caesium",5.683098,0.005568,1.9e-05,6.640186,0.206336,0.026189,"Biotic"
"393","Solanum_cajanumense",5.676369,0.003921,1.9e-05,7.471894,0.12117,0.026189,"Biotic"
"394","Solanum_campylacanthum",5.685337,0.000874,1e-06,6.752603,0.032399,0.001482,"Biotic"
"395","Solanum_candidum",5.692942,0.001169,2e-06,7.387405,0.055301,0.003022,"Biotic"
"396","Solanum_candolleanum",5.645027,0.004635,1.9e-05,6.418821,0.141609,0.026189,"Biotic"
"397","Solanum_capense",5.671829,0.00128,4e-06,5.804009,0.115567,0.005481,"Biotic"
"398","Solanum_capsicoides",5.683778,0.001082,1e-06,7.254183,0.030969,0.001593,"Biotic"
"399","Solanum_cardiophyllum",5.673685,0.001837,1.1e-05,6.617669,0.090919,0.014731,"Biotic"
"400","Solanum_carduiforme",5.703334,0.000838,1.5e-05,6.606461,0.066904,0.019642,"Abiotic"
"401","Solanum_caripense",5.663844,0.002769,4e-06,7.093236,0.07518,0.005481,"Biotic"
"402","Solanum_cataphractum",5.707276,NA,0.000175,7.162397,NA,0.235703,"Abiotic"
"403","Solanum_centrale",5.689549,0.000719,2e-06,5.563772,0.032248,0.002162,"Biotic"
"404","Solanum_cerasiferum",5.704225,0.000931,6e-06,6.535095,0.099855,0.007857,"Biotic"
"405","Solanum_chacoense",5.674712,0.001218,2e-06,6.703722,0.074144,0.00291,"Biotic"
"406","Solanum_chenopodinum",5.686253,0.000927,3e-06,5.563539,0.0383,0.003367,"Biotic"
"407","Solanum_chilense",5.654338,0.004234,1.2e-05,3.314835,0.393208,0.015714,"Biotic"
"408","Solanum_chippendalei",5.695634,0.000686,3e-06,5.816541,0.03696,0.003864,"Abiotic"
"409","Solanum_chrysotrichum",5.676123,0.00157,3e-06,7.279992,0.05644,0.004286,"Biotic"
"410","Solanum_citrullifolium",5.673202,0.00188,6e-06,5.982944,0.086966,0.008418,"Abiotic"
"411","Solanum_clandestinum",5.663887,0.002232,1.5e-05,6.972108,0.070676,0.019642,"Biotic"
"412","Solanum_clarkiae",5.705566,0.000531,2.5e-05,7.242845,0.024042,0.033672,"Biotic"
"413","Solanum_cleistogamum",5.686108,0.000654,1e-06,5.716996,0.026016,0.001203,"Biotic"
"414","Solanum_coactiliferum",5.679824,0.000645,1e-06,5.546229,0.027615,0.001871,"Biotic"
"415","Solanum_colombianum",5.656476,0.003275,7e-06,7.47728,0.069369,0.009065,"Biotic"
"416","Solanum_comarapanum",5.670372,0.007238,8.8e-05,6.7715,0.207645,0.117851,"Biotic"
"417","Solanum_comptum",5.686978,0.000741,8e-06,6.89305,0.065256,0.011224,"Biotic"
"418","Solanum_conicum",5.686558,0.004234,2.5e-05,7.422164,0.189852,0.033672,"Biotic"
"419","Solanum_cookii",5.680337,0.003412,8.8e-05,7.414322,0.216139,0.117851,"Biotic"
"420","Solanum_cordovense",5.689314,0.001942,3e-06,7.618984,0.062207,0.004622,"Biotic"
"421","Solanum_coriaceum",5.699034,0.001036,6e-06,7.76335,0.038224,0.007857,"Biotic"
"422","Solanum_corifolium",5.677303,0.001223,1.2e-05,6.84398,0.078625,0.015714,"Biotic"
"423","Solanum_crinitipes",5.658328,0.009459,2.9e-05,7.392929,0.200523,0.039284,"Biotic"
"424","Solanum_crinitum",5.6969,0.000584,1e-06,7.441289,0.027919,0.001122,"Biotic"
"425","Solanum_crispum",5.648214,0.002284,7e-06,6.79621,0.157015,0.009428,"Biotic"
"426","Solanum_crotonoides",5.667983,NA,0.000175,7.30586,NA,0.235703,"Biotic"
"427","Solanum_cunninghamii",5.703998,0.000668,1.3e-05,6.515411,0.081659,0.018131,"Abiotic"
"428","Solanum_cyaneopurpureum",5.687274,0.002119,1.3e-05,6.858825,0.073657,0.018131,"Biotic"
"429","Solanum_cylindricum",5.673172,0.001749,1.8e-05,7.473367,0.027892,0.02357,"Biotic"
"430","Solanum_dasyphyllum",5.693176,0.001186,2e-06,7.147951,0.058241,0.002984,"Biotic"
"431","Solanum_davisense",5.662092,0,8.8e-05,5.924081,0.018719,0.117851,"Abiotic"
"432","Solanum_decompositiflorum",5.681742,0.001293,5e-06,7.154686,0.054228,0.00637,"Biotic"
"433","Solanum_delitescens",5.670333,0.001758,2.9e-05,6.556716,0.113396,0.039284,"Biotic"
"434","Solanum_demissum",5.654606,0.00294,2.2e-05,6.826299,0.061872,0.029463,"Biotic"
"435","Solanum_densevestitum",5.672145,0.001788,1.9e-05,7.037651,0.064484,0.026189,"Biotic"
"436","Solanum_dimorphispinum",5.682389,NA,0.000175,7.326466,NA,0.235703,"Biotic"
"437","Solanum_dioicum",5.704286,0.000385,4e-06,6.492064,0.058167,0.005015,"Abiotic"
"438","Solanum_diphyllum",5.695086,0.001156,3e-06,7.208574,0.056769,0.003571,"Biotic"
"439","Solanum_discolor",5.701696,0.000531,2.2e-05,7.342467,0.064548,0.029463,"Biotic"
"440","Solanum_dissectum",5.686128,NA,0.000175,6.565265,NA,0.235703,"Biotic"
"441","Solanum_ditrichum",5.666149,0.002642,1.9e-05,7.049198,0.060566,0.026189,"Biotic"
"442","Solanum_diversiflorum",5.70095,0.000395,3e-06,5.909693,0.040351,0.003518,"Biotic"
"443","Solanum_donianum",5.700593,0.000405,9e-06,7.029917,0.06268,0.011785,"Biotic"
"444","Solanum_echinatum",5.703073,0.000404,3e-06,6.70181,0.045529,0.003518,"Abiotic"
"445","Solanum_elachophyllum",5.68672,0.000551,2.2e-05,6.535119,0.030675,0.029463,"Biotic"
"446","Solanum_elaeagnifolium",5.669737,0.000646,0,6.176267,0.035329,0.000549,"Abiotic"
"447","Solanum_ellipticum",5.683695,0.000511,1e-06,5.828398,0.037051,0.000982,"Biotic"
"448","Solanum_enantiophyllanthum",5.652314,NA,0.000175,7.709757,NA,0.235703,"Biotic"
"449","Solanum_esuriale",5.682294,0.000672,1e-06,5.887418,0.034152,0.001062,"Biotic"
"450","Solanum_etuberosum",5.637989,0.00445,8.8e-05,6.744691,0.210902,0.117851,"Biotic"
"451","Solanum_evolvulifolium",5.678759,0.00269,6e-06,7.868916,0.071606,0.007857,"Biotic"
"452","Solanum_exiguum",5.698977,0.000797,2.2e-05,7.659971,0.096,0.029463,"Biotic"
"453","Solanum_fallax",5.689882,0.004359,3.5e-05,6.983001,0.428339,0.047141,"Biotic"
"454","Solanum_felinum",5.677239,0.007531,8.8e-05,7.074641,0.025386,0.117851,"Biotic"
"455","Solanum_ferocissimum",5.683745,0.000747,1e-06,6.012237,0.03577,0.001733,"Biotic"
"456","Solanum_fiebrigii",5.663533,0.002519,1e-05,6.375205,0.112528,0.013865,"Biotic"
"457","Solanum_fraxinifolium",5.668723,0.002991,1.6e-05,7.3724,0.145802,0.021428,"Biotic"
"458","Solanum_furfuraceum",5.682454,0.001373,1e-05,6.699838,0.062122,0.013865,"Biotic"
"459","Solanum_fusiforme",5.680201,0.001737,3.5e-05,7.439489,0.034703,0.047141,"Biotic"
"460","Solanum_galapagense",5.693631,0.000504,3.5e-05,6.12362,0.108949,0.047141,"Biotic"
"461","Solanum_gardneri",5.691759,0.001192,3e-06,6.703409,0.048852,0.004447,"Biotic"
"462","Solanum_giganteum",5.680111,0.001445,3e-06,6.990832,0.057595,0.004135,"Biotic"
"463","Solanum_glabratum",5.68462,0.004128,1.1e-05,5.58004,0.233048,0.014731,"Biotic"
"464","Solanum_glaucophyllum",5.68727,0.00144,3e-06,6.908137,0.034645,0.003928,"Biotic"
"465","Solanum_glutinosum",5.644428,0.003803,1.8e-05,6.532175,0.054417,0.02357,"Biotic"
"466","Solanum_goetzei",5.68993,0.001645,6e-06,6.885576,0.037481,0.00873,"Biotic"
"467","Solanum_grayi",5.687679,0.002279,5e-06,6.530502,0.074988,0.007366,"Abiotic"
"468","Solanum_guineense",5.668568,0.001474,1.6e-05,5.792103,0.160724,0.021428,"Biotic"
"469","Solanum_gympiense",5.68225,0.001801,2.2e-05,6.533687,0.167752,0.029463,"Biotic"
"470","Solanum_habrochaites",5.669176,0.00451,7e-06,5.939582,0.230234,0.009065,"Biotic"
"471","Solanum_hapalum",5.671645,0.002501,2.9e-05,7.235249,0.081044,0.039284,"Biotic"
"472","Solanum_hasslerianum",5.685642,0.001234,1.2e-05,7.360039,0.019579,0.015714,"Biotic"
"473","Solanum_havanense",5.697978,0.000826,2.5e-05,7.339804,0.082148,0.033672,"Biotic"
"474","Solanum_hayesii",5.697465,0.001239,9e-06,8.005325,0.068148,0.011785,"Biotic"
"475","Solanum_heinianum",5.694573,0.001009,8.8e-05,6.00386,0.007408,0.117851,"Biotic"
"476","Solanum_heterodoxum",5.664394,0.002333,4e-06,6.093415,0.05889,0.005612,"Abiotic"
"477","Solanum_heteropodium",5.703722,0.002257,5.8e-05,7.1157,0.076555,0.078568,"Abiotic"
"478","Solanum_hibernum",5.678291,0.002394,8.8e-05,6.33829,0.105842,0.117851,"Biotic"
"479","Solanum_hieronymi",5.679065,0.001745,4e-06,6.307234,0.067473,0.005124,"Biotic"
"480","Solanum_hindsianum",5.683975,0.001389,4e-06,5.054343,0.108952,0.006044,"Abiotic"
"481","Solanum_hirtum",5.696164,0.000955,1e-06,7.263161,0.039319,0.001997,"Biotic"
"482","Solanum_hjertingii",5.667021,0.002767,2.5e-05,6.14721,0.138284,0.033672,"Biotic"
"483","Solanum_hoplopetalum",5.672271,0.00063,4e-06,5.909153,0.055068,0.005481,"Biotic"
"484","Solanum_horridum",5.700498,0.000719,7e-06,5.740333,0.028536,0.009428,"Biotic"
"485","Solanum_hougasii",5.669363,0.00138,8.8e-05,7.005718,0.165171,0.117851,"Biotic"
"486","Solanum_humile",5.678457,0.001785,8e-06,5.437825,0.12551,0.011224,"Biotic"
"487","Solanum_hyporhodium",5.693205,0.004712,5.8e-05,7.192752,0.132716,0.078568,"Biotic"
"488","Solanum_hystrix",5.671888,0.000564,1.2e-05,5.631828,0.050927,0.015714,"Biotic"
"489","Solanum_inaequilaterum",5.668835,0.002639,4.4e-05,7.326081,0.138434,0.058926,"Biotic"
"490","Solanum_incanum",5.690276,0.001101,1e-06,5.981657,0.109298,0.001813,"Biotic"
"491","Solanum_incarceratum",5.681529,0.00153,5e-06,7.131505,0.043574,0.006203,"Biotic"
"492","Solanum_incurvum",5.670743,NA,0.000175,7.113142,NA,0.235703,"Biotic"
"493","Solanum_inelegans",5.671822,0.008278,5.8e-05,7.115331,0.092192,0.078568,"Biotic"
"494","Solanum_infundibuliforme",5.643356,0.00142,3.5e-05,5.233867,0.099347,0.047141,"Biotic"
"495","Solanum_jabrense",5.692178,0.001435,1.3e-05,6.653201,0.097883,0.016836,"Biotic"
"496","Solanum_jamaicense",5.697539,0.000669,1e-06,7.736503,0.0303,0.001501,"Biotic"
"497","Solanum_jamesii",5.648448,0.001539,4e-06,5.946165,0.038021,0.005612,"Biotic"
"498","Solanum_johnsonianum",5.685788,NA,0.000175,6.523562,NA,0.235703,"Biotic"
"499","Solanum_johnstonii",5.68477,NA,0.000175,5.525453,NA,0.235703,"Abiotic"
"500","Solanum_jucundum",5.678368,0.000641,6e-06,6.477145,0.021234,0.007857,"Biotic"
"501","Solanum_juvenale",5.674468,0.001497,1e-05,6.495266,0.053203,0.013095,"Biotic"
"502","Solanum_kurtzianum",5.652842,0.005799,1.9e-05,5.275784,0.129353,0.026189,"Biotic"
"503","Solanum_kwebense",5.684596,0.001173,2.9e-05,6.043732,0.077019,0.039284,"Biotic"
"504","Solanum_laciniatum",5.658404,0.000784,3e-06,6.643571,0.045851,0.004622,"Biotic"
"505","Solanum_lamprocarpum",5.69994,0.001267,5.8e-05,6.91428,0.021151,0.078568,"Biotic"
"506","Solanum_lanceifolium",5.694295,0.001082,2e-06,7.328862,0.051186,0.002773,"Biotic"
"507","Solanum_lanceolatum",5.681484,0.001576,3e-06,7.151332,0.051177,0.003416,"Biotic"
"508","Solanum_lasiocarpum",5.69573,0.001175,3e-06,7.692237,0.045971,0.003995,"Biotic"
"509","Solanum_latens",5.677055,0.00181,3.5e-05,6.578709,0.042092,0.047141,"Biotic"
"510","Solanum_latiflorum",5.674919,0.00256,1.9e-05,7.367409,0.076712,0.026189,"Biotic"
"511","Solanum_laxum",5.676607,0.000842,3e-06,7.284265,0.024493,0.003367,"Biotic"
"512","Solanum_leopoldense",5.701946,0.001349,5.8e-05,6.765776,0.13139,0.078568,"Abiotic"
"513","Solanum_lepidotum",5.689962,0.001404,3e-06,7.818868,0.048859,0.003995,"Biotic"
"514","Solanum_lichtensteinii",5.676226,0.001557,5e-06,6.330998,0.051175,0.006547,"Biotic"
"515","Solanum_lidii",5.67966,0.000683,8.8e-05,4.674703,0.455196,0.117851,"Biotic"
"516","Solanum_limitare",5.670914,0.001206,8.8e-05,6.819917,0.244841,0.117851,"Biotic"
"517","Solanum_linearifolium",5.663781,0.006879,5.8e-05,6.621954,0.07573,0.078568,"Biotic"
"518","Solanum_longiconicum",5.65221,0.00831,4.4e-05,7.923302,0.02382,0.058926,"Biotic"
"519","Solanum_lucani",5.704694,0.000382,4e-06,6.650826,0.056621,0.00481,"Abiotic"
"520","Solanum_lumholtzianum",5.678767,0.002672,1.5e-05,6.181272,0.075346,0.019642,"Abiotic"
"521","Solanum_luteoalbum",5.661703,0.006268,1.9e-05,6.776797,0.153788,0.026189,"Biotic"
"522","Solanum_lycocarpum",5.688367,0.000819,2e-06,7.201587,0.021545,0.002405,"Biotic"
"523","Solanum_lycopersicoides",5.648269,0.001585,8.8e-05,4.881106,0.136174,0.117851,"Biotic"
"524","Solanum_lycopersicum",5.670649,0.001206,0,6.821732,0.032684,0.000512,"Biotic"
"525","Solanum_lyratum",5.660277,0.000936,1e-06,7.082821,0.035234,0.001684,"Biotic"
"526","Solanum_lythrocarpum",5.678294,NA,0.000175,6.613384,NA,0.235703,"Biotic"
"527","Solanum_macoorai",5.688837,0.001692,8.8e-05,7.638597,0.130359,0.117851,"Biotic"
"528","Solanum_maglia",5.65344,0.00652,2.5e-05,5.943186,0.203736,0.033672,"Biotic"
"529","Solanum_mahoriense",5.695246,NA,0.000175,7.293698,NA,0.235703,"Biotic"
"530","Solanum_mammosum",5.694405,0.000966,2e-06,7.532182,0.079604,0.002086,"Biotic"
"531","Solanum_mapiriense",5.674525,NA,0.000175,6.977281,NA,0.235703,"Biotic"
"532","Solanum_marginatum",5.660729,0.001429,3e-06,6.77784,0.049233,0.003571,"Biotic"
"533","Solanum_maternum",5.664819,0.005742,4.4e-05,6.526082,0.116955,0.058926,"Biotic"
"534","Solanum_megalonyx",5.688751,0.001026,5e-06,6.683916,0.046765,0.006932,"Biotic"
"535","Solanum_melanospermum",5.702279,0.000842,1.9e-05,6.515806,0.108507,0.026189,"Biotic"
"536","Solanum_melissarum",5.68145,0.001803,6e-06,7.283358,0.039378,0.007603,"Biotic"
"537","Solanum_microdontum",5.669936,0.002265,8e-06,6.338147,0.098073,0.011224,"Biotic"
"538","Solanum_mite",5.693718,0.001262,3e-06,7.590395,0.046688,0.003995,"Biotic"
"539","Solanum_mitlense",5.681015,0.002655,1.1e-05,6.942699,0.088061,0.014731,"Biotic"
"540","Solanum_monachophyllum",5.70349,0.000541,3e-06,7.647589,0.037832,0.003416,"Biotic"
"541","Solanum_monarchostemon",5.69615,0.002396,2.2e-05,8.055126,0.062226,0.029463,"Biotic"
"542","Solanum_montanum",5.677854,0.00093,1.6e-05,2.095917,0.409873,0.021428,"Biotic"
"543","Solanum_morelliforme",5.659645,0.002702,4.4e-05,7.104757,0.057676,0.058926,"Biotic"
"544","Solanum_mortonii",5.674525,NA,0.000175,5.966147,NA,0.235703,"Abiotic"
"545","Solanum_moxosense",5.694659,0.005137,5.8e-05,7.267953,0.278766,0.078568,"Biotic"
"546","Solanum_multifidum",5.676581,0.000538,1.6e-05,1.932466,0.327723,0.021428,"Biotic"
"547","Solanum_multiinterruptum",5.654767,NA,0.000175,5.568345,NA,0.235703,"Biotic"
"548","Solanum_multispinum",5.692043,0.001123,2.2e-05,7.034009,0.056806,0.029463,"Biotic"
"549","Solanum_myoxotrichum",5.677782,0.002699,1.8e-05,7.352338,0.059287,0.02357,"Biotic"
"550","Solanum_myriacanthum",5.686411,0.001476,4e-06,7.415246,0.064114,0.005238,"Biotic"
"551","Solanum_nemophilum",5.67644,0.002161,1.1e-05,6.635415,0.035444,0.014731,"Biotic"
"552","Solanum_nemorense",5.692567,0.001949,5e-06,7.653539,0.07087,0.00637,"Biotic"
"553","Solanum_neoanglicum",5.65389,0.001927,8.8e-05,6.981787,0.178282,0.117851,"Biotic"
"554","Solanum_neorickii",5.666683,0.002847,1.9e-05,6.669494,0.112011,0.026189,"Biotic"
"555","Solanum_nigriviolaceum",5.661436,0.005558,2.9e-05,7.066686,0.091681,0.039284,"Biotic"
"556","Solanum_nigrum",5.66364,0.000559,0,6.601062,0.018079,0.000148,"Biotic"
"557","Solanum_nitidum",5.640035,0.003015,5e-06,6.353706,0.192426,0.007366,"Biotic"
"558","Solanum_nobile",5.666369,0.000416,5.8e-05,7.213749,0.130833,0.078568,"Biotic"
"559","Solanum_nummularium",5.678912,0.000799,4e-06,5.544564,0.025754,0.005015,"Biotic"
"560","Solanum_obliquum",5.693152,0.00209,1e-05,7.636483,0.083849,0.013865,"Biotic"
"561","Solanum_occultum",5.694418,0.001459,7e-06,7.716,0.081417,0.009065,"Biotic"
"562","Solanum_ochranthum",5.661911,0.004538,8e-06,7.265812,0.102451,0.010248,"Biotic"
"563","Solanum_ochrophyllum",5.656886,0.006561,2.5e-05,6.978849,0.21467,0.033672,"Biotic"
"564","Solanum_oedipus",5.705947,NA,0.000175,7.019297,NA,0.235703,"Abiotic"
"565","Solanum_okadae",5.649304,0.008568,4.4e-05,6.005337,0.44366,0.058926,"Biotic"
"566","Solanum_oldfieldii",5.677344,0.001118,6e-06,5.890065,0.065947,0.008128,"Biotic"
"567","Solanum_opacum",5.668133,0.001392,2e-06,6.648364,0.050799,0.002709,"Biotic"
"568","Solanum_orbiculatum",5.682191,0.000601,2e-06,5.460196,0.025754,0.002806,"Biotic"
"569","Solanum_oxycarpum",5.660001,0.002786,8.8e-05,7.090134,0.118466,0.117851,"Biotic"
"570","Solanum_oxyphyllum",5.692413,0.001739,1.3e-05,7.790023,0.126881,0.016836,"Biotic"
"571","Solanum_palinacanthum",5.687156,0.000856,1e-06,7.046875,0.03383,0.001446,"Biotic"
"572","Solanum_palitans",5.661667,0.002176,5e-06,6.087293,0.100472,0.006932,"Biotic"
"573","Solanum_paludosum",5.6983,0.000694,3e-06,7.32468,0.047596,0.003466,"Biotic"
"574","Solanum_palustre",5.64474,0.007632,5.8e-05,6.766203,0.347753,0.078568,"Biotic"
"575","Solanum_pancheri",5.690528,NA,0.000175,6.82546,NA,0.235703,"Biotic"
"576","Solanum_panduriforme",5.681223,0.00169,1e-05,6.361517,0.062843,0.013865,"Biotic"
"577","Solanum_paniculatum",5.690327,0.000567,1e-06,7.076704,0.02496,0.001128,"Biotic"
"578","Solanum_papaverifolium",5.672946,0.001186,1.3e-05,6.56245,0.044319,0.016836,"Biotic"
"579","Solanum_paposanum",5.655684,0.005446,2.9e-05,4.518141,0.647483,0.039284,"Biotic"
"580","Solanum_paraibanum",5.692533,0.002575,2.5e-05,7.25186,0.139163,0.033672,"Biotic"
"581","Solanum_pectinatum",5.695107,0.002235,6e-06,7.794316,0.088168,0.00873,"Biotic"
"582","Solanum_pedemontanum",5.697163,0.001502,6e-06,7.770918,0.06505,0.007603,"Biotic"
"583","Solanum_pendulum",5.693747,0.003561,1.3e-05,7.466904,0.063554,0.018131,"Biotic"
"584","Solanum_pennellii",5.67031,0.00401,1.5e-05,3.848188,0.458435,0.019642,"Biotic"
"585","Solanum_peruvianum",5.668925,0.002811,6e-06,3.816637,0.382177,0.008418,"Biotic"
"586","Solanum_petraeum",5.705447,0.000798,4.4e-05,7.108344,0.059181,0.058926,"Abiotic"
"587","Solanum_phaseoloides",5.68391,0.004688,3.5e-05,8.174382,0.106118,0.047141,"Biotic"
"588","Solanum_phlomoides",5.700314,0.000613,7e-06,5.714622,0.025926,0.009821,"Biotic"
"589","Solanum_physalifolium",5.642317,0.001148,2e-06,6.452228,0.04917,0.002334,"Biotic"
"590","Solanum_pinnatisectum",5.674794,0.001774,3.5e-05,6.626401,0.075589,0.047141,"Biotic"
"591","Solanum_pluviale",5.670743,NA,0.000175,8.178919,NA,0.235703,"Biotic"
"592","Solanum_poinsettiifolium",5.694428,0.002907,1.9e-05,7.400241,0.108855,0.026189,"Biotic"
"593","Solanum_polyadenium",5.668703,0.003554,1.3e-05,6.843818,0.114227,0.018131,"Biotic"
"594","Solanum_prinophyllum",5.666001,0.001194,7e-06,6.980028,0.047688,0.009428,"Biotic"
"595","Solanum_proteanthum",5.698653,0.000739,6e-06,7.465345,0.048397,0.008128,"Biotic"
"596","Solanum_pseudocapsicum",5.673853,0.000671,1e-06,6.978027,0.026049,0.000755,"Biotic"
"597","Solanum_pseudolulo",5.693405,0.002066,1.1e-05,7.800985,0.097447,0.014731,"Biotic"
"598","Solanum_pubigerum",5.670457,0.002713,5e-06,6.924379,0.07487,0.007143,"Biotic"
"599","Solanum_pungetium",5.662312,0.002078,1.3e-05,6.928116,0.063065,0.016836,"Biotic"
"600","Solanum_pyracanthos",5.690033,0.00296,2.2e-05,6.617894,0.098181,0.029463,"Biotic"
"601","Solanum_raphanifolium",5.639244,NA,0.000175,6.590301,NA,0.235703,"Biotic"
"602","Solanum_reductum",5.67893,0.003085,1.6e-05,6.356156,0.138536,0.021428,"Biotic"
"603","Solanum_refractum",5.690231,0.002146,6e-06,6.90297,0.044697,0.008128,"Biotic"
"604","Solanum_retroflexum",5.666817,0.001872,5e-06,6.240703,0.090218,0.006547,"Biotic"
"605","Solanum_rhytidoandrum",5.694801,0.000646,2e-06,7.112642,0.052172,0.002806,"Biotic"
"606","Solanum_rigescentoides",5.680783,0.002427,2.9e-05,5.387128,0.275828,0.039284,"Biotic"
"607","Solanum_riojense",5.648271,0.006427,2.5e-05,5.407875,0.257485,0.033672,"Biotic"
"608","Solanum_rixosum",5.670339,0.000674,2.9e-05,7.05275,0.122048,0.039284,"Biotic"
"609","Solanum_robustum",5.68411,0.000889,4e-06,7.234619,0.024276,0.005238,"Biotic"
"610","Solanum_roseum",5.673836,0.001214,3.5e-05,7.243177,0.07934,0.047141,"Biotic"
"611","Solanum_rovirosanum",5.693498,0.002597,1.3e-05,8.073191,0.080361,0.018131,"Biotic"
"612","Solanum_rugosum",5.698268,0.00052,1e-06,7.704171,0.025285,0.001386,"Biotic"
"613","Solanum_rupincola",5.690518,0.001444,1.6e-05,7.235777,0.087379,0.021428,"Biotic"
"614","Solanum_sandwicense",5.690866,NA,0.000175,7.418181,NA,0.235703,"Biotic"
"615","Solanum_savanillense",5.664868,NA,0.000175,7.04316,NA,0.235703,"Biotic"
"616","Solanum_scabrum",5.688496,0.002353,4e-06,7.165843,0.073911,0.005357,"Biotic"
"617","Solanum_schenckii",5.65301,0.001969,4.4e-05,7.074798,0.119655,0.058926,"Biotic"
"618","Solanum_schimperianum",5.676664,0.002508,1.3e-05,6.219289,0.191016,0.016836,"Biotic"
"619","Solanum_schlechtendalianum",5.694533,6e-04,1e-06,7.64209,0.027376,0.000978,"Biotic"
"620","Solanum_sejunctum",5.706279,NA,0.000175,7.27448,NA,0.235703,"Abiotic"
"621","Solanum_semiarmatum",5.678333,0.001034,7e-06,6.583708,0.040135,0.009065,"Biotic"
"622","Solanum_sendtnerianum",5.702326,0.000652,1.3e-05,7.780442,0.021786,0.016836,"Biotic"
"623","Solanum_serpens",5.669364,NA,0.000175,7.377134,NA,0.235703,"Biotic"
"624","Solanum_simile",5.667317,0.000558,3e-06,6.03472,0.043232,0.004533,"Biotic"
"625","Solanum_sitiens",5.645624,NA,0.000175,3.218876,NA,0.235703,"Abiotic"
"626","Solanum_stellativelutinum",5.646683,NA,0.000175,6.700731,NA,0.235703,"Biotic"
"627","Solanum_stelligerum",5.674321,0.001454,4e-06,6.898354,0.042994,0.005893,"Biotic"
"628","Solanum_stenandrum",5.684113,0.001364,6e-06,6.902065,0.055992,0.008418,"Biotic"
"629","Solanum_stenophyllidium",5.672562,0.001713,1.5e-05,6.399057,0.092233,0.019642,"Biotic"
"630","Solanum_stoloniferum",5.662378,0.001558,3e-06,6.56415,0.05807,0.003626,"Biotic"
"631","Solanum_stuckertii",5.671594,0.002535,9e-06,6.385467,0.085481,0.011785,"Biotic"
"632","Solanum_stupefactum",5.672464,NA,0.000175,6.610696,NA,0.235703,"Biotic"
"633","Solanum_subinerme",5.699521,0.000563,1e-06,7.638687,0.026331,0.001254,"Biotic"
"634","Solanum_supinum",5.67652,0.002518,1.6e-05,6.153687,0.10054,0.021428,"Biotic"
"635","Solanum_symonii",5.670209,0.000632,5e-06,6.116234,0.068918,0.006203,"Biotic"
"636","Solanum_taeniotrichum",5.64173,NA,0.000175,7.88156,NA,0.235703,"Biotic"
"637","Solanum_tegore",5.699137,0.001031,1.3e-05,7.813267,0.043927,0.018131,"Biotic"
"638","Solanum_tenuispinum",5.670435,0.002487,8e-06,6.581246,0.122487,0.011224,"Biotic"
"639","Solanum_terminale",5.686246,0.001222,2e-06,7.308582,0.033898,0.002288,"Biotic"
"640","Solanum_ternatum",5.671122,0.002303,5e-06,7.282623,0.077873,0.00637,"Biotic"
"641","Solanum_tetramerum",5.699478,0.004142,5.8e-05,6.924555,0.259095,0.078568,"Biotic"
"642","Solanum_tetrathecum",5.677524,0.00106,1.3e-05,6.505982,0.051635,0.018131,"Biotic"
"643","Solanum_thelopodium",5.695562,0.001137,3e-06,7.88276,0.039116,0.003995,"Biotic"
"644","Solanum_thomasiifolium",5.685897,0.001435,8e-06,6.803401,0.058792,0.011224,"Biotic"
"645","Solanum_toliaraea",5.69491,NA,0.000175,5.846439,NA,0.235703,"Biotic"
"646","Solanum_tomentosum",5.670196,0.001508,9e-06,6.134149,0.128834,0.012405,"Biotic"
"647","Solanum_tribulosum",5.668113,0.001909,3.5e-05,6.496912,0.108418,0.047141,"Abiotic"
"648","Solanum_tridynamum",5.690947,0.001689,5e-06,6.823722,0.066652,0.006203,"Abiotic"
"649","Solanum_triflorum",5.644861,0.00085,1e-06,6.062566,0.024422,0.000687,"Biotic"
"650","Solanum_tripartitum",5.650785,0.003057,9e-06,5.768047,0.158282,0.011785,"Biotic"
"651","Solanum_tudununggae",5.705448,0.000166,8.8e-05,7.040536,0.000875,0.117851,"Abiotic"
"652","Solanum_turneroides",5.688908,0.001486,6e-06,6.959784,0.071732,0.007857,"Abiotic"
"653","Solanum_uncinellum",5.696075,0.00074,1e-06,7.6349,0.02987,0.001561,"Biotic"
"654","Solanum_ursinum",5.668173,0.005271,1.3e-05,7.041595,0.096695,0.016836,"Biotic"
"655","Solanum_urticans",5.693733,0.001445,1.3e-05,7.492673,0.131126,0.018131,"Biotic"
"656","Solanum_vaccinioides",5.68341,NA,0.000175,7.339538,NA,0.235703,"Biotic"
"657","Solanum_valdiviense",5.643095,0.002061,1.3e-05,7.413146,0.072349,0.018131,"Biotic"
"658","Solanum_vansittartense",5.704448,0.001166,8.8e-05,7.109089,0.191383,0.117851,"Abiotic"
"659","Solanum_vernei",5.660656,0.005053,1.8e-05,5.86434,0.160417,0.02357,"Biotic"
"660","Solanum_verrucosum",5.661732,0.00325,1e-05,6.806547,0.060407,0.013095,"Biotic"
"661","Solanum_vescum",5.66144,0.001269,3e-06,6.866375,0.038259,0.003864,"Biotic"
"662","Solanum_vestissimum",5.674029,0.00354,8e-06,7.412077,0.082674,0.010248,"Biotic"
"663","Solanum_vicinum",5.662647,0.001653,1.6e-05,7.089373,0.035913,0.021428,"Biotic"
"664","Solanum_villosum",5.658293,0.001528,1e-06,6.103312,0.066171,0.001492,"Biotic"
"665","Solanum_violaceimarmoratum",5.646187,0.004969,5.8e-05,6.570682,0.106934,0.078568,"Biotic"
"666","Solanum_violaceum",5.688823,0.002024,3e-06,7.396604,0.05121,0.003802,"Biotic"
"667","Solanum_wendlandii",5.686003,0.001878,3e-06,7.422088,0.064263,0.003995,"Biotic"
"668","Solanum_whalenii",5.666658,0.00478,2.9e-05,6.932423,0.176164,0.039284,"Biotic"
"669","Solanum_wrightii",5.691245,0.001316,5e-06,7.397759,0.061146,0.006932,"Biotic"
"670","Streptosolen_jamesonii",5.669553,0.002443,7e-06,7.190142,0.089337,0.009821,"Abiotic"
"671","Trianaea_speciosa",5.674332,0.003389,1.1e-05,7.326066,0.092034,0.014731,"Biotic"
"672","Tsoala_tubiflora",5.701091,0.000756,1.9e-05,7.200684,0.046098,0.026189,"Abiotic"
"673","Vestia_foetida",5.658749,0.002032,1.6e-05,6.566513,0.305439,0.021428,"Abiotic"
"674","Withania_coagulans",5.67326,0.002447,5.8e-05,5.985752,0.056505,0.078568,"Biotic"
"675","Witheringia_solanacea",5.690331,0.000938,1e-06,7.763907,0.034827,0.001492,"Biotic"
