"","(1,R1)","(2,R1)"
"1",0.0351500849012974,0.964849915098703
"2",0.0273191607893575,0.972680839210643
"3",0.00689907676506299,0.993100923234937
"4",0.00750170262033013,0.99249829737967
"5",0.00752362954973672,0.992476370450263
"6",0.00754587902955606,0.992454120970444
"7",0.0076338496494986,0.992366150350501
"8",0.00826814062447279,0.991731859375527
"9",0.0101988873707423,0.989801112629258
"10",0.00013197640169629,0.999868023598304
"11",5.06741101529234e-05,0.999949325889847
"12",5.05444521113199e-05,0.999949455547889
"13",8.01147405685642e-08,0.999999919885259
"14",6.33169275928846e-08,0.999999936683072
"15",5.05641092479336e-06,0.999994943589075
"16",5.03588937989216e-06,0.99999496411062
"17",0.594841160399231,0.405158839600769
"18",0.774701241185649,0.225298758814351
"19",0.792134865064837,0.207865134935163
"20",0.837200541371344,0.162799458628656
"21",0.848859941438805,0.151140058561195
"22",0.969341009875553,0.030658990124447
"23",0.991308566124403,0.00869143387559747
"24",0.992400215929643,0.00759978407035674
"25",0.996754894791332,0.00324510520866756
"26",0.999871164220889,0.000128835779110486
"27",0.995054581173581,0.00494541882641843
"28",0.998883154560374,0.00111684543962551
"29",0.999798979139505,0.000201020860494633
"30",0.999887659858069,0.000112340141931444
"31",0.99999215877008,7.84122991999415e-06
"32",0.999994027907859,5.97209214128899e-06
"33",0.99983423265325,0.000165767346750302
"34",0.999894800425396,0.000105199574603902
"35",0.99998904614912,1.09538508798474e-05
"36",0.999989216933521,1.07830664786203e-05
"37",0.999990236062329,9.76393767130502e-06
"38",0.999993968049529,6.03195047144948e-06
"39",0.99999820464773,1.79535227001966e-06
"40",0.999990382265411,9.61773458938339e-06
"41",0.999995660118754,4.33988124608457e-06
"42",0.999868379388736,0.000131620611263775
"43",0.999970864767337,2.9135232663297e-05
"44",0.999978796365449,2.12036345505628e-05
"45",0.999887547102192,0.000112452897808004
"46",0.999889726431105,0.000110273568894815
"47",0.999976100804598,2.38991954019569e-05
"48",0.99999480860455,5.19139545029861e-06
"49",0.992300415627455,0.00769958437254483
"50",0.998607589236442,0.00139241076355824
"51",0.999841971477435,0.000158028522565301
"52",0.980577392899616,0.0194226071003836
"53",0.999881790898814,0.000118209101185702
"54",0.85143750690245,0.148562493097549
"55",0.857188955387575,0.142811044612425
"56",0.946297742271288,0.053702257728712
"57",0.971542802157909,0.0284571978420908
"58",0.983209097458457,0.0167909025415433
"59",0.985842312426636,0.014157687573364
"60",0.987840016948532,0.0121599830514682
"61",0.991968179187266,0.00803182081273368
"62",0.997393340570483,0.00260665942951676
"63",0.998730944071551,0.00126905592844848
"64",0.999084745623219,0.000915254376781349
"65",0.999092485431414,0.000907514568586268
"66",0.9992448748898,0.000755125110199878
"67",0.999513045993682,0.000486954006317648
"68",0.999766375284454,0.000233624715545983
"69",0.999906084372122,9.39156278776953e-05
"70",0.999995500321634,4.49967836606917e-06
"71",0.999995570603721,4.42939627924672e-06
"72",0.999999678326987,3.21673012651955e-07
"73",0.999999892228546,1.07771453852537e-07
"74",0.999999896486838,1.035131622333e-07
"75",0.999999901971022,9.80289775905719e-08
"76",0.999999886880179,1.13119820843942e-07
"77",0.99999999558198,4.41801981416873e-09
"78",0.99999999538737,4.61263003241261e-09
"79",0.999999998123378,1.87662173625744e-09
"80",0.999999972892755,2.71072453580237e-08
"81",0.999999998717205,1.2827953100144e-09
"82",0.999999998898041,1.10195862921794e-09
"83",0.999999999308507,6.91493127768005e-10
"84",0.999999999076084,9.2391586754705e-10
"85",0.999999999338243,6.61756719613931e-10
"86",0.99999999653901,3.46098993477292e-09
"87",0.999999994236785,5.76321488134578e-09
"88",0.999999861448485,1.38551514567734e-07
"89",0.999999980977374,1.90226263738638e-08
"90",0.999999997679859,2.32014085562382e-09
"91",0.99999999994985,5.01503884879564e-11
"92",0.999999999998771,1.22888142491152e-12
"93",0.999999932680842,6.73191576903282e-08
"94",0.999999899976381,1.00023618971961e-07
"95",0.999999858535878,1.4146412196094e-07
"96",0.999999806482765,1.93517235073324e-07
"97",0.999999965618672,3.43813276850678e-08
"98",0.99999998067264,1.93273597483036e-08
"99",0.999999985016433,1.49835668544538e-08
"100",0.999999829724999,1.70275000750842e-07
"101",0.999999935212864,6.47871362650386e-08
"102",0.999999942203167,5.77968328995099e-08
"103",0.999999973611605,2.63883945996942e-08
"104",0.999999975619783,2.43802166897241e-08
"105",0.999999999475696,5.24303832201829e-10
"106",0.999999999607212,3.92788505723815e-10
"107",0.999999999697447,3.02552505634278e-10
"108",0.999999999766517,2.3348301763111e-10
"109",0.99999999978677,2.13230479929429e-10
"110",0.999999999737175,2.62824929066603e-10
"111",0.999999999847306,1.52694142486958e-10
"112",0.999999998976592,1.02340818897516e-09
"113",0.999999999334862,6.65138528794467e-10
"114",0.999999999424998,5.75001790989076e-10
"115",0.999999999461622,5.38377475114386e-10
"116",0.999999999461988,5.38011399029208e-10
"117",0.999999998190471,1.80952920410007e-09
"118",0.999999991163442,8.8365576430236e-09
"119",0.999999996591013,3.40898659438461e-09
"120",0.999999996939946,3.06005344561645e-09
"121",0.99999999940618,5.93819972014161e-10
"122",0.999999999464148,5.35851813810051e-10
"123",0.999999997411936,2.5880642711264e-09
"124",0.999999999215168,7.84831707567134e-10
"125",0.999999912577078,8.74229217051668e-08
"126",0.99999990554605,9.44539501462222e-08
"127",0.999999999856716,1.43283837610011e-10
"128",0.999999999841378,1.58621508616876e-10
"129",0.999999999784764,2.15236258593573e-10
"130",0.999999999612222,3.87778056446661e-10
"131",0.999999955464203,4.45357966627131e-08
"132",0.999999968097309,3.19026906042588e-08
"133",0.999999999467384,5.32615907349496e-10
"134",0.999999999770557,2.29443226701534e-10
"135",0.999999999803012,1.96987585670244e-10
"136",0.999999983268379,1.67316212391924e-08
"137",0.999999999818009,1.81991346650642e-10
"138",0.999999999659113,3.40887225692405e-10
"139",0.999999999433238,5.66762046519784e-10
"140",0.999999985880888,1.41191120176187e-08
"141",0.999999999695781,3.04219273645186e-10
"142",0.999999987589571,1.24104290003091e-08
"143",0.99999999763229,2.36770954394872e-09
"144",0.999999988995478,1.10045215774763e-08
"145",0.999999906954814,9.3045186008408e-08
"146",0.999999977075824,2.29241760060695e-08
"147",0.999999980525252,1.94747477357886e-08
"148",0.999999945926197,5.40738031768839e-08
"149",0.999999994022305,5.97769514143746e-09
"150",0.999999995215866,4.78413413711937e-09
"151",0.999999995202731,4.79726864055178e-09
"152",0.999999999394511,6.05488580693522e-10
"153",0.999999985241379,1.4758620714206e-08
"154",0.999999990212205,9.78779449111185e-09
"155",0.999999983922846,1.60771542035499e-08
"156",0.999999984395232,1.56047681885164e-08
"157",0.999999998628798,1.37120247615915e-09
"158",0.999999999649302,3.5069796162322e-10
"159",0.999999999821782,1.78217914581645e-10
"160",0.999999999927765,7.22343596451188e-11
"161",0.999999999964148,3.58520217452825e-11
"162",0.999999999977865,2.21348236963262e-11
"163",0.999999999978382,2.16175982677184e-11
"164",0.999999999971455,2.85450580365398e-11
"165",0.999999999920752,7.92478833015068e-11
"166",0.99999999982425,1.75749659608718e-10
"167",0.999999999351409,6.48590776138644e-10
"168",0.999999992626467,7.37353272304068e-09
"169",0.999999999965976,3.40238835513394e-11
"170",0.999999997362686,2.6373142406027e-09
"171",0.999999997713916,2.28608348377662e-09
"172",0.999999998033264,1.96673571986795e-09
"173",0.999999999046021,9.53979398195938e-10
"174",0.999999994238078,5.76192179310036e-09
"175",0.999999998762206,1.2377939502261e-09
"176",0.999999972058134,2.79418660074058e-08
"177",0.999999972648963,2.73510374421509e-08
"178",0.999999931249607,6.87503934569256e-08
"179",0.999999967112679,3.28873208240459e-08
"180",0.999999901346406,9.86535938843222e-08
"181",0.999999937295218,6.27047817658753e-08
"182",0.999999969956698,3.00433019942922e-08
"183",0.999999985693243,1.43067572585905e-08
"184",0.999999998868287,1.13171271868833e-09
"185",0.999999999631987,3.68013035909134e-10
"186",0.999999999670018,3.29982142315546e-10
"187",0.999999949935882,5.00641177887786e-08
"188",0.999999999501957,4.98042998406329e-10
"189",0.999999984237412,1.57625884225165e-08
"190",0.999999993237523,6.76247642431918e-09
"191",0.999999993322208,6.67779223543452e-09
"192",0.999999997365071,2.63492889658274e-09
"193",0.999999999353074,6.46925541652708e-10
"194",0.999999999437683,5.6231695498772e-10
"195",0.999999999317578,6.82422355713287e-10
"196",0.999999982580792,1.74192074418965e-08
"197",0.99999999814627,1.85372981356592e-09
"198",0.999999999833603,1.66396539955933e-10
"199",0.999999998911998,1.08800190331189e-09
"200",0.999999933789993,6.62100069992118e-08
"201",0.999999993360659,6.63934100975986e-09
"202",0.999999994832016,5.16798428149208e-09
"203",0.999999995236145,4.76385510287418e-09
"204",0.999999995126402,4.87359777035978e-09
"205",0.999999953869122,4.61308774608131e-08
"206",0.999999999926592,7.34084155316481e-11
"207",0.999997985931651,2.01406834877893e-06
"208",0.999999990119572,9.88042764377524e-09
"209",0.999999997353038,2.64696177969428e-09
"210",0.999999999198765,8.01234674633351e-10
"211",0.999999999712319,2.87680644681614e-10
"212",0.999999999855899,1.44100565464039e-10
"213",0.999999999975699,2.43012796075349e-11
"214",0.999999999975278,2.47220153636534e-11
"215",0.999999999921853,7.81470755900454e-11
"216",0.999999999973779,2.62211948653579e-11
"217",0.999999999994708,5.2919487103924e-12
"218",0.999999999999245,7.5515238810911e-13
"219",0.999999999564619,4.35380489953194e-10
"220",0.999999998741596,1.25840418798515e-09
"221",0.999999999998188,1.8117741061798e-12
"222",0.999999999932423,6.75767830998372e-11
"223",0.999999995938958,4.06104207193329e-09
"224",0.999999995778382,4.22161781320997e-09
"225",0.99999999981233,1.87670183081937e-10
"226",0.999999999884131,1.15868680058705e-10
"227",0.999999999817112,1.82888062871135e-10
"228",0.999999993551536,6.44846432413082e-09
"229",0.999999999385859,6.14140535998261e-10
"230",0.999999999403144,5.96856361786935e-10
"231",0.999999994578852,5.42114735108431e-09
"232",0.999999985251421,1.47485795483798e-08
"233",0.999998767951997,1.23204800316834e-06
"234",0.999945947943778,5.40520562222263e-05
"235",0.999996068027683,3.9319723172711e-06
"236",0.999996332769854,3.66723014634756e-06
"237",0.999966384878416,3.36151215836761e-05
"238",0.999999176938583,8.23061417181403e-07
"239",0.999999246449692,7.53550308179636e-07
"240",0.999999270264949,7.29735050870447e-07
"241",0.999999301290687,6.98709312836577e-07
"242",0.999999858529516,1.41470483771387e-07
"243",0.999999867974656,1.32025344236988e-07
"244",0.999999875154539,1.24845460846701e-07
"245",0.999999948225481,5.17745190345873e-08
"246",0.99999991661235,8.3387649426133e-08
"247",0.999999923229812,7.67701882076846e-08
"248",0.999999969405256,3.0594744022898e-08
"249",0.999999997589251,2.41074938705567e-09
"250",0.999999999983638,1.63614746818755e-11
"251",0.999999999994491,5.50934996689718e-12
"252",0.99999999998598,1.40202268366892e-11
"253",0.999999949165977,5.08340227856937e-08
"254",0.999999978798677,2.12013230845539e-08
"255",0.999999979862051,2.0137948668709e-08
"256",0.999999980530184,1.94698155424004e-08
"257",0.999999982867023,1.71329773371196e-08
"258",0.999999964308725,3.56912750060895e-08
"259",0.999999987117243,1.28827568045533e-08
"260",0.999999990007784,9.99221586732571e-09
"261",0.999999999992813,7.18656607941159e-12
"262",0.999999886397653,1.13602346488674e-07
"263",0.999999999000146,9.99853971932174e-10
"264",0.999999874341078,1.25658922346586e-07
"265",0.999999962277145,3.77228553124495e-08
"266",0.999999999617201,3.82799017347482e-10
"267",0.999999999735959,2.64040878226332e-10
"268",0.999999882834579,1.17165420906202e-07
"269",0.999999923548951,7.64510487744696e-08
"270",0.999999936830379,6.31696209548828e-08
"271",0.999999964367277,3.56327231862103e-08
"272",0.999999967545281,3.24547187648026e-08
"273",0.999999967694564,3.23054361797034e-08
"274",0.999999866187112,1.33812887521434e-07
"275",0.999999925125757,7.48742425800974e-08
"276",0.999999820055539,1.79944461129554e-07
"277",0.999999519306489,4.80693510800897e-07
"278",0.999999054292378,9.45707621901237e-07
"279",0.999999033184044,9.66815955935071e-07
"280",0.999996522809648,3.47719035228898e-06
"281",0.99886292779346,0.00113707220653948
"282",0.999154587673721,0.000845412326278869
"283",0.99921003554306,0.000789964456939793
"284",0.999211427411109,0.000788572588891393
"285",0.999238083596182,0.000761916403817874
"286",0.99927690906837,0.000723090931630367
"287",0.999637482041723,0.000362517958276649
"288",0.999812337291984,0.000187662708016271
"289",0.999898400469122,0.000101599530877843
"290",0.999977630997484,2.23690025160403e-05
"291",0.999999521703005,4.78296994591939e-07
"292",0.99995549033109,4.45096689096381e-05
"293",0.999314689543746,0.00068531045625403
"294",0.999447787813428,0.000552212186571665
"295",0.999598068466197,0.000401931533803169
"296",0.999744055219552,0.000255944780448175
"297",0.99990369464085,9.63053591499212e-05
"298",0.999967339856664,3.26601433357443e-05
"299",0.999584278656259,0.000415721343741238
"300",0.999988835072267,1.11649277327749e-05
"301",0.999354616268227,0.000645383731773034
"302",0.999357590783711,0.000642409216288974
"303",0.999521502216723,0.000478497783277195
"304",0.999593825911333,0.000406174088666853
"305",0.99978736548611,0.000212634513889808
"306",0.999788242082043,0.000211757917956949
"307",0.999831297389025,0.000168702610974773
"308",0.999981515633096,1.84843669042964e-05
"309",0.999969913180413,3.00868195865634e-05
"310",0.999788145900721,0.000211854099279175
"311",0.99958948449496,0.000410515505039898
"312",0.999355579693572,0.000644420306428039
"313",0.999981509073401,1.84909265984678e-05
"314",0.999994323599277,5.67640072313631e-06
"315",0.999999023767897,9.76232102886465e-07
"316",0.999999616326252,3.83673748329651e-07
"317",0.999976786868798,2.32131312021472e-05
"318",0.999999330107513,6.69892487325549e-07
"319",0.999999570158163,4.29841837238229e-07
"320",0.999999694526319,3.05473680948099e-07
"321",0.999999963194637,3.68053628955497e-08
"322",0.999999981519322,1.84806776158424e-08
"323",0.999999993055088,6.94491201661178e-09
"324",0.999999996743519,3.25648129028825e-09
"325",0.999999998061257,1.93874292584965e-09
"326",0.99999999866096,1.3390399738989e-09
"327",0.999999998985034,1.01496605119027e-09
"328",0.999999999170196,8.29803994556355e-10
"329",0.999999999231695,7.68304945547824e-10
"330",0.99999999926042,7.39580056736249e-10
"331",0.999999999281926,7.18074086487095e-10
"332",0.999999999268703,7.31297187225372e-10
"333",0.99999996436822,3.56317799687493e-08
"334",0.999999998171487,1.82851263625083e-09
"335",0.99999999993462,6.53802592373718e-11
"336",0.99999999994553,5.44697190428741e-11
"337",0.999999999930185,6.98152087691303e-11
"338",0.999999996663631,3.33636914497764e-09
"339",0.999999999154537,8.4546272798308e-10
"340",0.999999999576219,4.2378089020876e-10
"341",0.999999996008729,3.99127075025883e-09
"342",0.999999998791448,1.20855239358809e-09
"343",0.999999998602865,1.39713500444461e-09
"344",0.999999971088791,2.8911209257535e-08
"345",0.999999915433037,8.45669628859705e-08
"346",0.999999844174705,1.55825294836271e-07
"347",0.999999911223447,8.87765529529732e-08
"348",0.999999999789467,2.10532903672806e-10
"349",0.999999697391653,3.02608347399034e-07
"350",0.999999849393037,1.50606962632988e-07
"351",0.999999880976478,1.19023521597207e-07
"352",0.999999998216575,1.78342495945273e-09
"353",0.998514051265117,0.00148594873488261
"354",0.999026902492388,0.000973097507612132
"355",0.999510735839502,0.000489264160497422
"356",0.999513726154717,0.000486273845282716
"357",0.999683921725042,0.000316078274957722
"358",0.999686128563238,0.00031387143676198
"359",0.999939870163875,6.01298361249255e-05
"360",0.999963140515501,3.6859484499199e-05
"361",0.999967098711957,3.29012880431967e-05
"362",0.999974141357539,2.5858642461006e-05
"363",0.99997465607318,2.53439268201941e-05
"364",0.99998578121275,1.42187872505041e-05
"365",0.999993204720226,6.79527977412217e-06
"366",0.999997904158214,2.09584178619128e-06
"367",0.999985938394361,1.40616056386317e-05
"368",0.99999444240544,5.55759456000503e-06
"369",0.99999581873829,4.18126170945902e-06
"370",0.999999301028573,6.98971427060562e-07
"371",0.999994013882774,5.98611722597734e-06
"372",0.999975193656183,2.48063438167933e-05
"373",0.999990807131715,9.19286828544779e-06
"374",0.999999404028168,5.95971831587698e-07
"375",0.999978675974713,2.13240252869436e-05
"376",0.999982899169523,1.71008304769136e-05
"377",0.999982974167731,1.70258322692145e-05
"378",0.999989380922833,1.06190771673503e-05
"379",0.999990901591087,9.09840891322353e-06
"380",0.999994734097493,5.26590250662031e-06
"381",0.999996695962041,3.30403795885766e-06
"382",0.999999006100097,9.93899903106704e-07
"383",0.999999094501298,9.05498701629503e-07
"384",0.999999112612785,8.8738721534484e-07
"385",0.999989435550203,1.05644497964678e-05
"386",0.999991090805847,8.9091941527237e-06
"387",0.999986931388972,1.30686110283242e-05
"388",0.99999073619325,9.26380674975084e-06
"389",0.999993380347539,6.61965246135035e-06
"390",0.999997591154923,2.40884507650086e-06
"391",0.999999031019284,9.68980716187722e-07
"392",0.999999039239902,9.60760098113538e-07
"393",0.999999699182861,3.00817139037976e-07
"394",0.999999965974758,3.40252421009077e-08
"395",0.99999998204622,1.79537795196538e-08
"396",0.999999999973709,2.62910189168642e-11
"397",0.999999987519164,1.24808356986265e-08
"398",0.999998484474425,1.51552557468487e-06
"399",0.99999982963341,1.70366589490033e-07
"400",0.999999843968528,1.56031471965579e-07
"401",0.999999953645546,4.63544543226488e-08
"402",0.999998972282539,1.02771746105094e-06
"403",0.999999986955776,1.30442241951776e-08
"404",0.999999990590526,9.40947400460755e-09
"405",0.999999318932309,6.81067690602137e-07
"406",0.999953822277899,4.61777221012357e-05
"407",0.999988112534396,1.18874656040357e-05
"408",0.999999488765485,5.11234514702571e-07
"409",0.999996905871528,3.09412847245363e-06
"410",0.999996966421617,3.03357838261271e-06
"411",0.999999030699881,9.69300118673502e-07
"412",0.999998967687174,1.03231282630425e-06
"413",0.999989934442513,1.00655574873404e-05
"414",0.999996681444085,3.31855591449891e-06
"415",0.999997322527951,2.67747204902163e-06
"416",0.99999776338192,2.23661807946125e-06
"417",0.999997821026465,2.17897353509331e-06
"418",0.999998669093591,1.3309064089975e-06
"419",0.999999489019364,5.10980636475931e-07
"420",0.999999778526435,2.21473565014932e-07
"421",0.999993243875162,6.7561248378232e-06
"422",0.9999964102921,3.5897079002901e-06
"423",0.999987050885445,1.29491145546717e-05
"424",0.999991871910685,8.12808931512262e-06
"425",0.999656748793568,0.000343251206431988
"426",0.999852704290772,0.000147295709227639
"427",0.99997372748933,2.62725106694702e-05
"428",0.999991676227237,8.32377276275781e-06
"429",0.999993932878421,6.06712157928963e-06
"430",0.999999999038456,9.61544213718322e-10
"431",0.999999119005376,8.80994624245168e-07
"432",0.9999920005839,7.99941610014923e-06
"433",0.99999926283498,7.37165020382548e-07
"434",0.999999485714048,5.14285952427986e-07
"435",0.999999948471527,5.1528472698319e-08
"436",0.999999963807171,3.61928286520217e-08
"437",0.999999967029307,3.29706927702299e-08
"438",0.999999968411263,3.15887374306463e-08
"439",0.999999967956735,3.20432648637238e-08
"440",0.999999882712758,1.17287241849264e-07
"441",0.999999897495613,1.02504387426185e-07
"442",0.999999876694746,1.2330525342235e-07
"443",0.99999710576383,2.89423617036425e-06
"444",0.999997187305875,2.81269412539438e-06
"445",0.999999077309041,9.22690958317583e-07
"446",0.999999338283815,6.61716184868981e-07
"447",0.999999848888426,1.51111573718797e-07
"448",0.99999994794127,5.20587300702809e-08
"449",0.999999950255086,4.97449138099978e-08
"450",0.99999995057698,4.94230195948392e-08
"451",0.999999917830537,8.21694632551801e-08
"452",0.999999934693247,6.53067529030498e-08
"453",0.99999925791547,7.42084530206791e-07
"454",0.999997450057397,2.549942602954e-06
"455",0.999998786417018,1.21358298189138e-06
"456",0.999999410323143,5.89676856517295e-07
"457",0.999937172312928,6.2827687071864e-05
"458",0.999956042433599,4.39575664009002e-05
"459",0.999979063787375,2.09362126254413e-05
"460",0.999962213442606,3.77865573937912e-05
"461",0.99997398676296,2.60132370403115e-05
"462",0.999974190766244,2.58092337563954e-05
"463",0.999980266648815,1.97333511845704e-05
"464",0.999982449340527,1.75506594726188e-05
"465",0.999982558285109,1.74417148912803e-05
"466",0.999982926231973,1.70737680266454e-05
"467",0.999997383449499,2.61655050136696e-06
"468",0.999997399504122,2.60049587772488e-06
"469",0.999998168457487,1.83154251250703e-06
"470",0.999998787296683,1.21270331725302e-06
"471",0.999999359476831,6.40523168496979e-07
"472",0.999999474810644,5.2518935583629e-07
"473",0.999998412444551,1.58755544856603e-06
"474",0.999998591194959,1.40880504096195e-06
"475",0.99999893643897,1.06356103028393e-06
"476",0.999998154622645,1.84537735546575e-06
"477",0.999997537142441,2.46285755896336e-06
"478",0.999998790087839,1.20991216067914e-06
"479",0.999999119526467,8.80473532620565e-07
"480",0.99999926533437,7.34665629556488e-07
"481",0.999999158715643,8.41284357010676e-07
"482",0.999999251879998,7.48120001368122e-07
"483",0.99999926098679,7.39013210381511e-07
"484",0.99998862255316,1.13774468397716e-05
"485",0.99999739900062,2.60099938022786e-06
"486",0.999998387681172,1.6123188285504e-06
"487",0.99999960332814,3.9667185981295e-07
"488",0.999999773847649,2.26152351322857e-07
"489",0.999999927283129,7.27168706265534e-08
"490",0.999999607934196,3.92065804281793e-07
"491",0.999999998579893,1.42010708797562e-09
"492",0.999995251779597,4.74822040316398e-06
"493",0.999997951429354,2.04857064578346e-06
"494",0.99999764918593,2.35081406964778e-06
"495",0.999998268643322,1.73135667793484e-06
"496",0.999999176529749,8.23470250695006e-07
"497",0.999999851184548,1.48815452041134e-07
"498",0.999999854401716,1.45598284537456e-07
"499",0.999999851669745,1.48330254751189e-07
"500",0.99999947097019,5.29029809654102e-07
"501",0.999999883564696,1.16435304161574e-07
"502",0.999999872548798,1.27451202173221e-07
"503",0.999999740209872,2.59790128062277e-07
"504",0.999999999619706,3.80294131254183e-10
"505",0.999999769293575,2.30706424825219e-07
"506",0.999999904819253,9.51807467155705e-08
"507",0.999999910165237,8.98347634088073e-08
"508",0.999999912224025,8.77759748739703e-08
"509",0.999999919105312,8.08946879322918e-08
"510",0.999999909023865,9.09761351645795e-08
"511",0.999999578049888,4.21950111472535e-07
"512",0.99999959541996,4.04580040236288e-07
"513",0.99999968412814,3.15871859867984e-07
"514",0.999999694979014,3.05020986092103e-07
"515",0.99999821695076,1.78304923992435e-06
"516",0.999998625681972,1.37431802776314e-06
"517",0.999999282851556,7.17148443767609e-07
"518",0.999999757053814,2.42946185865059e-07
"519",0.999999852432447,1.47567553051868e-07
"520",0.999988699345411,1.1300654588636e-05
"521",0.999993384234625,6.61576537472897e-06
"522",0.9999989900665,1.00993349961516e-06
"523",0.999999867380433,1.32619567259145e-07
"524",0.999999929096018,7.09039822822599e-08
"525",0.999999961662097,3.83379031256253e-08
"526",0.999999942356774,5.76432262726585e-08
"527",0.999999967840083,3.21599172053356e-08
"528",0.999738240251496,0.000261759748504301
"529",0.999893964696509,0.000106035303490447
"530",0.999926092003012,7.39079969878966e-05
"531",0.999957422896127,4.25771038734042e-05
"532",0.999979944537118,2.00554628825209e-05
"533",0.999882168116832,0.000117831883167798
"534",0.999955911516373,4.40884836271816e-05
"535",0.999967916605764,3.20833942362335e-05
"536",0.990023751491258,0.0099762485087418
"537",0.995510607174264,0.00448939282573582
"538",0.998259894844251,0.001740105155749
"539",0.99947746015163,0.000522539848369975
"540",0.999755944313814,0.000244055686185582
"541",0.999958304828686,4.16951713138353e-05
"542",0.999996257355161,3.7426448389161e-06
"543",0.999989571820821,1.04281791789959e-05
"544",0.999975679288629,2.43207113710983e-05
"545",0.9999955890958,4.41090420004935e-06
"546",0.999999421021945,5.78978054710348e-07
"547",0.999999457753627,5.42246372766716e-07
"548",0.999999890752526,1.09247473694367e-07
"549",0.999999903824079,9.61759209438316e-08
"550",0.999999910399675,8.96003251993469e-08
"551",0.999999913715483,8.62845169923992e-08
"552",0.999999919455932,8.0544068459131e-08
"553",0.999999930653936,6.93460642530525e-08
"554",0.99999996492654,3.50734603399603e-08
"555",0.9999999662396,3.37603999640716e-08
"556",0.999999966428771,3.35712287552518e-08
"557",0.999999550446557,4.49553442573902e-07
"558",0.999999911208208,8.87917919701094e-08
"559",0.999999918069476,8.19305245934102e-08
"560",0.999999936946686,6.30533139504146e-08
"561",0.999999922932193,7.70678067599371e-08
"562",0.999999977404391,2.25956089104277e-08
"563",0.9999999834566,1.65433999201296e-08
"564",0.999999999195208,8.04791514530969e-10
"565",0.999999999668579,3.31420657303767e-10
"566",0.999999999864789,1.35210661609192e-10
"567",0.999999999950069,4.99314106579203e-11
"568",0.999999999982589,1.74105582373740e-11
"569",0.999999999994974,5.02618510104362e-12
"570",0.99999999999814,1.85932618728904e-12
"571",0.999999999998187,1.81295047851217e-12
"572",0.999999999998377,1.62292251374029e-12
"573",0.999999999998129,1.87077422037802e-12
"574",0.999999999994806,5.19429449574986e-12
"575",0.999999999965522,3.447761624314e-11
"576",0.999999995339105,4.6608953321595e-09
"577",0.999999998966074,1.03392603173961e-09
"578",0.999999999503746,4.96253993988167e-10
"579",0.999999999545143,4.54857114723469e-10
"580",0.99999998331133,1.66886701369569e-08
"581",0.999999999846911,1.53088780672186e-10
"582",0.999999985488219,1.45117813570362e-08
"583",0.999999991821924,8.17807574145882e-09
"584",0.999999999466818,5.33182403545623e-10
"585",0.999999999607984,3.92016147507051e-10
"586",0.999999981221866,1.87781336668223e-08
"587",0.999999978272924,2.17270762532785e-08
"588",0.999999986909802,1.30901975893152e-08
"589",0.999999640482566,3.59517433746387e-07
"590",0.999999998541521,1.45847867085262e-09
"591",0.999999999036225,9.6377487263092e-10
"592",0.99999998328301,1.67169900305234e-08
"593",0.999999992205491,7.79450863584505e-09
"594",0.999999978595221,2.14047793005082e-08
"595",0.999999979803595,2.01964052209864e-08
"596",0.999999998565285,1.43471548367968e-09
"597",0.99999997635073,2.36492703502834e-08
"598",0.9999999954378,4.56219941734645e-09
"599",0.999999996715317,3.28468292715206e-09
"600",0.999999998990416,1.00958356781154e-09
"601",0.999999999198956,8.01044290092454e-10
"602",0.999999999799099,2.00900507976546e-10
"603",0.999999999858461,1.41538787095943e-10
"604",0.999999998734917,1.26508326819661e-09
"605",0.999999968491677,3.15083229556036e-08
"606",0.999999998180149,1.81985128033714e-09
"607",0.999999999759664,2.40336021159984e-10
"608",0.99999995875323,4.12467695165181e-08
"609",0.999999983869046,1.61309535517121e-08
"610",0.999999997879986,2.12001440371187e-09
"611",0.999999983042363,1.6957636983895e-08
"612",0.999999985313405,1.46865947962521e-08
"613",0.999999999804733,1.95267182618232e-10
"614",0.999999940398685,5.96013145804432e-08
"615",0.999999947588739,5.24112604733111e-08
"616",0.999999692934794,3.07065206346376e-07
"617",0.999999848013408,1.51986591572022e-07
"618",0.999999933462168,6.65378321220131e-08
"619",0.999999979208658,2.07913423529225e-08
"620",0.999999999845696,1.54303853851391e-10
"621",0.999999995845663,4.15433708739091e-09
"622",0.999999998927678,1.07232204215295e-09
"623",0.999999999985052,1.49478793216549e-11
"624",0.999999999999631,3.69027222124704e-13
"625",0.999999999999925,7.46621791082732e-14
"626",0.99999999999996,3.96665345076256e-14
"627",0.999999999999975,2.53694583382003e-14
"628",0.999999999999978,2.16736315562313e-14
"629",0.999999774797547,2.25202452642554e-07
"630",0.99999952748733,4.72512670341128e-07
"631",0.999999279401179,7.20598821316282e-07
"632",0.999995662409135,4.33759086493334e-06
"633",0.999999125250143,8.74749856717081e-07
"634",0.999999534989377,4.65010622606206e-07
"635",0.999999366552827,6.33447173468107e-07
"636",0.999999983073636,1.69263635428456e-08
"637",0.999999988353174,1.16468259379909e-08
"638",0.999999989794675,1.02053250190144e-08
"639",0.99999999465405,5.34594953326447e-09
"640",0.999983496017792,1.65039822082718e-05
"641",0.999991181549671,8.8184503291801e-06
"642",0.999997089795675,2.91020432538638e-06
"643",0.999656527738619,0.000343472261380493
"644",0.999859231904423,0.000140768095577073
"645",0.99994479129156,5.52087084404725e-05
"646",0.999985565277751,1.44347222487997e-05
"647",0.999996328911363,3.67108863719529e-06
"648",0.999996513625233,3.48637476715209e-06
"649",0.999996667720678,3.33227932229015e-06
"650",0.999999288953783,7.11046216963747e-07
"651",0.999999315433805,6.8456619454558e-07
"652",0.999999345979493,6.54020507352273e-07
"653",0.999996747534598,3.25246540237278e-06
"654",0.999998769533246,1.23046675353397e-06
"655",0.99999921171592,7.8828408038719e-07
"656",0.999999401453798,5.98546201903575e-07
"657",0.999999054536929,9.45463071037938e-07
"658",0.999999348200353,6.5179964725101e-07
"659",0.999999233733318,7.66266682054059e-07
"660",0.999999107930491,8.92069508527395e-07
"661",0.999999855201384,1.44798616088089e-07
"662",0.999999997182869,2.81713088786351e-09
"663",0.999999998368502,1.63149812124979e-09
"664",0.999999826011818,1.73988182094179e-07
"665",0.99999983520459,1.64795409752894e-07
"666",0.999999839525982,1.60474017623462e-07
"667",0.999999523928181,4.76071819178255e-07
"668",0.99999986397909,1.36020910079276e-07
"669",0.999999869843841,1.30156158996399e-07
"670",0.99999987798662,1.2201337972606e-07
"671",0.99999983075165,1.69248349780543e-07
"672",0.999999785576857,2.14423143360677e-07
"673",0.999999795701537,2.04298462584431e-07
"674",0.999997187124909,2.81287509061831e-06
"675",0.999997077635665,2.9223643346135e-06
"676",0.999861204139865,0.000138795860134559
"677",0.999687746554394,0.00031225344560579
"678",0.999966981485488,3.30185145123099e-05
"679",0.999980822314316,1.91776856838181e-05
"680",0.999990347754851,9.65224514921997e-06
"681",0.999995126357213,4.87364278692437e-06
"682",0.99999577011129,4.22988870972126e-06
"683",0.999981018116805,1.8981883195265e-05
"684",0.999989888420256,1.01115797439869e-05
"685",0.999994901379233,5.09862076664653e-06
"686",0.999971421763106,2.85782368934532e-05
"687",0.999988218034357,1.17819656428459e-05
"688",0.999988590675644,1.140932435544e-05
"689",0.999992356496159,7.64350384112719e-06
"690",0.999670216315972,0.000329783684027483
"691",0.999956392524002,4.36074759980369e-05
"692",0.9999911588711,8.84112890028206e-06
"693",0.999998211416133,1.78858386718343e-06
"694",0.999949886675105,5.01133248948135e-05
"695",0.999950715090164,4.928490983598e-05
"696",0.999982442952007,1.75570479923628e-05
"697",0.999950333293677,4.96667063228402e-05
"698",0.999997308482322,2.69151767819683e-06
"699",0.999999220842477,7.79157522538227e-07
"700",0.999999360626727,6.39373272964876e-07
"701",0.999999378554112,6.21445888421367e-07
"702",0.99999927213789,7.27862109618137e-07
"703",0.99999947483458,5.25165420005453e-07
"704",0.999999762852515,2.37147485215869e-07
"705",0.999999956634098,4.33659016445349e-08
"706",0.999999958958895,4.10411051516641e-08
"707",0.999997478996123,2.52100387704837e-06
"708",0.999997975303063,2.02469693717658e-06
"709",0.999999050623451,9.49376549335788e-07
"710",0.999999117591446,8.82408553942252e-07
"711",0.9999995637333,4.36266700093101e-07
"712",0.999999999714034,2.85965916763881e-10
"713",0.999998006031224,1.99396877603064e-06
"714",0.999998048037216,1.9519627844099e-06
"715",0.999998339418683,1.66058131710759e-06
"716",0.99995914840109,4.08515989100475e-05
"717",0.999977687968022,2.23120319780333e-05
"718",0.999917161210545,8.28387894546767e-05
"719",0.999981603669913,1.83963300869589e-05
"720",0.999982789156618,1.72108433822466e-05
"721",0.999992094082875,7.90591712473322e-06
"722",0.999993674948054,6.32505194581832e-06
"723",0.99999458717003,5.4128299703083e-06
"724",0.999996721203191,3.27879680927935e-06
"725",0.999998693803673,1.30619632701751e-06
"726",0.9999861538481,1.38461519001348e-05
"727",0.999990496366871,9.50363312860797e-06
"728",0.999998372935084,1.62706491574985e-06
"729",0.999998438213753,1.56178624695139e-06
"730",0.999998460411465,1.53958853516856e-06
"731",0.999995015142438,4.9848575619848e-06
"732",0.99999505292438,4.94707561991129e-06
"733",0.999997539193441,2.46080655863119e-06
"734",0.9999982260902,1.77390979996832e-06
"735",0.999999084773195,9.15226804823799e-07
"736",0.999998537101461,1.46289853929612e-06
"737",0.999995959473632,4.0405263681585e-06
"738",0.999998364165817,1.63583418276025e-06
"739",0.999988041912912,1.19580870874771e-05
"740",0.999994805092724,5.19490727591022e-06
"741",0.999996722851109,3.27714889112442e-06
"742",0.999993195393217,6.80460678319136e-06
"743",0.999994792962216,5.20703778438604e-06
"744",0.998050613650213,0.00194938634978681
"745",0.998885291518321,0.00111470848167904
"746",0.999133209429966,0.000866790570034075
"747",0.99973640615479,0.000263593845209637
"748",0.998736352275841,0.00126364772415865
"749",0.999951544219985,4.84557800146953e-05
"750",0.952937837676178,0.0470621623238217
"751",0.979260929573199,0.0207390704268005
"752",0.979546161915565,0.0204538380844351
"753",0.986730810760596,0.0132691892394041
"754",0.99685020502904,0.00314979497096036
"755",0.999623690910173,0.000376309089827143
"756",0.999894933115995,0.000105066884004884
"757",0.999999698794536,3.01205463749428e-07
"758",0.999929182977801,7.08170221988619e-05
"759",0.999984731384277,1.52686157226651e-05
"760",0.999983551131968,1.64488680316873e-05
"761",0.999875657207761,0.000124342792238606
"762",0.997803895613387,0.00219610438661257
"763",0.999847000485992,0.000152999514008175
"764",0.999993707615435,6.29238456514712e-06
"765",0.999975017475668,2.49825243322121e-05
"766",0.998908488156299,0.00109151184370053
"767",0.999808853942299,0.000191146057700947
"768",0.999843040287698,0.000156959712301654
"769",0.999975037528402,2.4962471598266e-05
"770",0.999885820133432,0.000114179866567813
"771",0.99998116860457,1.88313954296086e-05
"772",0.999987221904256,1.27780957439992e-05
"773",0.999991261725094,8.73827490582999e-06
"774",0.999998350589943,1.64941005710701e-06
"775",0.999985730482494,1.42695175064074e-05
"776",0.999992349757734,7.65024226576005e-06
"777",0.999996254778513,3.74522148727045e-06
"778",0.999997096393134,2.90360686608993e-06
"779",0.999981731512932,1.82684870675653e-05
"780",0.999997262374432,2.73762556751881e-06
"781",0.999961558418822,3.84415811785329e-05
"782",0.999681851072433,0.000318148927566961
"783",0.999925663217932,7.43367820677177e-05
"784",0.999973968578119,2.60314218805356e-05
"785",0.999995934249648,4.0657503515779e-06
"786",0.999999922882802,7.71171980471692e-08
"787",0.999999942694916,5.73050843705268e-08
"788",0.999999996274207,3.7257934638613e-09
"789",0.999999997675413,2.32458727107173e-09
"790",0.999999997659838,2.3401618629364e-09
"791",0.99999999827913,1.7208700284401e-09
"792",0.999999997300939,2.6990611003946e-09
"793",0.999999998691875,1.30812485166508e-09
"794",0.999999998592169,1.40783123857093e-09
"795",0.999999999382647,6.1735307981711e-10
"796",0.999999999496525,5.0347503068372e-10
"797",0.999999998941503,1.05849691795361e-09
"798",0.999986052329868,1.39476701320033e-05
"799",0.999994818918277,5.18108172274918e-06
"800",0.999770674555078,0.000229325444921734
"801",0.999913457538305,8.65424616952432e-05
"802",0.999974499301559,2.5500698440836e-05
"803",0.999992409186588,7.59081341200981e-06
"804",0.999999745037506,2.54962494235345e-07
"805",0.999999977909974,2.20900256405462e-08
"806",0.999993934128237,6.06587176272945e-06
"807",0.999995461780474,4.53821952557393e-06
"808",0.999997038852548,2.96114745167599e-06
"809",0.999982734304148,1.72656958516878e-05
"810",0.999990516420066,9.48357993358153e-06
"811",0.999993664329986,6.3356700139435e-06
"812",0.999995615641581,4.38435841894913e-06
"813",0.999999049422533,9.50577467099805e-07
"814",0.999999756083376,2.43916623555958e-07
"815",0.999998825993437,1.1740065627281e-06
"816",0.999999999614006,3.85994070534075e-10
"817",0.996943526975343,0.00305647302465733
"818",0.99966979931565,0.000330200684349496
"819",0.999958090744852,4.19092551481759e-05
"820",0.999998813150324,1.18684967613246e-06
"821",0.999682329925852,0.000317670074147801
"822",0.999912305898959,8.7694101040492e-05
"823",0.999964802079838,3.51979201623937e-05
"824",0.999998778525083,1.22147491722873e-06
"825",0.997802087315146,0.00219791268485405
"826",0.998655775604732,0.00134422439526764
"827",0.999835005688512,0.000164994311488172
"828",0.999863810311733,0.000136189688267178
"829",0.999978389298802,2.16107011981709e-05
"830",0.999991312702671,8.68729732917595e-06
"831",0.999994435397729,5.56460227134885e-06
"832",0.999997339869555,2.66013044456341e-06
"833",0.99999947035108,5.29648919462825e-07
"834",0.999994754249993,5.24575000649334e-06
"835",0.99999835379639,1.64620360973029e-06
"836",0.999881420354007,0.000118579645993321
"837",0.999936469869121,6.35301308791438e-05
"838",0.999956315557473,4.36844425267884e-05
"839",0.999965671133227,3.43288667726247e-05
"840",0.999986972741913,1.30272580870339e-05
"841",0.99952573261099,0.00047426738900974
"842",0.999752672977174,0.000247327022825707
"843",0.999950133236185,4.98667638152379e-05
"844",0.999904297574721,9.57024252790888e-05
"845",0.998113794243995,0.00188620575600507
"846",0.999790456985208,0.000209543014792373
"847",0.999811444875193,0.000188555124806791
"848",0.999824333017975,0.000175666982025109
"849",0.99999620681511,3.79318488989677e-06
"850",0.999798345203749,0.000201654796250944
"851",0.961375270465977,0.0386247295340227
"852",0.998616970219848,0.0013830297801522
"853",0.92379605503516,0.0762039449648398
"854",0.978090950440099,0.0219090495599007
"855",0.99847965766033,0.00152034233967044
"856",0.999783126964925,0.000216873035074716
"857",0.999908681544814,9.13184551855346e-05
"858",0.999924957809042,7.50421909575428e-05
"859",0.999990139998468,9.86000153225824e-06
"860",0.999963633377131,3.63666228690966e-05
"861",0.999974933593765,2.50664062350869e-05
"862",0.999914967824183,8.50321758175049e-05
"863",0.999993287657779,6.71234222096584e-06
"864",0.991467812937412,0.00853218706258819
"865",0.999994337837501,5.66216249877341e-06
"866",0.999999341399246,6.58600754033075e-07
"867",0.999938668601164,6.13313988354972e-05
"868",0.999939174597883,6.08254021173118e-05
"869",0.999995464129411,4.53587058859859e-06
"870",0.975988262719185,0.0240117372808145
"871",0.999296886223979,0.000703113776021212
"872",0.999452977153609,0.000547022846390589
"873",0.999976163782352,2.38362176477169e-05
"874",0.999983985104228,1.60148957721427e-05
"875",0.999993699386608,6.30061339236952e-06
"876",0.999703703000579,0.000296296999420563
"877",0.999951944884039,4.80551159604513e-05
"878",0.998847686420672,0.00115231357932757
"879",0.999840149505359,0.000159850494640942
"880",0.999555482592239,0.000444517407760541
"881",0.999790736138388,0.000209263861612332
"882",0.999920499757152,7.95002428473919e-05
"883",0.999985552463927,1.44475360731182e-05
"884",0.999994479454412,5.52054558789751e-06
"885",0.00956028146489461,0.990439718535105
"886",0.840246391529376,0.159753608470624
"887",0.998642145653583,0.00135785434641691
"888",0.966051212132535,0.0339487878674654
"889",0.987045701044039,0.0129542989559607
"890",0.999335570102437,0.000664429897562634
"891",0.999344900181005,0.000655099818994695
"892",0.00599318241996095,0.994006817580039
"893",2.32927828192014e-06,0.999997670721718
"894",8.54535695009158e-08,0.99999991454643
"895",0.00660265766014337,0.993397342339857
"896",0.00758552292292974,0.99241447707707
"897",0.00348057921107032,0.99651942078893
"898",0.00377811670279501,0.996221883297205
"899",0.000622728373078648,0.999377271626921
"900",8.29801677279819e-05,0.999917019832272
"901",1.82858565970164e-05,0.999981714143403
"902",3.98757639943961e-06,0.9999960124236
"903",0.000904997331190145,0.99909500266881
"904",2.72312061910306e-05,0.999972768793809
"905",1.84025993714006e-06,0.999998159740063
"906",0.967527540267545,0.0324724597324553
"907",0.99513628490558,0.00486371509441986
"908",0.00729995499757296,0.992700045002427
"909",0.000828253009021098,0.999171746990979
"910",0.000177536962777771,0.999822463037222
"911",0.00917027508123823,0.990829724918762
"912",0.000205798732528253,0.999794201267472
"913",0.00288585772339907,0.997114142276601
"914",0.00251890255650838,0.997481097443492
"915",0.000167847687372195,0.999832152312628
"916",2.15745213405219e-05,0.999978425478659
"917",1.36686470454231e-05,0.999986331352955
"918",1.77275640298507e-06,0.999998227243597
"919",6.17525686086852e-07,0.999999382474314
"920",3.05441171289067e-07,0.999999694558829
"921",1.78388544986951e-08,0.999999982161145
"922",7.03249918541996e-09,0.999999992967501
"923",5.02865609449731e-09,0.999999994971344
"924",2.42909573055295e-09,0.999999997570904
"925",9.16970236628373e-08,0.999999908302976
"926",4.93054118849149e-08,0.999999950694588
"927",1.03910111447747e-07,0.999999896089889
"928",1.80454806134146e-09,0.999999998195452
"929",5.40930051328684e-10,0.99999999945907
"930",4.87778123365627e-10,0.999999999512222
"931",1.46256925615168e-09,0.999999998537431
"932",4.15883409714537e-09,0.999999995841166
"933",2.42624296362453e-07,0.999999757375704
"934",9.1668064616832e-10,0.999999999083319
"935",1.72244208967202e-09,0.999999998277558
"936",3.64179117227423e-08,0.999999963582088
"937",2.80584524564937e-08,0.999999971941548
"938",3.01078754231084e-09,0.999999996989212
"939",1.17739869979064e-08,0.999999988226013
"940",3.26696433116303e-07,0.999999673303567
"941",1.39324983378807e-07,0.999999860675016
"942",1.64293748196156e-07,0.999999835706252
"943",9.31824293503099e-08,0.999999906817571
"944",1.3673407547565e-07,0.999999863265924
"945",1.68986397191544e-08,0.99999998310136
"946",1.27522709125073e-08,0.999999987247729
"947",1.08960413711366e-07,0.999999891039586
"948",2.85616675763246e-08,0.999999971438332
"949",2.74945324935421e-09,0.999999997250547
"950",2.10491490387524e-09,0.999999997895085
"951",1.30316083468215e-10,0.999999999869684
"952",1.58713800397457e-10,0.999999999841286
"953",3.54960399384801e-08,0.99999996450396
"954",3.68647147107666e-09,0.999999996313529
"955",5.9232099236427e-08,0.999999940767901
"956",1.09423920525703e-07,0.999999890576079
"957",2.88767289267836e-09,0.999999997112327
"958",5.6574960301712e-11,0.999999999943425
"959",4.93843862501384e-10,0.999999999506156
"960",3.20779391852586e-10,0.99999999967922
"961",2.8005522259576e-10,0.999999999719945
"962",5.69757273773293e-10,0.999999999430243
"963",2.64231697657607e-11,0.999999999973577
"964",1.4430637819501e-10,0.999999999855693
"965",1.71844637700817e-08,0.999999982815536
"966",2.16483476301237e-08,0.999999978351652
"967",2.01394976283598e-08,0.999999979860502
"968",1.72264609413835e-08,0.999999982773539
"969",6.56375273694137e-10,0.999999999343625
"970",8.47878615959306e-11,0.999999999915212
"971",3.97324013033244e-11,0.999999999960268
"972",1.21421354165184e-07,0.999999878578646
"973",2.25820263127958e-09,0.999999997741797
"974",3.89751314100419e-08,0.999999961024869
"975",6.88943165906242e-08,0.999999931105683
"976",5.18438450829738e-10,0.999999999481561
"977",9.58370304330717e-11,0.999999999904163
"978",5.12020262770619e-11,0.999999999948798
"979",2.20299229141232e-11,0.99999999997797
"980",5.75283095374761e-10,0.999999999424717
"981",3.64019192428679e-08,0.999999963598081
"982",8.73777825273732e-09,0.999999991262222
"983",1.02506741989024e-08,0.999999989749326
"984",1.81538734740786e-10,0.999999999818461
"985",2.20307912079127e-08,0.999999977969209
"986",4.01200939693948e-10,0.999999999598799
"987",1.27559957520522e-08,0.999999987244004
"988",1.45948479883531e-08,0.999999985405152
"989",5.12011805518081e-06,0.999994879881945
"990",5.72254268974331e-06,0.99999427745731
"991",0.00135317264967144,0.998646827350329
"992",0.827055188902918,0.172944811097082
"993",0.888751307464254,0.111248692535746
"994",0.902051908622399,0.0979480913776013
"995",4.10790815778924e-06,0.999995892091842
"996",6.25258310136644e-07,0.99999937474169
"997",7.90795779760074e-07,0.99999920920422
"998",9.89434538648011e-07,0.999999010565461
"999",2.39094430208127e-06,0.999997609055698
"1000",2.68640995300865e-06,0.999997313590047
"1001",9.50840783573423e-06,0.999990491592164
"1002",7.6167744030725e-06,0.999992383225597
"1003",5.5724957762246e-06,0.999994427504224
"1004",6.67962902723517e-07,0.999999332037097
"1005",1.56157241852701e-05,0.999984384275815
"1006",6.37234952791854e-06,0.999993627650472
"1007",1.16677089724568e-05,0.999988332291027
"1008",9.92366629481686e-06,0.999990076333705
"1009",1.52999033684792e-05,0.999984700096632
"1010",0.00274032995456876,0.997259670045431
"1011",8.58805350392374e-05,0.999914119464961
"1012",0.0027219801962281,0.997278019803772
"1013",0.00285346599319854,0.997146534006802
"1014",0.00297981615197629,0.997020183848024
"1015",0.00289884030456936,0.997101159695431
"1016",0.000306246953077676,0.999693753046922
"1017",1.00156920117781e-05,0.999989984307988
"1018",2.57581244191263e-06,0.999997424187558
"1019",8.7649012385319e-07,0.999999123509876
"1020",1.7556719409008e-06,0.999998244328059
"1021",3.10055852697995e-06,0.999996899441473
"1022",8.87850141656041e-07,0.999999112149858
"1023",5.11141778033036e-06,0.99999488858222
"1024",5.07691936121102e-07,0.999999492308064
"1025",0.00780103304820468,0.992198966951795
"1026",0.00821997344310826,0.991780026556892
"1027",0.000135334720111151,0.999864665279889
"1028",0.977154614024963,0.0228453859750366
"1029",0.999875101479406,0.000124898520593885
"1030",0.000909047455858112,0.999090952544142
"1031",0.000301609241553421,0.999698390758446
"1032",2.23173691118317e-05,0.999977682630888
"1033",0.457695835717715,0.542304164282285
"1034",0.0321149724639627,0.967885027536037
"1035",0.0373740702787064,0.962625929721294
"1036",0.737816098699908,0.262183901300092
"1037",0.780122610363895,0.219877389636105
"1038",0.945516584849915,0.0544834151500854
"1039",0.866590780805463,0.133409219194537
"1040",0.0315467338160151,0.968453266183985
